,Index,Check,filename,Text,Presence confirm
0,0,True,foodnetwork_0,Do not sell or share my personal information,Yes
1,1,True,,,
2,2,True,food_2,Do not sell or share my personal information,Yes
3,3,True,,,
4,4,True,safeway_4,Do not sell or share my personal information,Yes
5,5,True,seriouseats_5,Do not sell my personal information,Yes
6,6,True,,,
7,7,True,eater_7,Do not sell or share my personal information,Yes
8,8,True,thrillist_8,Do not sell or share my personal information,Yes
9,9,True,myrecipes_9,California residents: do not sell my info,Yes
10,10,True,,,
11,11,True,tasteofhome_11,California residents: do not sell my info,Yes
12,12,True,,,
13,13,True,marthastewart_13,California residents: do not sell my info,Yes
14,14,True,,,
15,15,True,,,
16,16,True,,,
17,17,True,grubhub_17,Do not sell my personal information,Yes
18,18,True,grubhub_18,Do not sell my personal information,Yes
19,19,True,seamless_19,Do not sell my personal information,Yes
20,20,True,,,
21,21,True,com_21,Do not sell or share my personal information,Yes
22,22,True,doordash_22,Do not sell or share my personal information,Yes
23,23,True,,,
24,24,True,trycaviar_24,Do not sell or share my personal information,Yes
25,25,True,,,
26,26,True,safeway_26,Do not sell or share my personal information,Yes
27,27,True,,,
28,28,True,,,
29,29,True,,,
30,30,True,,,
31,31,True,berries_31,Do not sell my personal information,Yes
32,32,True,harryanddavid_32,Do not sell or share my personal information,Yes
33,33,True,,,
34,34,True,albertsons_34,Do not sell or share my personal information,Yes
35,35,True,dominos_35,Do not sell or share my personal information,Yes
36,36,True,,,
37,37,True,,,
38,38,True,,,
39,39,True,mcdonalds_39,Do not sell or share my personal information,Yes
40,40,True,subway_40,Do not sell my personal information,Yes
41,41,True,olivegarden_41,Do not sell or share my personal information,Yes
42,42,True,,,
43,43,True,jimmyjohns_43,Do not sell my personal information,Yes
44,44,True,,,
45,45,True,,,
46,46,True,,,
47,47,True,,,
48,48,True,,,
49,49,True,,,
50,50,True,com_50,California residents: do not sell my info,Yes
51,51,True,livestrong_51,Do not sell my personal information,Yes
52,52,True,myfitnesspal_52,Do not sell my personal information,Yes
53,53,True,,,
54,54,True,weightwatchers_54,Do not sell my personal information,Yes
55,55,True,,,
56,56,True,,,
57,57,True,,,
58,58,True,,,
59,59,True,,,
60,60,True,,,
61,61,True,,,
62,62,True,healthgrades_62,Do not sell my personal information,Yes
63,63,True,,,
64,64,True,,,
65,65,True,,,
66,66,True,,,
67,67,True,,,
68,68,True,,,
69,69,True,medicinenet_69,Do not sell my personal information,Yes
70,70,True,,,
71,71,True,,,
72,72,True,,,
73,73,True,,,
74,74,True,everydayhealth_74,Do not sell my personal information,Yes
75,75,True,,,
76,76,True,walgreens_76,Do not sell or share my personal information,Yes
77,77,True,cvs_77,Do not sell or share my personal information,Yes
78,78,True,rxlist_78,Do not sell my personal information,Yes
79,79,True,,,
80,80,True,riteaid_80,Do not sell or share my personal information,Yes
81,81,False,,,
82,82,True,,,
83,83,True,,,
84,84,True,,,
85,85,True,,,
86,86,True,,,
87,87,True,everydayhealth_87,Do not sell my personal information,Yes
88,88,True,shape_88,Do not sell my personal information,Yes
89,89,True,,,
90,90,True,,,
91,91,True,,,
92,92,True,,,
93,93,True,,,
94,94,True,,,
95,95,True,,,
96,96,True,,,
97,97,True,redbubble_97,Do not sell my personal information,Yes
98,98,True,1stdibs_98,Do not sell my personal information,Yes
99,99,True,,,
100,100,True,,,
101,101,True,,,
102,102,True,artsy_102,Do not sell my personal information,Yes
103,103,True,,,
104,104,True,saatchiart_104,Do not sell my personal information,Yes
105,105,True,,,
106,106,True,,,
107,107,True,potterybarn_107,Do not sell my personal information,Yes
108,108,True,,,
109,109,True,,,
110,110,True,biglots_110,Do not sell my personal information,Yes
111,111,True,worldmarket_111,Do not sell or share my personal information,Yes
112,112,True,ashleyfurniture_112,Do not sell or share my personal information,Yes
113,113,True,sleepnumber_113,Do not sell or share my personal information,Yes
114,114,True,,,
115,115,True,,,
116,116,True,treehugger_116,Do not sell my personal information,Yes
117,117,True,gardenweb_117,Do not sell my personal information,Yes
118,118,True,,,
119,119,True,houzz_119,Do not sell my personal information,Yes
120,120,True,hgtv_120,Do not sell or share my personal information,Yes
121,121,True,,,
122,122,True,,,
123,123,True,marthastewart_123,California residents: do not sell my info,Yes
124,124,True,,,
125,125,True,bhg_125,Do not sell my personal information,Yes
126,126,True,curbed_126,Do not sell or share my personal information,Yes
127,127,True,,,
128,128,True,,,
129,129,True,,,
130,130,True,hobbylobby_130,Do not sell or share my personal information,Yes
131,131,True,joann_131,Do not sell my personal information,Yes
132,132,True,craftsy_132,Do not sell my personal information,Yes
133,133,True,,,
134,134,True,,,
135,135,True,officedepot_135,Do not sell my personal information,Yes
136,136,True,staples_136,Do not sell or share my personal information,Yes
137,137,True,vistaprint_137,Do not sell my personal information,Yes
138,138,True,,,
139,139,True,,,
140,140,True,,,
141,141,True,com_141,Do not sell my personal information,Yes
142,142,True,dailywire_142,Do not sell or share my personal information,Yes
143,143,True,,,
144,144,True,,,
145,145,True,,,
146,146,True,,,
147,147,True,,,
148,148,True,com_148,California residents: do not sell my info,Yes
149,149,True,,,
150,150,True,theblaze_150,Do not sell or share my personal information,Yes
151,151,True,,,
152,152,True,com_152,Do not sell my personal information,Yes
153,153,True,,,
154,154,True,,,
155,155,True,,,
156,156,True,,,
157,157,True,,,
158,158,True,huffpost_158,Do not sell or share my personal information,Yes
159,159,True,nytimes_159,Do not sell or share my personal information,Yes
160,160,True,politico_160,Do not sell my personal information,Yes
161,161,True,,,
162,162,True,,,
163,163,True,go_163,Do not sell or share my personal information,Yes
164,164,True,dailykos_164,Do not sell my personal information,Yes
165,165,True,,,
166,166,True,com_166,Do not sell my personal information,Yes
167,167,True,theatlantic_167,Do not sell my personal information,Yes
168,168,True,,,
169,169,True,nbcnews_169,Do not sell my personal information,Yes
170,170,True,,,
171,171,True,,,
172,172,True,,,
173,173,True,,,
174,174,True,,,
175,175,True,,,
176,176,True,,,
177,177,True,nytimes_177,Do not sell or share my personal information,Yes
178,178,True,dailymail_178,Do not sell or share my personal information,Yes
179,179,True,com_179,Do not sell my personal information,Yes
180,180,True,,,
181,181,True,,,
182,182,True,,,
183,183,True,,,
184,184,True,latimes_184,Do not sell my personal information,Yes
185,185,True,,,
186,186,True,kickstarter_186,Do not sell my personal information,Yes
187,187,True,gofundme_187,Do not sell my personal information,Yes
188,188,True,,,
189,189,True,,,
190,190,True,,,
191,191,True,,,
192,192,True,,,
193,193,True,,,
194,194,True,,,
195,195,True,petco_195,Do not sell my personal information,Yes
196,196,True,,,
197,197,True,,,
198,198,True,hillspet_198,Do not sell my personal information,Yes
199,199,True,,,
200,200,True,,,
201,201,True,,,
202,202,True,,,
203,203,True,,,
204,204,True,,,
205,205,True,petfinder_205,Do not sell or share my personal information,Yes
206,206,True,petco_206,Do not sell my personal information,Yes
207,207,True,,,
208,208,True,adoptapet_208,Do not sell my personal information,Yes
209,209,True,,,
210,210,True,,,
211,211,True,,,
212,212,True,,,
213,213,True,,,
214,214,True,,,
215,215,True,dogster_215,Do not sell my personal information,Yes
216,216,True,,,
217,217,True,,,
218,218,True,thedodo_218,Do not sell or share my personal information,Yes
219,219,True,,,
220,220,True,,,
221,221,True,,,
222,222,True,,,
223,223,True,overstock_223,Do not sell my personal information,Yes
224,224,True,scribd_224,Do not sell or share my personal information,Yes
225,225,False,,,
226,226,True,,,
227,227,True,,,
228,228,True,,,
229,229,True,,,
230,230,True,springer_230,Do not sell my personal information,Yes
231,231,True,,,
232,232,True,,,
233,233,True,chegg_233,Do not sell my personal information,Yes
234,234,True,,,
235,235,True,scholastic_235,Do not sell my personal information,Yes
236,236,True,,,
237,237,True,,,
238,238,True,publishersweekly_238,Do not sell my personal information,Yes
239,239,True,,,
240,240,True,,,
241,241,True,,,
242,242,True,,,
243,243,True,,,
244,244,True,,,
245,245,True,,,
246,246,True,,,
247,247,True,,,
248,248,True,,,
249,249,True,,,
250,250,True,,,
251,251,True,,,
252,252,True,kobo_252,Do not sell or share my personal information,Yes
253,253,True,com_253,Do not sell my personal information,No
254,254,True,,,
255,255,True,com_255,Do not sell my personal information,Yes
256,256,True,,,
257,257,True,,,
258,258,True,oreilly_258,Do not sell my personal information,Yes
259,259,False,,,
260,260,True,,,
261,261,True,cengage_261,Do not sell my personal information,Yes
262,262,True,,,
263,263,True,,,
264,264,True,,,
265,265,True,,,
266,266,True,,,
267,267,True,,,
268,268,True,,,
269,269,True,yellowpages_269,Do not sell my personal information,Yes
270,270,True,whitepages_270,Do not sell my personal information,Yes
271,271,True,,,
272,272,True,,,
273,273,True,,,
274,274,True,angi_274,Do not sell my personal information,Yes
275,275,True,homeadvisor_275,Do not sell my personal information,Yes
276,276,True,superpages_276,Do not sell my personal information,Yes
277,277,True,thumbtack_277,Do not sell or share my personal information,Yes
278,278,True,,,
279,279,True,,,
280,280,True,addresses_280,Do not sell my personal information,Yes
281,281,True,,,
282,282,True,,,
283,283,True,,,
284,284,True,,,
285,285,True,,,
286,286,True,,,
287,287,True,,,
288,288,True,,,
289,289,True,boattrader_289,Do not sell my personal information,Yes
290,290,True,,,
291,291,True,,,
292,292,True,,,
293,293,True,com_293,Do not sell my personal information,Yes
294,294,True,groupon_294,Do not sell or share my personal information,Yes
295,295,True,net_295,Do not sell my personal information,Yes
296,296,True,retailmenot_296,Do not sell my personal information,Yes
297,297,True,,,
298,298,True,,,
299,299,True,rakuten_299,Do not sell my personal information,Yes
300,300,True,zulily_300,Do not sell or share my personal information,Yes
301,301,True,com_301,Do not sell my personal information,Yes
302,302,True,us_302,Do not sell or share my personal information,Yes
303,303,True,offers_303,Do not sell my personal information,Yes
304,304,True,dealnews_304,,No
305,305,True,,,
306,306,True,,,
307,307,True,,,
308,308,True,,,
309,309,True,,,
310,310,True,livingsocial_310,Do not sell or share my personal information,Yes
311,311,True,net_311,Do not sell my personal information,Yes
312,312,True,bizrate_312,Do not sell my personal information,Yes
313,313,True,,,
314,314,True,,,
315,315,True,,,
316,316,True,rakuten_316,Do not sell my personal information,Yes
317,317,True,,,
318,318,True,,,
319,319,True,mysimon_319,Do not sell my personal information,Yes
320,320,True,,,
321,321,True,shop_321,Do not sell my personal information,Yes
322,322,True,,,
323,323,True,,,
324,324,True,,,
325,325,True,com_325,Do not sell my personal information,Yes
326,326,True,,,
327,327,True,,,
328,328,True,,,
329,329,True,,,
330,330,True,,,
331,331,True,,,
332,332,True,,,
333,333,True,,,
334,334,True,dollardays_334,Do not sell my personal information,Yes
335,335,True,,,
336,336,True,,,
337,337,False,,,
338,338,True,,,
339,339,True,,,
340,340,True,,,
341,341,True,,,
342,342,True,,,
343,343,True,,,
344,344,True,ebay_344,Do not sell my personal information,Yes
345,345,True,,,
346,346,True,,,
347,347,True,netflix_347,Do not sell or share my personal information,Yes
348,348,True,,,
349,349,True,,,
350,350,True,,,
351,351,True,bestbuy_351,Do not sell or share my personal information,Yes
352,352,True,,,
353,353,True,homedepot_353,Do not sell or share my personal information,Yes
354,354,True,,,
355,355,True,,,
356,356,True,groupon_356,Do not sell or share my personal information,Yes
357,357,True,macys_357,Do not sell or share my personal information,Yes
358,358,True,net_358,Do not sell my personal information,Yes
359,359,True,,,
360,360,True,,,
361,361,True,,,
362,362,True,,,
363,363,True,,,
364,364,True,kohls_364,Do not sell or share my personal information,Yes
365,365,True,jcpenney_365,Do not sell my personal information,Yes
366,366,True,sears_366,Do not sell my personal information,Yes
367,367,True,,,
368,368,True,cabelas_368,Do not sell my personal information,Yes
369,369,True,,,
370,370,True,,,
371,371,True,,,
372,372,True,,,
373,373,True,neimanmarcus_373,Do not sell my personal information,Yes
374,374,True,,,
375,375,True,biglots_375,Do not sell my personal information,Yes
376,376,True,,,
377,377,True,belk_377,Do not sell or share my personal information,Yes
378,378,True,burlington_378,Do not sell or share my personal information,Yes
379,379,True,,,
380,380,True,horoscope_380,Do not sell my personal information,Yes
381,381,True,space_381,Do not sell my personal information,Yes
382,382,True,astrology_382,Do not sell my personal information,Yes
383,383,True,,,
384,384,True,,,
385,385,True,,,
386,386,True,,,
387,387,True,,,
388,388,True,,,
389,389,True,,,
390,390,True,,,
391,391,True,,,
392,392,True,,,
393,393,True,,,
394,394,True,,,
395,395,True,sunsigns_395,Do not sell my personal information,Yes
396,396,True,,,
397,397,True,,,
398,398,True,,,
399,399,True,,,
400,400,True,nature_400,Do not sell my personal information,Yes
401,401,True,,,
402,402,True,biomedcentral_402,Do not sell my personal information,Yes
403,403,True,innerbody_403,Do not sell my personal information,Yes
404,404,True,,,
405,405,True,,,
406,406,True,,,
407,407,True,,,
408,408,True,,,
409,409,True,,,
410,410,True,,,
411,411,True,,,
412,412,True,,,
413,413,True,,,
414,414,True,,,
415,415,True,,,
416,416,True,,,
417,417,True,,,
418,418,True,,,
419,419,True,,,
420,420,True,webqc_420,Do not sell my personal information,Yes
421,421,True,webqc_421,Do not sell my personal information,Yes
422,422,True,,,
423,423,True,,,
424,424,True,,,
425,425,True,livescience_425,Do not sell my personal information,Yes
426,426,True,nature_426,Do not sell my personal information,Yes
427,427,True,,,
428,428,True,treehugger_428,Do not sell my personal information,Yes
429,429,True,,,
430,430,True,,,
431,431,True,,,
432,432,True,,,
433,433,True,,,
434,434,True,,,
435,435,True,,,
436,436,True,,,
437,437,True,,,
438,438,True,,,
439,439,True,,,
440,440,True,,,
441,441,True,,,
442,442,True,,,
443,443,True,,,
444,444,True,howstuffworks_444,Do not sell my personal information,Yes
445,445,True,autodesk_445,Do not sell or share my personal information,Yes
446,446,True,space_446,Do not sell my personal information,Yes
447,447,True,,,
448,448,True,,,
449,449,True,,,
450,450,True,,,
451,451,True,,,
452,452,True,,,
453,453,True,,,
454,454,True,d2l_454,Do not sell my personal information,Yes
455,455,True,,,
456,456,True,,,
457,457,True,,,
458,458,True,,,
459,459,True,,,
460,460,True,,,
461,461,True,,,
462,462,True,,,
463,463,True,,,
464,464,True,,,
465,465,True,,,
466,466,True,,,
467,467,True,,,
468,468,True,,,
469,469,True,,,
470,470,True,,,
471,471,True,,,
472,472,True,,,
473,473,True,,,
474,474,True,,,
475,475,True,,,
476,476,True,,,
477,477,True,,,
478,478,True,nba_478,Do not sell my personal information,Yes
479,479,True,,,
480,480,True,,,
481,481,True,com_481,Do not sell my personal information,Yes
482,482,True,com_482,Do not sell my personal information,Yes
483,483,True,,,
484,484,True,,,
485,485,True,,,
486,486,True,,,
487,487,True,nbcsports_487,Do not sell my personal information,Yes
488,488,True,patriots_488,Do not sell or share my personal information,Yes
489,489,True,,,
490,490,True,nflshop_490,Do not sell or share my personal information,Yes
491,491,True,,,
492,492,True,,,
493,493,True,active_493,Do not sell my personal information,Yes
494,494,True,,,
495,495,True,,,
496,496,True,,,
497,497,True,,,
498,498,True,mapmyrun_498,Do not sell my personal information,Yes
499,499,True,espn_499,Do not sell or share my personal information,Yes
500,500,True,,,
501,501,True,,,
502,502,True,,,
503,503,True,mlb_503,Do not sell my personal information,Yes
504,504,True,,,
505,505,True,cbssports_505,Do not sell my personal information,Yes
506,506,True,,,
507,507,True,sbnation_507,Do not sell or share my personal information,Yes
508,508,True,cloudflare_508,Do not sell or share my personal information,Yes
509,509,True,,,
510,510,True,,,
511,511,True,,,
512,512,True,,,
513,513,True,,,
514,514,True,,,
515,515,True,,,
516,516,True,,,
517,517,True,,,
518,518,True,,,
519,519,True,,,
520,520,True,,,
521,521,True,,,
522,522,True,,,
523,523,True,,,
524,524,True,,,
525,525,True,,,
526,526,True,ask_526,Do not sell my personal information,Yes
527,527,True,,,
528,528,True,,,
529,529,True,,,
530,530,True,,,
531,531,True,,,
532,532,True,,,
533,533,True,,,
534,534,True,,,
535,535,True,,,
536,536,True,,,
537,537,True,southwest_537,Do not sell or share my personal information,Yes
538,538,True,,,
539,539,True,,,
540,540,True,,,
541,541,True,,,
542,542,True,jetblue_542,Do not sell my personal information,Yes
543,543,True,,,
544,544,True,,,
545,545,True,,,
546,546,True,,,
547,547,True,,,
548,548,True,,,
549,549,True,,,
550,550,True,lufthansa_550,Do not sell my personal information,Yes
551,551,True,,,
552,552,True,kayak_552,Do not sell or share my personal information,Yes
553,553,True,,,
554,554,True,lonelyplanet_554,Do not sell or share my personal information,Yes
555,555,True,skyscanner_555,Do not sell my personal information,Yes
556,556,True,hotwire_556,Do not sell my personal information,Yes
557,557,True,cheapoair_557,Do not sell my personal information,Yes
558,558,True,,,
559,559,True,,,
560,560,True,,,
561,561,True,,,
562,562,True,,,
563,563,True,,,
564,564,True,airfarewatchdog_564,,Yes
565,565,True,,,
566,566,True,onetravel_566,Do not sell my personal information,Yes
567,567,True,,,
568,568,True,,,
569,569,True,,,
570,570,True,marriott_570,Do not sell my personal information,Yes
571,571,True,hilton_571,Do not sell my personal information,Yes
572,572,True,ihg_572,Do not sell or share my personal information,Yes
573,573,True,,,
574,574,True,,,
575,575,True,marriott_575,Do not sell my personal information,Yes
576,576,True,choicehotels_576,Do not sell my personal information,Yes
577,577,True,,,
578,578,True,trivago_578,Do not sell my personal information,Yes
579,579,True,thrillist_579,Do not sell or share my personal information,Yes
580,580,True,timeout_580,Do not sell my personal information,Yes
581,581,True,,,
582,582,True,travelandleisure_582,Do not sell my personal information,Yes
583,583,True,travelchannel_583,Do not sell or share my personal information,Yes
584,584,True,,,
585,585,True,saveur_585,Do not sell my personal information,Yes
586,586,True,,,
587,587,True,,,
588,588,True,,,
589,589,True,,,
590,590,True,,,
591,591,True,southernliving_591,Do not sell my personal information,Yes
592,592,True,,,
593,593,True,bestbuy_593,Do not sell or share my personal information,Yes
594,594,True,lg_594,Do not sell or share my personal information,Yes
595,595,True,,,
596,596,True,panasonic_596,Do not sell my personal information,Yes
597,597,True,samsung_597,Do not sell or share my personal information,Yes
598,598,True,keurig_598,Do not sell or share my personal information,Yes
599,599,True,geappliances_599,Do not sell or share my personal information,Yes
600,600,True,,,
601,601,True,,,
602,602,True,whirlpool_602,Do not sell or share my personal information,Yes
603,603,True,abt_603,Do not sell my personal information,Yes
604,604,True,,,
605,605,True,,,
606,606,True,,,
607,607,True,,,
608,608,True,,,
609,609,True,,,
610,610,True,tomshardware_610,Do not sell my personal information,Yes
611,611,True,,,
612,612,True,,,
613,613,True,cdw_613,Do not sell or share my personal information,Yes
614,614,True,,,
615,615,True,,,
616,616,True,,,
617,617,True,,,
618,618,True,,,
619,619,True,,,
620,620,True,,,
621,621,True,,,
622,622,True,microcenter_622,Do not sell my personal information,Yes
623,623,True,,,
624,624,True,,,
625,625,True,,,
626,626,True,,,
627,627,True,1ink_627,Do not sell my personal information,Yes
628,628,True,avg_628,Do not sell my personal information,Yes
629,629,True,norton_629,Do not sell or share my personal information,Yes
630,630,True,,,
631,631,True,avast_631,Do not sell my personal information,Yes
632,632,True,com_632,Do not sell my personal information,Yes
633,633,True,,,
634,634,True,,,
635,635,True,eset_635,Do not sell or share my personal information,Yes
636,636,True,avira_636,Do not sell or share my personal information,Yes
637,637,True,,,
638,638,True,,,
639,639,True,,,
640,640,True,,,
641,641,True,,,
642,642,True,,,
643,643,True,,,
644,644,True,,,
645,645,True,,,
646,646,True,,,
647,647,True,adobe_647,Do not sell or share my personal information,Yes
648,648,True,,,
649,649,True,,,
650,650,True,,,
651,651,True,,,
652,652,True,,,
653,653,True,,,
654,654,True,,,
655,655,True,,,
656,656,True,oracle_656,Do not sell my personal information,Yes
657,657,True,,,
658,658,True,,,
659,659,True,,,
660,660,True,,,
661,661,True,,,
662,662,True,,,
663,663,True,,,
664,664,True,cnet_664,Do not sell or share my personal information,Yes
665,665,True,tomshardware_665,Do not sell my personal information,Yes
666,666,True,theverge_666,Do not sell or share my personal information,Yes
667,667,True,,,
668,668,True,pcmag_668,Do not sell my personal information,Yes
669,669,True,,,
670,670,True,digitaltrends_670,Do not sell or share my personal information,Yes
671,671,True,imore_671,Do not sell my personal information,Yes
672,672,True,,,
673,673,True,tomsguide_673,Do not sell my personal information,Yes
674,674,True,pcworld_674,California residents: do not sell my info,Yes
675,675,True,consumerreports_675,Do not sell my personal information,Yes
676,676,True,techadvisor_676,California residents: do not sell my info,Yes
677,677,True,toptenreviews_677,Do not sell my personal information,Yes
678,678,True,,,
679,679,True,zdnet_679,Do not sell or share my personal information,Yes
680,680,True,vox_680,Do not sell or share my personal information,Yes
681,681,True,,,
682,682,True,,,
683,683,True,,,
684,684,True,,,
685,685,True,,,
686,686,True,,,
687,687,True,hm_687,Do not sell or share my personal information,Yes
688,688,True,victoriassecret_688,Do not sell or share my personal information,Yes
689,689,True,footlocker_689,Do not sell or share my personal information,Yes
690,690,True,,,
691,691,True,gap_691,Do not sell or share my personal information,Yes
692,692,True,,,
693,693,True,,,
694,694,True,,,
695,695,True,,,
696,696,False,,,
697,697,False,,,
698,698,False,,,
699,699,False,,,
700,700,False,,,
701,701,False,,,
702,702,False,,,
703,703,False,,,
704,704,False,,,
705,705,False,,,
706,706,False,,,
707,707,False,,,
708,708,False,,,
709,709,False,,,
710,710,False,,,
711,711,False,,,
712,712,False,,,
713,713,False,,,
714,714,False,,,
715,715,False,,,
716,716,False,,,
717,717,False,,,
718,718,False,,,
719,719,False,,,
720,720,False,,,
721,721,False,,,
722,722,False,,,
723,723,False,,,
724,724,False,,,
725,725,False,,,
726,726,False,,,
727,727,False,,,
728,728,False,,,
729,729,False,,,
730,730,False,,,
731,731,False,,,
732,732,False,,,
733,733,False,,,
734,734,False,,,
735,735,False,,,
736,736,False,,,
737,737,False,,,
738,738,False,,,
739,739,False,,,
740,740,False,,,
741,741,False,,,
742,742,False,,,
743,743,False,,,
744,744,False,,,
745,745,False,,,
746,746,False,,,
747,747,False,,,
748,748,False,,,
749,749,False,,,
750,750,False,,,
751,751,False,,,
752,752,False,,,
753,753,False,,,
754,754,False,,,
755,755,False,,,
756,756,False,,,
757,757,False,,,
758,758,False,,,
759,759,False,,,
760,760,False,,,
761,761,False,,,
762,762,False,,,
763,763,False,,,
764,764,False,,,
765,765,False,,,
766,766,False,,,
767,767,False,,,
768,768,False,,,
769,769,False,,,
770,770,False,,,
771,771,False,,,
772,772,False,,,
773,773,False,,,
774,774,False,,,
775,775,False,,,
776,776,False,,,
777,777,False,,,
778,778,False,,,
779,779,False,,,
780,780,False,,,
781,781,False,,,
782,782,False,,,
783,783,False,,,
784,784,False,,,
785,785,False,,,
786,786,False,,,
787,787,False,,,
788,788,False,,,
789,789,False,,,
790,790,False,,,
791,791,False,,,
792,792,False,,,
793,793,False,,,
794,794,False,,,
795,795,False,,,
796,796,False,,,
797,797,False,,,
798,798,False,,,
799,799,False,,,
800,800,False,,,
801,801,False,,,
802,802,False,,,
803,803,False,,,
804,804,False,,,
805,805,False,,,
806,806,False,,,
807,807,False,,,
808,808,False,,,
809,809,False,,,
810,810,False,,,
811,811,False,,,
812,812,False,,,
813,813,False,,,
814,814,False,,,
815,815,False,,,
816,816,False,,,
817,817,False,,,
818,818,False,,,
819,819,False,,,
820,820,False,,,
821,821,False,,,
822,822,False,,,
823,823,False,,,
824,824,False,,,
825,825,False,,,
826,826,False,,,
827,827,False,,,
828,828,False,,,
829,829,False,,,
830,830,False,,,
831,831,False,,,
832,832,False,,,
833,833,False,,,
834,834,False,,,
835,835,False,,,
836,836,False,,,
837,837,False,,,
838,838,False,,,
839,839,False,,,
840,840,False,,,
841,841,False,,,
842,842,False,,,
843,843,False,,,
844,844,False,,,
845,845,False,,,
846,846,False,,,
847,847,False,,,
848,848,False,,,
849,849,False,,,
850,850,False,,,
851,851,False,,,
852,852,False,,,
853,853,False,,,
854,854,False,,,
855,855,False,,,
856,856,False,,,
857,857,False,,,
858,858,False,,,
859,859,False,,,
860,860,False,,,
861,861,False,,,
862,862,False,,,
863,863,False,,,
864,864,False,,,
865,865,False,,,
866,866,False,,,
867,867,False,,,
868,868,False,,,
869,869,False,,,
870,870,False,,,
871,871,False,,,
872,872,False,,,
873,873,False,,,
874,874,False,,,
875,875,False,,,
876,876,False,,,
877,877,False,,,
878,878,False,,,
879,879,False,,,
880,880,False,,,
881,881,False,,,
882,882,False,,,
883,883,False,,,
884,884,False,,,
885,885,False,,,
886,886,False,,,
887,887,False,,,
888,888,False,,,
889,889,False,,,
890,890,False,,,
891,891,False,,,
892,892,False,,,
893,893,False,,,
894,894,False,,,
895,895,False,,,
896,896,False,,,
897,897,False,,,
898,898,False,,,
899,899,False,,,
900,900,False,,,
901,901,False,,,
902,902,False,,,
903,903,False,,,
904,904,False,,,
905,905,False,,,
906,906,False,,,
907,907,False,,,
908,908,False,,,
909,909,False,,,
910,910,False,,,
911,911,False,,,
912,912,False,,,
913,913,False,,,
914,914,False,,,
915,915,False,,,
916,916,False,,,
917,917,False,,,
918,918,False,,,
919,919,False,,,
920,920,False,,,
921,921,False,,,
922,922,False,,,
923,923,False,,,
924,924,False,,,
925,925,False,,,
926,926,False,,,
927,927,False,,,
928,928,False,,,
929,929,False,,,
930,930,False,,,
931,931,False,,,
932,932,False,,,
933,933,False,,,
934,934,False,,,
935,935,False,,,
936,936,False,,,
937,937,False,,,
938,938,False,,,
939,939,False,,,
940,940,False,,,
941,941,False,,,
942,942,False,,,
943,943,False,,,
944,944,False,,,
945,945,False,,,
946,946,False,,,
947,947,False,,,
948,948,False,,,
949,949,False,,,
950,950,False,,,
951,951,False,,,
952,952,False,,,
953,953,False,,,
954,954,False,,,
955,955,False,,,
956,956,False,,,
957,957,False,,,
958,958,False,,,
959,959,False,,,
960,960,False,,,
961,961,False,,,
962,962,False,,,
963,963,False,,,
964,964,False,,,
965,965,False,,,
966,966,False,,,
967,967,False,,,
968,968,False,,,
969,969,False,,,
970,970,False,,,
971,971,False,,,
972,972,False,,,
973,973,False,,,
974,974,False,,,
975,975,False,,,
976,976,False,,,
977,977,False,,,
978,978,False,,,
979,979,False,,,
980,980,False,,,
981,981,False,,,
982,982,False,,,
983,983,False,,,
984,984,False,,,
985,985,False,,,
986,986,False,,,
987,987,False,,,
988,988,False,,,
989,989,False,,,
990,990,False,,,
991,991,False,,,
992,992,False,,,
993,993,False,,,
994,994,False,,,
995,995,False,,,
996,996,False,,,
997,997,False,,,
998,998,False,,,
999,999,False,,,
1000,1000,False,,,
1001,1001,False,,,
1002,1002,False,,,
1003,1003,False,,,
1004,1004,False,,,
1005,1005,False,,,
1006,1006,False,,,
1007,1007,False,,,
1008,1008,False,,,
1009,1009,False,,,
1010,1010,False,,,
1011,1011,False,,,
1012,1012,False,,,
1013,1013,False,,,
1014,1014,False,,,
1015,1015,False,,,
1016,1016,False,,,
1017,1017,False,,,
1018,1018,False,,,
1019,1019,False,,,
1020,1020,False,,,
1021,1021,False,,,
1022,1022,False,,,
1023,1023,False,,,
1024,1024,False,,,
1025,1025,False,,,
1026,1026,False,,,
1027,1027,False,,,
1028,1028,False,,,
1029,1029,False,,,
1030,1030,False,,,
1031,1031,False,,,
1032,1032,False,,,
1033,1033,False,,,
1034,1034,False,,,
1035,1035,False,,,
1036,1036,False,,,
1037,1037,False,,,
1038,1038,False,,,
1039,1039,False,,,
1040,1040,False,,,
1041,1041,False,,,
1042,1042,False,,,
1043,1043,False,,,
1044,1044,False,,,
1045,1045,False,,,
1046,1046,False,,,
1047,1047,False,,,
1048,1048,False,,,
1049,1049,False,,,
1050,1050,False,,,
1051,1051,False,,,
1052,1052,False,,,
1053,1053,False,,,
1054,1054,False,,,
1055,1055,False,,,
1056,1056,False,,,
1057,1057,False,,,
1058,1058,False,,,
1059,1059,False,,,
1060,1060,False,,,
1061,1061,False,,,
1062,1062,False,,,
1063,1063,False,,,
1064,1064,False,,,
1065,1065,False,,,
1066,1066,False,,,
1067,1067,False,,,
1068,1068,False,,,
1069,1069,False,,,
1070,1070,False,,,
1071,1071,False,,,
1072,1072,False,,,
1073,1073,False,,,
1074,1074,False,,,
1075,1075,False,,,
1076,1076,False,,,
1077,1077,False,,,
1078,1078,False,,,
1079,1079,False,,,
1080,1080,False,,,
1081,1081,False,,,
1082,1082,False,,,
1083,1083,False,,,
1084,1084,False,,,
1085,1085,False,,,
1086,1086,False,,,
1087,1087,False,,,
1088,1088,False,,,
1089,1089,False,,,
