,Index,Do not sell Text,Do not sell Found,Search bar status
0,213,"do not sell

o/o
","o/o
",No
1,542,"Do not sell my info Wi
","1
",Do not sell
2,95,"do not sell

o/o
","o/o
",No
3,65,"do not sell

o/o
","o/o
",No
4,227,"do not sell

o/o
","o/o
",No
5,202,"do not sell

o/o
","o/o
",No
6,225,"Do Not Sell My Personal Information| 1/1
","1
",Do not sell
7,350,"do not sell

o/o
","o/o
",No
8,74,"Do Not Sell My Personal Information| 1/1
","1
",Do not sell
9,384,"do not sell

o/o
","o/o
",No
10,212,"do not sell

o/o
","o/o
",No
11,380,"Do Not Sell My Info| Wi
","1
",Do not sell
12,257,"do not sell

o/o
","o/o
",No
13,480,"do not sell

o/o
","o/o
",No
14,260,"do not sell

o/o
","o/o
",No
15,442,"do not sell

o/o
","o/o
",No
16,354,"do not sell

o/o
","o/o
",No
17,313,"do not sell

o/o
","o/o
",No
18,178,"iell or share my personal information| 1/1
","1
",Do not sell or share
19,134,"do not sell

o/o
","o/o
",No
20,30,"do not sell

o/o
","o/o
",No
21,434,"do not sell

o/o
","o/o
",No
22,295,"Do Not Sell My Personal Information| 1/1
","1
",Do not sell
23,89,"do not sell

o/o
","o/o
",No
24,543,"do not sell

o/o
","o/o
",No
25,493,"Do Not Sell My Personal information| 1/3
","13
",Ambiguous
26,336,"do not sell

o/o
","o/o
",No
27,69,"Do Not Sell My Personal Information| 1/1
","1
",Do not sell
28,219,"do not sell

o/o
","o/o
",No
29,133,"do not sell

o/o
","o/o
",No
30,345,"do not sell

o/o
","o/o
",No
31,93,"ellor share my personalinformation| 1/1
","1
",Do not sell or share
32,215,"DO NOTSELL MY INFORMATION| 1
","1
",Do not sell
33,15,"do not sell

o/o
","o/o
",No
34,42,"do not sell

o/o
","o/o
",No
35,551,"do not sell

o/o
","o/o
",No
36,362,"do not sell

o/o
","o/o
",No
37,8,"ell or Share My Personal Information| 1/1
","1
",Do not sell or share
38,547,"do not sell

o/o
","o/o
",No
39,400,"do not sell

1""
","1
",Do not sell
40,126,"sHARE MY PERSONAL INFORMATION| 1/1
","1
",Do not sell or share
41,573,"do not sell

o/o
","o/o
",No
42,324,"do not sell

o/o
","o/o
",No
43,299,"Information / Personal Data Opt-out] 1/1
","1
",Do not sell
44,393,"do not sell

o/o
","o/o
",No
45,44,"ell or Share My Personal Information| 1/1
","1
",Do not sell or share
46,67,"do not sell

o/o
","o/o
",No
47,140,"do not sell

o/o
","o/o
",No
48,390,"do not sell

o/o
","o/o
",No
49,268,"do not sell

o/o
","o/o
",No
50,241,"do not sell

o/o
","o/o
",No
51,381,"iell or share my personal information| 1/1
","1
",Do not sell or share
52,237,"do not sell

o/o
","o/o
",No
53,236,"do not sell

o/o
","o/o
",No
54,116,"Do Not Sell My Personal Information| 1/1
","1
",Do not sell
55,537,"tSell/Share My Personal Information| 1/1
","1
",Do not sell or share
56,471,"do not sell

o/o
","o/o
",No
57,120,"do not sell

1""
","1
",Do not sell
58,109,"do not sell

o/o
","o/o
",No
59,163,"ell or Share My Personal Information| 1/1
","1
",Do not sell or share
60,191,"do not sell

o/o
","o/o
",No
61,45,"do not sell

o/o
","o/o
",No
62,72,"do not sell

o/o
","o/o
",No
63,81,"do not sell

o/o
","o/o
",No
64,16,"do not sell

o/o
","o/o
",No
65,192,"do not sell

o/o
","o/o
",No
66,62,"Do Not Sell My Personal Information| 1/1
","1
",Do not sell
67,357,"ell or Share My Personal Information| 1/1
","1
",Do not sell or share
68,21,"iell or share my personal information| 1/1
","1
",Do not sell or share
69,433,"ell or Share My Personal Information| 1/1
","1
",Do not sell or share
70,519,"do not sell

o/o
","o/o
",No
71,185,"do not sell

o/o
","o/o
",No
72,343,"do not sell

o/o
","o/o
",No
73,474,"do not sell

o/o
","o/o
",No
74,220,"do not sell

o/o
","o/o
",No
75,228,"do not sell

o/o
","o/o
",No
76,3,"ellor share my personalinformation| 1/1
","1
",Do not sell or share
77,310,"ell or Share My Personal information| 1/2
","4/2
",Ambiguous
78,472,"do not sell

o/o
","o/o
",No
79,552,"Do Not Sell or Share My Info| Wi
","1
",Do not sell or share
80,546,"do not sell

o/o
","o/o
",No
81,59,"do not sell

o/o
","o/o
",No
82,534,"do not sell

o/o
","o/o
",No
83,397,"do not sell

o/o
","o/o
",No
84,17,"Do Not Sell My information| Wi
","1
",Do not sell
85,432,"do not sell

o/o
","o/o
",No
86,48,"do not sell

o/o
","o/o
",No
87,386,"do not sell

o/o
","o/o
",No
88,11,"do not sell

1""
","1
",Do not sell
89,413,"do not sell

o/o
","o/o
",No
90,91,"do not sell

o/o
","o/o
",No
91,106,"do not sell

o/o
","o/o
",No
92,138,"do not sell

o/o
","o/o
",No
93,99,"do not sell

o/o
","o/o
",No
94,282,"do not sell

o/o
","o/o
",No
95,535,"do not sell

o/o
","o/o
",No
96,395,"Do Not Sell My Info| Wi
","1
",Do not sell
97,75,"3Do not sell my personal information| 0/0
","o/o
",Ambiguous
98,311,"Do Not Sell My Personal Information| 1/1
","1
",Do not sell
99,142,"ell or Share My Personal Information| 1/1
","1
",Do not sell or share
100,507,"o Not Sell or Share My Personal nfo| 1/1
","1
",Do not sell or share
101,12,"do not sell

o/o
","o/o
",No
102,571,"Do Not Sell My Personal Information| 1/1
","1
",Do not sell
103,4,"do not sell

1""
","1
",Do not sell
104,576,"Do Not Sell My Personal Information| 1/1
","1
",Do not sell
105,26,"do not sell

1""
","1
",Do not sell
106,209,"do not sell

o/o
","o/o
",No
107,305,"do not sell

o/o
","o/o
",No
108,161,"do not sell

o/o
","o/o
",No
109,569,"do not sell

o/o
","o/o
",No
110,341,"do not sell

o/o
","o/o
",No
111,244,"do not sell

o/o
","o/o
",No
112,94,"do not sell

o/o
","o/o
",No
113,563,"do not sell

o/o
","o/o
",No
114,579,"ell or Share My Personal Information| 1/1
","1
",Do not sell or share
115,470,"do not sell

o/o
","o/o
",No
116,24,"ell or Share My Personal Information| 1/1
","1
",Do not sell or share
117,321,"do not sell

o/o
","o/o
",No
118,232,"do not sell

o/o
","o/o
",No
119,556,"Do Not Sell My Personal Information| 1/1
","1
",Do not sell
120,231,"do not sell

o/o
","o/o
",No
121,382,"DO NOTSELL MY INFO| 1""
","1
",Do not sell
122,254,"do not sell

o/o
","o/o
",No
123,164,"Do Not Sell My Info| Wi
","1
",Do not sell
124,319,"Do Not Sell My Personal Information| 1/1
","1
",Do not sell
125,415,"do not sell

o/o
","o/o
",No
126,86,"do not sell

o/o
","o/o
",No
127,115,"ellor share my personalinformation| 1/1
","1
",Do not sell or share
128,527,"do not sell

o/o
","o/o
",No
129,315,"do not sell

o/o
","o/o
",No
130,477,"do not sell

o/o
","o/o
",No
131,198,"Do Not Sell My Personal Information| 1/1
","1
",Do not sell
132,529,"do not sell

o/o
","o/o
",No
133,309,"do not sell

o/o
","o/o
",No
134,467,"do not sell

o/o
","o/o
",No
135,70,"do not sell

o/o
","o/o
",No
136,19,"Do Not Sell My information| Wi
","1
",Do not sell
137,466,"do not sell

o/o
","o/o
",No
138,394,"do not sell

o/o
","o/o
",No
139,510,"do not sell

o/o
","o/o
",No
140,334,"Do Not Sell My information| Wi
","1
",Do not sell
141,524,"do not sell

o/o
","o/o
",No
142,444,"do not sell

1""
","1
",Do not sell
143,110,"Customers Only: Do Not Sell My Info| 1/1
","1
",Do not sell
144,318,"do not sell

o/o
","o/o
",No
145,13,"Califo

2/2
","2/2
",Ambiguous
146,112,"do not sell

1""
","1
",Do not sell
147,322,"do not sell

o/o
","o/o
",No
148,329,"do not sell

o/o
","o/o
",No
149,76,"do not sell

o/o
","o/o
",No
150,108,"do not sell

o/o
","o/o
",No
151,206,"do not sell

o/o
","o/o
",No
152,328,"do not sell

o/o
","o/o
",No
153,326,"do not sell

o/o
","o/o
",No
154,88,"Do Not Sell My Personal Information| 1/1
","1
",Do not sell
155,276,"Do Not Sell My Personal Information| 1/1
","1
",Do not sell
156,554,"ell or Share My Personal information| 0/0
","o/o
",Ambiguous
157,307,"do not sell

o/o
","o/o
",No
158,512,"do not sell

o/o
","o/o
",No
159,141,"sHARE MY PERSONAL INFORMATION| 1/1
","1
",Do not sell or share
160,43,"Do Not Sell My Info| Wi
","1
",Do not sell
161,575,"do not sell

o/o
","o/o
",No
162,560,"do not sell

o/o
","o/o
",No
163,587,"do not sell

o/o
","o/o
",No
164,169,"do not sell

o/o
","o/o
",No
165,323,"do not sell

o/o
","o/o
",No
166,264,"do not sell

o/o
","o/o
",No
167,47,"do not sell

o/o
","o/o
",No
168,401,"do not sell

o/o
","o/o
",No
169,485,"do not sell

o/o
","o/o
",No
170,428,"Do Not Sell My Personal Information| 1/1
","1
",Do not sell
171,125,"Do Not Sell My Personal Information| 1/1
","1
",Do not sell
172,256,"do not sell

o/o
","o/o
",No
173,175,"do not sell

o/o
","o/o
",No
174,150,"ell or Share My Personal Information| 1/1
","1
",Do not sell or share
175,298,"do not sell

o/o
","o/o
",No
176,361,"do not sell

o/o
","o/o
",No
177,557,"Do Not Sell My Personal Information| 1/1
","1
",Do not sell
178,398,"do not sell

o/o
","o/o
",No
179,456,"do not sell

o/o
","o/o
",No
180,496,"do not sell

o/o
","o/o
",No
181,240,"do not sell

o/o
","o/o
",No
182,486,"do not sell

o/o
","o/o
",No
183,294,"ell or Share My Personal information| 1/2
","4/2
",Ambiguous
184,437,"do not sell

o/o
","o/o
",No
185,549,"do not sell

o/o
","o/o
",No
186,435,"do not sell

o/o
","o/o
",No
187,57,"do not sell

o/o
","o/o
",No
188,283,"do not sell

o/o
","o/o
",No
189,423,"do not sell

o/o
","o/o
",No
190,399,"do not sell

o/o
","o/o
",No
191,580,"Do not sell my information| Wi
","1
",Do not sell
192,41,"ell or Share My Personal Information| 1/1
","1
",Do not sell or share
193,591,"Do Not Sell My Personal Information| 1/1
","1
",Do not sell
194,441,"do not sell

o/o
","o/o
",No
195,135,"Do Not Sell My Personal Information| 1/1
","1
",Do not sell
196,64,"do not sell

o/o
","o/o
",No
197,364,"sHARE MY PERSONAL INFORMATION| 1/1
","1
",Do not sell or share
198,424,"do not sell

o/o
","o/o
",No
199,306,"do not sell

o/o
","o/o
",No
200,130,"ell or Share My Personal Information| 1/1
","1
",Do not sell or share
201,6,"do not sell

o/o
","o/o
",No
202,516,"do not sell

o/o
","o/o
",No
203,414,"do not sell

o/o
","o/o
",No
204,509,"do not sell

o/o
","o/o
",No
205,592,"do not sell

o/o
","o/o
",No
206,483,"do not sell

o/o
","o/o
",No
207,502,"do not sell

o/o
","o/o
",No
208,61,"do not sell

o/o
","o/o
",No
209,531,"do not sell

o/o
","o/o
",No
210,431,"do not sell

o/o
","o/o
",No
211,521,"do not sell

o/o
","o/o
",No
212,300,"ell or Share My Personal Information| 1/1
","1
",Do not sell or share
213,79,"do not sell

o/o
","o/o
",No
214,514,"do not sell

o/o
","o/o
",No
215,200,"do not sell

o/o
","o/o
",No
216,412,"do not sell

o/o
","o/o
",No
217,272,"do not sell

o/o
","o/o
",No
218,365,"ell or Share My Personal Information| 1/1
","1
",Do not sell or share
219,71,"do not sell

o/o
","o/o
",No
220,581,"ell or Share My Personal information| 0/0
","o/o
",Ambiguous
221,338,"do not sell

o/o
","o/o
",No
222,303,"Do Not Sell My Personal Information| 1/1
","1
",Do not sell
223,96,"do not sell

o/o
","o/o
",No
224,271,"do not sell

o/o
","o/o
",No
225,344,"do not sell

o/o
","o/o
",No
226,297,"do not sell

o/o
","o/o
",No
227,100,"do not sell

o/o
","o/o
",No
228,221,"do not sell

o/o
","o/o
",No
229,5,"Do Not Sell My Personal Information| 1/1
","1
",Do not sell
230,373,"Do Not Sell My Personal Information| 1/1
","1
",Do not sell
231,251,"do not sell

o/o
","o/o
",No
232,548,"do not sell

o/o
","o/o
",No
233,588,"do not sell

o/o
","o/o
",No
234,68,"do not sell

o/o
","o/o
",No
235,351,"tSell/Share My Personal Information| 1/1
","1
",Do not sell or share
236,376,"do not sell

o/o
","o/o
",No
237,277,"do not sell

1""
","1
",Do not sell
238,504,"do not sell

o/o
","o/o
",No
239,190,"do not sell

o/o
","o/o
",No
240,136,"ell or Share My Personal Information| 1/1
","1
",Do not sell or share
241,263,"do not sell

o/o
","o/o
",No
242,402,"Manage cookies/Do not sell my data|_ 1/1
","1
",Do not sell
243,479,"do not sell

o/o
","o/o
",No
244,253,"ot sell]

o/o
",,Ambiguous
245,105,"do not sell

o/o
","o/o
",No
246,513,"do not sell

o/o
","o/o
",No
247,286,"do not sell

o/o
","o/o
",No
248,143,"do not sell

o/o
","o/o
",No
249,193,"do not sell

o/o
","o/o
",No
250,104,"ell or Share My Personal Information| 1/1
","1
",Do not sell or share
251,555,"Do Not Sell My Personal Information| 1/1
","1
",Do not sell
252,233,"DO NOTSELL MY INFO| 1""
","1
",Do not sell
253,558,"do not sell

o/o
","o/o
",No
254,275,"Do Not Sell] Wi
","1
",Do not sell
255,314,"do not sell

o/o
","o/o
",No
256,358,"Do Not Sell My Personal Information| 1/1
","1
",Do not sell
257,290,"do not sell

o/o
","o/o
",No
258,387,"Do Not Sell My Personal Information| 1/1
","1
",Do not sell
259,170,"do not sell

o/o
","o/o
",No
260,330,"do not sell

o/o
","o/o
",No
261,296,"Do Not Sell My Personal infomation| 1/1
","1
",Do not sell
262,506,"do not sell

o/o
","o/o
",No
263,49,"do not sell

o/o
","o/o
",No
264,562,"do not sell

o/o
","o/o
",No
265,78,"Do Not Sell My Personal Information| 1/1
","1
",Do not sell
266,391,"onotselll

o/o
","o/o
",Ambiguous
267,411,"do not sell

o/o
","o/o
",No
268,14,"do not sell

o/o
","o/o
",No
269,168,"do not sell

o/o
","o/o
",No
270,148,"CA: Do Not Sell My Info| Wi
","1
",Do not sell
271,408,"do not sell

o/o
","o/o
",No
272,425,"iell or share my personal information| 1/1
","1
",Do not sell or share
273,378,"ell or Share My Personal Information| 1/1
","1
",Do not sell or share
274,146,"ell or Share My Personal Information| 1/1
","1
",Do not sell or share
275,497,"do not sell

o/o
","o/o
",No
276,82,"do not sell

o/o
","o/o
",No
277,348,"do not sell

o/o
","o/o
",No
278,372,"ell or Share My Personal Information| 1/1
","1
",Do not sell or share
279,131,"do not sell

1""
","1
",Do not sell
280,103,"do not sell

o/o
","o/o
",No
281,252,"Information (Personal Data Opt-out)| 1/1
","1
",Do not sell
282,371,"do not sell

o/o
","o/o
",No
283,83,"do not sell

o/o
","o/o
",No
284,501,"do not sell

o/o
","o/o
",No
285,590,"do not sell

o/o
","o/o
",No
286,312,"Do Not Sell My Personal Information| 1/1
","1
",Do not sell
287,349,"do not sell

o/o
","o/o
",No
288,156,"do not sell

o/o
","o/o
",No
289,184,"ell or Share My Personal Information| 1/1
","1
",Do not sell or share
290,160,"Do not sell my info Wi
","1
",Do not sell
291,452,"do not sell

o/o
","o/o
",No
292,389,"do not sell

o/o
","o/o
",No
293,208,"do not sell

o/o
","o/o
",No
294,582,"DoNo 1/16
","1/16
",Ambiguous
295,340,"do not sell

o/o
","o/o
",No
296,124,"do not sell

o/o
","o/o
",No
297,370,"do not sell

1""
","1
",Do not sell
298,84,"do not sell

o/o
","o/o
",No
299,352,"do not sell

o/o
","o/o
",No
300,127,"do not sell

o/o
","o/o
",No
301,119,"Do not sell my info Wi
","1
",Do not sell
302,199,"do not sell

o/o
","o/o
",No
303,255,"do not sell

o/o
","o/o
",No
304,465,"do not sell

o/o
","o/o
",No
305,92,"do not sell

o/o
","o/o
",No
306,520,"do not sell

o/o
","o/o
",No
307,538,"do not sell

o/o
","o/o
",No
308,279,"do not sell

o/o
","o/o
",No
309,157,"do not sell

o/o
","o/o
",No
310,447,"do not sell

o/o
","o/o
",No
311,511,"do not sell

o/o
","o/o
",No
312,335,"do not sell

o/o
","o/o
",No
313,101,"do not sell

o/o
","o/o
",No
314,180,"tSell/Share My Personal Information| 1/1
","1
",Do not sell or share
315,454,"Do Not Sell My Pl Wi
","1
",Do not sell
316,173,"do not sell

o/o
","o/o
",No
317,468,"do not sell

o/o
","o/o
",No
318,540,"do not sell

o/o
","o/o
",No
319,129,"do not sell

o/o
","o/o
",No
320,18,"Do Not Sell My information| Wi
","1
",Do not sell
321,262,"do not sell

o/o
","o/o
",No
322,445,"iell or share my personal information| 1/1
","1
",Do not sell or share
323,406,"do not sell

o/o
","o/o
",No
324,463,"do not sell

o/o
","o/o
",No
325,464,"do not sell

o/o
","o/o
",No
326,518,"do not sell

o/o
","o/o
",No
327,216,"do not sell

o/o
","o/o
",No
328,403,"Do Not Sell My Info| Wi
","1
",Do not sell
329,0,"do not sell

1""
","1
",Do not sell
330,46,"do not sell

o/o
","o/o
",No
331,259,"Do Not Sell My Info - CA only,

1""
","1
",Do not sell
332,577,"do not sell

o/o
","o/o
",No
333,302,"sHARE MY PERSONAL INFORMATION| 1/1
","1
",Do not sell or share
334,478,"do not sell

1""
","1
",Do not sell
335,473,"do not sell

o/o
","o/o
",No
336,248,"do not sell

o/o
","o/o
",No
337,90,"ot sell

o/o
","o/o
",Ambiguous
338,50,"ional information CA Residents Only 0/0
","o/o
",Ambiguous
339,27,"do not sell

o/o
","o/o
",No
340,417,"do not sell

o/o
","o/o
",No
341,363,"do not sell

o/o
","o/o
",No
342,572,"ell or Share My Personal Information| 1/1
","1
",Do not sell or share
343,355,"do not sell

o/o
","o/o
",No
344,418,"do not sell

o/o
","o/o
",No
345,33,"do not sell

o/o
","o/o
",No
346,440,"do not sell

o/o
","o/o
",No
347,10,"do not sell

o/o
","o/o
",No
348,113,"do not sell

1""
","1
",Do not sell
349,544,"do not sell

o/o
","o/o
",No
350,392,"do not sell

o/o
","o/o
",No
351,128,"do not sell

o/o
","o/o
",No
352,122,"Do Not Sell My Personal Info| Wi
","1
",Do not sell
353,87,"Do Not Sell My Personal Information| 1/1
","1
",Do not sell
354,460,"do not sell

o/o
","o/o
",No
355,58,"do not sell

o/o
","o/o
",No
356,258,"TSELL MY PERSONAL INFORMATION| 1/1
","1
",Do not sell
357,339,"do not sell

o/o
","o/o
",No
358,214,"ellor share my personalinformation| 1/1
","1
",Do not sell or share
359,568,"do not sell

o/o
","o/o
",No
360,583,"do not sell

1""
","1
",Do not sell
361,66,"do not sell

o/o
","o/o
",No
362,565,"do not sell

o/o
","o/o
",No
363,117,"Do not sell my info Wi
","1
",Do not sell
364,459,"do not sell

o/o
","o/o
",No
365,2,"do not sell

1""
","1
",Do not sell
366,379,"do not sell

o/o
","o/o
",No
367,539,"do not sell

o/o
","o/o
",No
368,60,"do not sell

o/o
","o/o
",No
369,536,"do not sell

o/o
","o/o
",No
370,331,"do not sell

o/o
","o/o
",No
371,532,"do not sell

o/o
","o/o
",No
372,404,"do not sell

o/o
","o/o
",No
373,567,"do not sell

o/o
","o/o
",No
374,359,"tSell/Share My Personal Information| 1/1
","1
",Do not sell or share
375,489,"do not sell

o/o
","o/o
",No
376,266,"do not sell

o/o
","o/o
",No
377,121,"do not sell

o/o
","o/o
",No
378,491,"do not sell

o/o
","o/o
",No
379,584,"do not sell

o/o
","o/o
",No
380,574,"ell or Share My Personal Information| 1/1
","1
",Do not sell or share
381,451,"do not sell

o/o
","o/o
",No
382,9,"California Do Not Sell] Wi
","1
",Do not sell
383,377,"do not sell

1""
","1
",Do not sell
384,250,"do not sell

o/o
","o/o
",No
385,528,"do not sell

o/o
","o/o
",No
386,274,"Do Not Sell] Wi
","1
",Do not sell
387,207,"do not sell

o/o
","o/o
",No
388,183,"do not sell

o/o
","o/o
",No
389,52,"Do Not Sell My Personal Information| 1/1
","1
",Do not sell
390,217,"ellor share my personalinformation| 1/1
","1
",Do not sell or share
391,195,"do not sell

o/o
","o/o
",No
392,278,"do not sell

o/o
","o/o
",No
393,515,"do not sell

o/o
","o/o
",No
394,288,"do not sell

o/o
","o/o
",No
395,25,"do not sell

o/o
","o/o
",No
396,291,"do not sell

o/o
","o/o
",No
397,484,"do not sell

o/o
","o/o
",No
398,396,"ellor share my personalinformation| 1/1
","1
",Do not sell or share
399,545,"do not sell

o/o
","o/o
",No
400,505,"TSELL MY PERSONAL INFORMATION| 1/1
","1
",Do not sell
401,28,"do not sell

o/o
","o/o
",No
402,229,"do not sell

o/o
","o/o
",No
403,586,"do not sell

o/o
","o/o
",No
404,374,"do not sell

o/o
","o/o
",No
405,20,"do not sell

o/o
","o/o
",No
406,158,"sHARE MY PERSONAL INFORMATION| 1/1
","1
",Do not sell or share
407,246,"do not sell

o/o
","o/o
",No
408,490,"ell or Share My Personal Information| 1/1
","1
",Do not sell or share
409,238,"Do Not Sell] Wi
","1
",Do not sell
410,174,"do not sell

o/o
","o/o
",No
411,526,"do not sell

o/o
","o/o
",No
412,269,"Do Not Sell My Personal Information| 1/1
","1
",Do not sell
413,517,"do not sell

o/o
","o/o
",No
414,230,"do not sell

1""
","1
",Do not sell
415,416,"do not sell

o/o
","o/o
",No
416,223,"do not sell

o/o
","o/o
",No
417,53,"Do Not Sell My Info| Wi
","1
",Do not sell
418,461,"do not sell

o/o
","o/o
",No
419,383,"do not sell

o/o
","o/o
",No
420,205,"ell Or Share My Personal Information| 1/1
","1
",Do not sell or share
421,360,"do not sell

o/o
","o/o
",No
422,37,"do not sell

o/o
","o/o
",No
423,327,"do not sell

o/o
","o/o
",No
424,462,"do not sell

o/o
","o/o
",No
425,226,"do not sell

o/o
","o/o
",No
426,243,"do not sell

o/o
","o/o
",No
427,155,"do not sell

o/o
","o/o
",No
428,162,"do not sell

o/o
","o/o
",No
429,32,"do not sell

1""
","1
",Do not sell
430,222,"do not sell

o/o
","o/o
",No
431,439,"do not sell

o/o
","o/o
",No
432,475,"do not sell

o/o
","o/o
",No
433,151,"do not sell

o/o
","o/o
",No
434,234,"do not sell

o/o
","o/o
",No
435,469,"do not sell

o/o
","o/o
",No
436,211,"do not sell

o/o
","o/o
",No
437,118,"do not sell

o/o
","o/o
",No
438,239,"do not sell

o/o
","o/o
",No
439,317,"do not sell

o/o
","o/o
",No
440,455,"do not sell

o/o
","o/o
",No
441,56,"do not sell

1""
","1
",Do not sell
442,144,"do not sell

o/o
","o/o
",No
443,438,"do not sell

o/o
","o/o
",No
444,368,"ell Or Share My Personal Information| 1/1
","1
",Do not sell or share
445,123,"Califor 2/2
","2/2
",Ambiguous
446,426,"do not sell

1""
","1
",Do not sell
447,139,"do not sell

o/o
","o/o
",No
448,541,"do not sell

o/o
","o/o
",No
449,172,"do not sell

o/o
","o/o
",No
450,235,"Do Not Sell My Info| Wi
","1
",Do not sell
451,98,"Do Not Sell My Info| Wi
","1
",Do not sell
452,204,"do not sell

o/o
","o/o
",No
453,167,"ell Or Share My Personal Information| 1/1
","1
",Do not sell or share
454,267,"do not sell

o/o
","o/o
",No
455,176,"ellor share my personalinformation| 1/1
","1
",Do not sell or share
456,421,"Do Not Sell My Personal Information| 1/1
","1
",Do not sell
457,29,"do not sell

o/o
","o/o
",No
458,77,"do not sell

1""
","1
",Do not sell
459,171,"do not sell

o/o
","o/o
",No
460,301,"Do not sell my personal information| 1/1
","1
",Do not sell
461,1,"do not sell

o/o
","o/o
",No
462,449,"do not sell

o/o
","o/o
",No
463,457,"do not sell

o/o
","o/o
",No
464,197,"do not sell

o/o
","o/o
",No
465,154,"do not sell

o/o
","o/o
",No
466,585,"do not sell

1/2
","4/2
",Ambiguous
467,353,"ell or Share My Personal Information| 1/1
","1
",Do not sell or share
468,73,"do not sell

o/o
","o/o
",No
469,559,"sHARE MY PERSONAL INFORMATION| 1/1
","1
",Do not sell or share
470,320,"do not sell

o/o
","o/o
",No
471,51,"do not sell

o/o
","o/o
",No
472,289,"Do Not Sell My Personal Information| 1/1
","1
",Do not sell
473,342,"do not sell

o/o
","o/o
",No
474,369,"do not sell

o/o
","o/o
",No
475,446,"iell or share my personal information| 1/1
","1
",Do not sell or share
476,564,,,Ambiguous
477,578,"do not sell

1""
","1
",Do not sell
478,367,"do not sell

o/o
","o/o
",No
479,265,"do not sell

o/o
","o/o
",No
480,427,"do not sell

o/o
","o/o
",No
481,561,"do not sell

o/o
","o/o
",No
482,419,"do not sell

o/o
","o/o
",No
483,38,"do not sell

1""
","1
",Do not sell
484,492,"do not sell

o/o
","o/o
",No
485,308,"do not sell

o/o
","o/o
",No
486,153,"do not sell

o/o
","o/o
",No
487,550,"CCPA / Do Not Sell My Info| Wi
","1
",Do not sell
488,316,"Information / Personal Data Opt-out] 1/1
","1
",Do not sell
489,503,"do not sell

1""
","1
",Do not sell
490,385,"do not sell

o/o
","o/o
",No
491,293,"Do Not Sell My information| Wi
","1
",Do not sell
492,181,"do not sell

o/o
","o/o
",No
493,499,"ell or Share My Personal information| 1/2
","4/2
",Ambiguous
494,443,"do not sell

o/o
","o/o
",No
495,347,"ell or Share My Personal Information| 1/1
","1
",Do not sell or share
496,570,"do not sell

o/o
","o/o
",No
497,448,"do not sell

o/o
","o/o
",No
498,111,"ell or Share My Personal Information| 1/1
","1
",Do not sell or share
499,166,"Do Not Sell My Personal Information| 1/1
","1
",Do not sell
500,261,"Do Not Sell] Wi
","1
",Do not sell
501,107,"Do Not Sell My Info| 0/0
","o/o
",Ambiguous
502,487,"Do Not Sell My Personal Information| 1/1
","1
",Do not sell
503,245,"do not sell

o/o
","o/o
",No
504,54,"Do Not Sell My Personal Info| Wi
","1
",Do not sell
505,203,"do not sell

o/o
","o/o
",No
506,366,"do not sell

1""
","1
",Do not sell
507,292,"do not sell

o/o
","o/o
",No
508,187,"do not sell

o/o
","o/o
",No
509,481,"ellor share my personalinformation| 1/1
","1
",Do not sell or share
510,194,"do not sell

o/o
","o/o
",No
511,566,"Do Not Sell My Personal Information| 1/1
","1
",Do not sell
512,55,"do not sell

o/o
","o/o
",No
513,458,"do not sell

o/o
","o/o
",No
514,409,"do not sell

o/o
","o/o
",No
515,333,"do not sell

o/o
","o/o
",No
516,280,"Do not sell my info Wi
","1
",Do not sell
517,523,"do not sell

o/o
","o/o
",No
518,149,"do not sell

o/o
","o/o
",No
519,36,"do not sell

o/o
","o/o
",No
520,422,"do not sell

o/o
","o/o
",No
521,80,"ell or Share My Personal Information| 1/1
","1
",Do not sell or share
522,34,"do not sell

1""
","1
",Do not sell
523,102,"do not sell

1""
","1
",Do not sell
524,589,"do not sell

o/o
","o/o
",No
525,179,"sHARE MY PERSONAL INFORMATION| 1/1
","1
",Do not sell or share
526,500,"do not sell

o/o
","o/o
",No
527,159,"do not sell

o/o
","o/o
",No
528,525,"do not sell

o/o
","o/o
",No
529,22,"ell or Share My Personal Information| 1/1
","1
",Do not sell or share
530,137,"Do Not Sell or Share My Info| Wi
","1
",Do not sell or share
531,242,"do not sell

o/o
","o/o
",No
532,346,"do not sell

o/o
","o/o
",No
533,436,"do not sell

o/o
","o/o
",No
534,145,"do not sell

o/o
","o/o
",No
535,533,"do not sell

o/o
","o/o
",No
536,201,"do not sell

o/o
","o/o
",No
537,287,"do not sell

o/o
","o/o
",No
538,430,"do not sell

o/o
","o/o
",No
539,420,"Do Not Sell My Personal Information| 1/1
","1
",Do not sell
540,39,"ell or Share My Personal Information| 1/1
","1
",Do not sell or share
541,405,"do not sell

o/o
","o/o
",No
542,495,"do not sell

o/o
","o/o
",No
543,375,"Customers Only: Do Not Sell My Info| 1/1
","1
",Do not sell
544,429,"do not sell

o/o
","o/o
",No
545,482,"ellor share my personalinformation| 1/1
","1
",Do not sell or share
546,494,"do not sell

o/o
","o/o
",No
547,530,"do not sell

o/o
","o/o
",No
548,186,"Do Not Sell My Personal Information| 1/1
","1
",Do not sell
549,332,"do not sell

o/o
","o/o
",No
550,407,"do not sell

o/o
","o/o
",No
551,189,"do not sell

o/o
","o/o
",No
552,453,"do not sell

o/o
","o/o
",No
553,488,"do not sell

o/o
","o/o
",No
554,7,"o Not Sell or Share My Personal nfo| 1/1
","1
",Do not sell or share
555,210,"do not sell

o/o
","o/o
",No
556,270,"do not sell

o/o
","o/o
",No
557,114,"Do Not Sell My Personal Info| Wi
","1
",Do not sell
558,498,"Do Not Sell My Personal Information| 1/1
","1
",Do not sell
559,97,"Do not sell my personal information| 1/1
","1
",Do not sell
560,188,"do not sell

o/o
","o/o
",No
561,356,"ell or Share My Personal information| 1/2
","4/2
",Ambiguous
562,325,"Do Not Sell My Personal Information| 1/1
","1
",Do not sell
563,177,"do not sell

o/o
","o/o
",No
564,285,"do not sell

o/o
","o/o
",No
565,247,"do not sell

o/o
","o/o
",No
566,23,"do not sell

o/o
","o/o
",No
567,218,"ell or Share My Personal Information| 1/1
","1
",Do not sell or share
568,553,"do not sell

o/o
","o/o
",No
569,508,"do not sell

1""
","1
",Do not sell
570,388,"do not sell

o/o
","o/o
",No
571,165,"do not sell

o/o
","o/o
",No
572,35,"do not sell

1""
","1
",Do not sell
573,476,"do not sell

o/o
","o/o
",No
574,284,"do not sell

o/o
","o/o
",No
575,410,"do not sell

o/o
","o/o
",No
576,63,"do not sell

o/o
","o/o
",No
577,281,"do not sell

o/o
","o/o
",No
578,196,"do not sell

o/o
","o/o
",No
579,249,"do not sell

o/o
","o/o
",No
580,304,"do not sell

o/o
","o/o
",No
581,152,"Do Not Sell My information| Wi
","1
",Do not sell
582,147,"do not sell

o/o
","o/o
",No
583,31,"Do Not Sell My Personal Information| 1/1
","1
",Do not sell
584,182,"do not sell

o/o
","o/o
",No
585,132,"Do Not Sell My Info| Wi
","1
",Do not sell
586,85,"do not sell

o/o
","o/o
",No
587,273,"do not sell

o/o
","o/o
",No
588,450,"do not sell

o/o
","o/o
",No
