,Index,2023-03-06 Selenium Searchkey
0,150,Do Not Sell or Share My Personal Information
1,151,
2,152,Do Not Sell My Information
3,153,
4,154,
5,155,
6,156,
7,157,
8,158,DO NOT SELL OR SHARE MY PERSONAL INFORMATION
9,159,
10,160,Do not sell my info
11,161,
12,162,
13,163,Do Not Sell or Share My Personal Information
14,164,Do Not Sell My Info
15,165,
16,166,Do Not Sell My Personal Information
17,167,Do Not Sell Or Share My Personal Information
18,168,
19,169,
20,170,
21,171,
22,172,
23,173,
24,174,
25,175,
26,176,Do not sell or share my personal information.
27,177,
28,178,Do not sell or share my personal information
29,179,DO NOT SELL OR SHARE MY PERSONAL INFORMATION
30,180,Do Not Sell/Share My Personal Information
31,181,
32,182,
33,183,
34,184,Do Not Sell or Share My Personal Information
35,185,
36,186,Do Not Sell My Personal Information
37,187,
38,188,
39,189,
40,190,
41,191,
42,192,
43,193,
44,194,
45,195,
46,196,
47,197,
48,198,Do Not Sell My Personal Information
49,199,
0,200,
1,201,
2,202,
3,203,
4,204,
5,205,Do Not Sell Or Share My Personal Information
6,206,
7,207,
8,208,
9,209,
10,210,
11,211,
12,212,
13,213,
14,214,Do not sell or share my personal information.
15,215,DO NOT SELL MY INFORMATION
16,216,
17,217,Do not sell or share my personal information.
18,218,Do Not Sell or Share My Personal Information
19,219,
20,220,
21,221,
22,222,
23,223,
24,224,
25,225,Do Not Sell My Personal Information
26,226,
27,227,
28,228,
29,229,
30,230,
31,231,
32,232,
33,233,DO NOT SELL MY INFO
34,234,
35,235,Do Not Sell My Info
36,236,
37,237,
38,238,Do Not Sell
39,239,
40,240,
41,241,
42,242,
43,243,
44,244,
45,245,
46,246,
47,247,
48,248,
49,249,
0,499,Do Not Sell or Share My Personal Information
1,500,
2,501,
3,502,
4,503,
5,504,
6,505,DO NOT SELL MY PERSONAL INFORMATION
7,506,
8,507,Do Not Sell or Share My Personal Info
9,508,
10,509,
11,510,
12,511,
13,512,
14,513,
15,514,
16,515,
17,516,
18,517,
19,518,
20,519,
21,520,
22,521,
23,522,
24,523,
25,524,
26,525,
27,526,
28,527,
29,528,
30,529,
31,530,
32,531,
33,532,
34,533,
35,534,
36,535,
37,536,
38,537,Do Not Sell/Share My Personal Information
39,538,
40,539,
41,540,
42,541,
43,542,Do not sell my info
44,543,
45,544,
46,545,
47,546,
48,547,
49,548,
0,399,
1,400,
2,401,
3,402,Manage cookies/Do not sell my data
4,403,Do Not Sell My Info
5,404,
6,405,
7,406,
8,407,
9,408,
10,409,
11,410,
12,411,
13,412,
14,413,
15,414,
16,415,
17,416,
18,417,
19,418,
20,419,
21,420,Do Not Sell My Personal Information
22,421,Do Not Sell My Personal Information
23,422,
24,423,
25,424,
26,425,Do not sell or share my personal information
27,426,
28,427,
29,428,Do Not Sell My Personal Information
30,429,
31,430,
32,431,
33,432,
34,433,Do Not Sell or Share My Personal Information
35,434,
36,435,
37,436,
38,437,
39,438,
40,439,
41,440,
42,441,
43,442,
44,443,
45,444,
46,445,Do not sell or share my personal information
47,446,Do not sell or share my personal information
48,447,
49,448,
0,100,
1,101,
2,102,
3,103,
4,104,Do Not Sell or Share My Personal Information
5,105,
6,106,
7,107,Do Not Sell My Info
8,108,
9,109,
10,110,California Customers Only: Do Not Sell My Info
11,111,Do Not Sell or Share My Personal Information
12,112,
13,113,
14,114,Do Not Sell My Personal Info
15,115,Do not sell or share my personal information.
16,116,Do Not Sell My Personal Information
17,117,Do not sell my info
18,118,
19,119,Do not sell my info
20,120,
21,121,
22,122,Do Not Sell My Personal Info
23,123,California Do Not Sell
24,124,
25,125,Do Not Sell My Personal Information
26,126,DO NOT SELL OR SHARE MY PERSONAL INFORMATION
27,127,
28,128,
29,129,
30,130,Do Not Sell or Share My Personal Information
31,131,
32,132,Do Not Sell My Info
33,133,
34,134,
35,135,Do Not Sell My Personal Information
36,136,Do Not Sell or Share My Personal Information
37,137,Do Not Sell or Share My Info
38,138,
39,139,
40,140,
41,141,DO NOT SELL OR SHARE MY PERSONAL INFORMATION
42,142,Do Not Sell or Share My Personal Information
43,143,
44,144,
45,145,
46,146,Do Not Sell or Share My Personal Information
47,147,
48,148,CA: Do Not Sell My Info
49,149,
0,299,Do Not Sell or Share My Personal Information / Personal Data Opt-out
1,300,Do Not Sell or Share My Personal Information
2,301,Do not sell my personal information.
3,302,CA Consumers: DO NOT SELL OR SHARE MY PERSONAL INFORMATION
4,303,Do Not Sell My Personal Information
5,304,
6,305,
7,306,
8,307,
9,308,
10,309,
11,310,Do Not Sell or Share My Personal Information
12,311,Do Not Sell My Personal Information
13,312,Ad Opt out/ Do Not Sell My Personal Information
14,313,
15,314,
16,315,
17,316,Do Not Sell or Share My Personal Information / Personal Data Opt-out
18,317,
19,318,
20,319,Do Not Sell My Personal Information
21,320,
22,321,
23,322,
24,323,
25,324,
26,325,Do Not Sell My Personal Information
27,326,
28,327,
29,328,
30,329,
31,330,
32,331,
33,332,
34,333,
35,334,Do Not Sell My Information
36,335,
37,336,
38,337,
39,338,
40,339,
41,340,
42,341,
43,342,
44,343,
45,344,
46,345,
47,346,
48,347,Do Not Sell or Share My Personal Information
49,348,
0,549,
1,550,CCPA / Do Not Sell My Info
2,551,
3,552,Do Not Sell or Share My Info
4,553,
5,554,Do Not Sell or Share My Personal Information
6,555,Do Not Sell My Personal Information
7,556,Do Not Sell My Personal Information
8,557,Do Not Sell My Personal Information
9,558,
10,559,DO NOT SELL OR SHARE MY PERSONAL INFORMATION
11,560,
12,561,
13,562,
14,563,
15,564,
16,565,
17,566,Do Not Sell My Personal Information
18,567,
19,568,
20,569,
21,570,
22,571,Do Not Sell My Personal Information
23,572,Do Not Sell or Share My Personal Information
24,573,
25,574,Do Not Sell or Share My Personal Information
26,575,
27,576,Do Not Sell My Personal Information
28,577,
29,578,
30,579,Do Not Sell or Share My Personal Information
31,580,Do not sell my information
32,581,Do Not Sell or Share My Personal Information
33,582,Do Not Sell My Personal Information
34,583,
35,584,
36,585,
37,586,
38,587,
39,588,
40,589,
41,590,
42,591,Do Not Sell My Personal Information
43,592,
0,50,Do Not Sell My Personal Information â€“ CA Residents Only
1,51,
2,52,Do Not Sell My Personal Information
3,53,Do Not Sell My Info
4,54,Do Not Sell My Personal Info
5,55,
6,56,
7,57,
8,58,
9,59,
10,60,
11,61,
12,62,Do Not Sell My Personal Information
13,63,
14,64,
15,65,
16,66,
17,67,
18,68,
19,69,Do Not Sell My Personal Information
20,70,
21,71,
22,72,
23,73,
24,74,Do Not Sell My Personal Information
25,75,"Ad Choices
Do not sell my personal information"
26,76,
27,77,
28,78,Do Not Sell My Personal Information
29,79,
30,80,Do Not Sell or Share My Personal Information
31,81,
32,82,
33,83,
34,84,
35,85,
36,86,
37,87,Do Not Sell My Personal Information
38,88,Do Not Sell My Personal Information
39,89,
40,90,
41,91,
42,92,
43,93,Do not sell or share my personal information.
44,94,
45,95,
46,96,
47,97,Do not sell my personal information
48,98,Do Not Sell My Info
49,99,
0,0,
1,1,
2,2,
3,3,Do not sell or share my personal information.
4,4,
5,5,Do Not Sell My Personal Information
6,6,
7,7,Do Not Sell or Share My Personal Info
8,8,Do Not Sell or Share My Personal Information
9,9,California Do Not Sell
10,10,
11,11,
12,12,
13,13,California Do Not Sell
14,14,
15,15,
16,16,
17,17,Do Not Sell My Information
18,18,Do Not Sell My Information
19,19,Do Not Sell My Information
20,20,
21,21,Do not sell or share my personal information
22,22,Do Not Sell or Share My Personal Information
23,23,
24,24,Do Not Sell or Share My Personal Information
25,25,
26,26,
27,27,
28,28,
29,29,
30,30,
31,31,Do Not Sell My Personal Information
32,32,
33,33,
34,34,
35,35,
36,36,
37,37,
38,38,
39,39,Do Not Sell or Share My Personal Information
40,40,
41,41,Do Not Sell or Share My Personal Information
42,42,
43,43,Do Not Sell My Info
44,44,Do Not Sell or Share My Personal Information
45,45,
46,46,
47,47,
48,48,
49,49,
0,449,
1,450,
2,451,
3,452,
4,453,
5,454,Do Not Sell My PI
6,455,
7,456,
8,457,
9,458,
10,459,
11,460,
12,461,
13,462,
14,463,
15,464,
16,465,
17,466,
18,467,
19,468,
20,469,
21,470,
22,471,
23,472,
24,473,
25,474,
26,475,
27,476,
28,477,
29,478,
30,479,
31,480,
32,481,Do not sell or share my personal information.
33,482,Do not sell or share my personal information.
34,483,
35,484,
36,485,
37,486,
38,487,Do Not Sell My Personal Information
39,488,
40,489,
41,490,Do Not Sell or Share My Personal Information
42,491,
43,492,
44,493,Do Not Sell My Personal Information
45,494,
46,495,
47,496,
48,497,
49,498,Do Not Sell My Personal Information
0,349,
1,350,
2,351,CA Do Not Sell/Share My Personal Information
3,352,
4,353,Do Not Sell or Share My Personal Information
5,354,
6,355,
7,356,Do Not Sell or Share My Personal Information
8,357,Do Not Sell or Share My Personal Information
9,358,Do Not Sell My Personal Information
10,359,Do Not Sell/Share My Personal Information
11,360,
12,361,
13,362,
14,363,
15,364,DO NOT SELL OR SHARE MY PERSONAL INFORMATION
16,365,Do Not Sell or Share My Personal Information
17,366,
18,367,
19,368,Do Not Sell Or Share My Personal Information
20,369,
21,370,
22,371,
23,372,Do Not Sell or Share My Personal Information
24,373,Do Not Sell My Personal Information
25,374,
26,375,California Customers Only: Do Not Sell My Info
27,376,
28,377,
29,378,Do Not Sell or Share My Personal Information
30,379,
31,380,Do Not Sell My Info
32,381,Do not sell or share my personal information
33,382,DO NOT SELL MY INFO
34,383,
35,384,
36,385,
37,386,
38,387,Do Not Sell My Personal Information
39,388,
40,389,
41,390,
42,391,
43,392,
44,393,
45,394,
46,395,Do Not Sell My Info
47,396,Do not sell or share my personal information.
48,397,
49,398,
0,250,
1,251,
2,252,Do Not Sell or Share My Personal Information (Personal Data Opt-out)
3,253,
4,254,
5,255,
6,256,
7,257,
8,258,DO NOT SELL MY PERSONAL INFORMATION
9,259,Do Not Sell My Info - CA only
10,260,
11,261,Do Not Sell
12,262,
13,263,
14,264,
15,265,
16,266,
17,267,
18,268,
19,269,Do Not Sell My Personal Information
20,270,
21,271,
22,272,
23,273,
24,274,Do Not Sell
25,275,Do Not Sell
26,276,Do Not Sell My Personal Information
27,277,
28,278,
29,279,
30,280,Do not sell my info
31,281,
32,282,
33,283,
34,284,
35,285,
36,286,
37,287,
38,288,
39,289,Do Not Sell My Personal Information
40,290,
41,291,
42,292,
43,293,Do Not Sell My Information
44,294,Do Not Sell or Share My Personal Information
45,295,Do Not Sell My Personal Information
46,296,Do Not Sell My Personal Infomation
47,297,
48,298,
