,filename,step1 present,Number translated,Text translated,Text,Text present,Manual check,Index
0,742,Yes,1,"do not sell]

""1",Do not sell my personal information,No,Do not sell my personal information,742
1,0calc_469,No,o / o,"do not sell]

o/o",,No,No,469
2,123rf_1008,No,o / o,"do not sell]

o/o",,No,No,1008
3,1800petmeds_197,No,o / o,"do not sell]

o/o",,No,No,197
4,1ink_627,Yes,1,"do not sell]

""1",,No,**Dubious but NO,627
5,1stdibs_98,Yes,1,Do Not Sell My Info| val,Do not sell my personal information,Yes,Do Not Sell My Info,98
6,3wishes_733,Yes,1,Do not sell my personal information| 1/1,Do not sell my personal information,Yes,Do not sell my personal information,733
7,500px_1013,No,o / o,"do not sell]

o/o",,No,No,1013
8,6pm_695,No,o / o,"do not sell]

o/o",,No,No,695
9,90min_501,No,o / o,"do not sell]

o/o",,No,No,501
10,aa_538,No,o / o,"do not sell]

o/o",,No,No,538
11,abcya_470,No,o / o,"do not sell]

o/o",,No,No,470
12,abebooks_257,No,o / o,"do not sell]

o/o",,No,No,257
13,abt_603,Yes,1,Do Not Sell My Personal Information| 1/1,Do not sell my personal information,Yes,Do Not Sell My Personal Information,603
14,academia_899,No,o / o,"do not sell]

o/o",,No,No,899
15,acer_625,No,o / o,"do not sell]

o/o",,No,No,625
16,acg_1065,No,o / o,"do not sell]

o/o",,No,No,1065
17,acs_418,No,o / o,"do not sell]

o/o",,No,No,418
18,active_493,Yes,3-Jan,Do Not Sell My Personal information| 1/3,Do not sell my personal information,Yes,Do Not Sell My Personal information,493
19,addgene_414,No,o / o,"do not sell]

o/o",,No,No,414
20,addresses_280,Yes,1,Do not sell my info val,Do not sell my personal information,Yes,Do not sell my info,280
21,adobe_647,Yes,1,Do not sell or share my personal information,,Yes,Do not sell or share my personal information,647
22,adoptapet_208,Yes,1,Do not sell my information| val,Do not sell my personal information,Yes,Do not sell my information,208
23,adorama_623,No,o / o,"do not sell]

o/o",,No,No,623
24,ae_700,Yes,1,Do not sell my information| val,,Yes,Do Not Sell My Personal Information,700
25,aessuccess_1085,No,o / o,"do not sell]

o/o",,No,No,1085
26,aetna_1068,No,o / o,"do not sell]

o/o",,No,No,1068
27,agoda_574,No,o / o,"do not sell]

o/o",,No,No,574
28,airasia_543,No,o / o,"do not sell]

o/o",,No,No,543
29,airbnb_569,No,o / o,"do not sell]

o/o",,No,No,569
30,airbus_789,No,o / o,"do not sell]

o/o",,No,No,789
31,airfarewatchdog_564,Check,,,,Yes,No,564
32,airforce_786,No,o / o,"do not sell]

o/o",,No,No,786
33,airliners_784,No,o / o,"do not sell]

o/o",,No,No,784
34,airnav_788,No,o / o,"do not sell]

o/o",,No,No,788
35,airpair_914,No,o / o,"do not sell]

o/o",,No,No,914
36,ajmadison_605,No,o / o,"do not sell]

o/o",,No,No,605
37,akamai_509,No,o / o,"do not sell]

o/o",,No,No,509
38,akc_201,No,o / o,"do not sell]

o/o",,No,CA privacy rights?,201
39,alaskaair_548,No,o / o,"do not sell]

o/o",,No,No,548
40,albertsons_34,Yes,1,"do not sell]

""1",Do not sell my personal information,No,Do Not Sell My Personal Information,34
41,alibaba_355,No,o / o,"do not sell]

o/o",,No,No,355
42,aliexpress_328,No,o / o,"do not sell]

o/o",,No,No,328
43,alison_953,No,o / o,"do not sell]

o/o",,No,No,953
44,all-free-download_1011,No,o / o,"do not sell]

o/o",,No,No,1011
45,allaboutbirds_192,No,o / o,"do not sell]

o/o",,No,No,192
46,allaboutcircuits_456,No,o / o,"do not sell]

o/o",,No,No,456
47,alldatasheet_451,No,o / o,"do not sell]

o/o",,No,No,451
48,allmusic_978,No,o / o,"do not sell]

o/o",,No,No,978
49,allposters_100,Yes,1,Do Not Sell My Personal Information| 1/1,Do not sell my personal information,Yes,Do Not Sell My Personal Information,100
50,allrecipes_1089,Yes,1,Do Not Sell My Personal Information| 1/1,Do not sell my personal information,Yes,Do Not Sell My Personal Information,1089
51,allstate_1070,No,o / o,"do not sell]

o/o",,No,No,1070
52,allure_874,No,o / o,"do not sell]

o/o",,No,No,874
53,allynscura_779,No,o / o,"do not sell]

o/o",,No,No,779
54,alternet_173,No,o / o,"do not sell]

o/o",,No,No,173
55,amazon_219,No,o / o,"do not sell]

o/o",,No,No,219
56,amctheatres_989,No,o / o,"do not sell]

o/o",,No,No,989
57,amd_619,No,o / o,"do not sell]

o/o",,No,No,619
58,americanexpress_1038,No,o / o,"do not sell]

o/o",,No,No,1038
59,angi_274,No,o / o,"do not sell]

o/o",,No,No,274
60,anthem_1072,No,o / o,"do not sell]

o/o",,No,No,1072
61,anthropologie_114,No,o / o,"do not sell]

o/o",For CA residents,No,For CA Residents,114
62,apartmenttherapy_121,No,o / o,"do not sell]

o/o",Eu and California data subject request,No,Eu and California data subject request,121
63,apple_345,No,o / o,"do not sell]

o/o",,No,No,345
64,area-codes_278,No,o / o,"do not sell]

o/o",,No,No,278
65,art_103,Yes,1,Do Not Sell My Personal Information| 1/1,Do not sell my personal information,Yes,Do Not Sell My Personal Information,103
66,artsy_102,Yes,1,"do not sell]

""1",Do not sell my personal information,No,Do Not Sell My Personal information,102
67,asda_27,No,o / o,"do not sell]

o/o",,No,No,27
68,ashford_716,No,o / o,"do not sell]

o/o",,No,No,716
69,ashleyfurniture_112,Yes,1,Do not sell my Personal Information| 1/1,Do not sell my personal information,Yes,Do not sell my Personal Information,112
70,ask_526,Yes,1,Do Not Sell My Personal Information| 1/1,Do not sell my personal information,Yes,Do Not Sell My Personal Information,526
71,asknumbers_463,No,o / o,"do not sell]

o/o",,No,No,463
72,asos_685,No,o / o,"do not sell]

o/o",,No,No,685
73,astro_388,No,o / o,"do not sell]

o/o",,No,No,388
74,astrology_382,No,o / o,DO NOTSELL MY INFO| o/o,Do not sell my personal information,Yes,DO NOTSELL MY INFO,382
75,astrologyanswers_383,No,o / o,"do not sell]

o/o",,No,No,383
76,astrosage_389,No,o / o,"do not sell]

o/o",,No,No,389
77,astrostyle_391,No,o / o,"do not sell]

o/o",,No,No,391
78,audible_232,No,o / o,"do not sell]

o/o",,No,No,232
79,audiusa_820,Yes,1,Do not sell my personal information| 1/1,Do not sell my personal information,Yes,Do not sell my personal information,820
80,audubon_193,No,o / o,"do not sell]

o/o",,No,No,193
81,autobytel_804,Yes,1,Do Not Sell My Information| val,Do not sell my personal information,Yes,Do Not Sell My Information,804
82,autodesk_455,Yes,1,Do not sell my personal information| 1/1,Do not sell my personal information,Yes,Do not sell my personal information,455
83,autotrader_793,No,o / o,"do not sell]

o/o",,No,No,793
84,avast_631,Yes,1,Do not sell my info val,Do not sell my personal information,Yes,Do not sell my info ,631
85,avery_139,No,o / o,"do not sell]

o/o",,No,No,139
86,avg_628,Yes,1,Do not sell my info val,Do not sell my personal information,Yes,Do not sell my info,628
87,aviationweather_785,No,o / o,"do not sell]

o/o",,No,No,785
88,avira_636,No,o / o,"do not sell]

o/o",,No,No,636
89,avon_846,No,o / o,"do not sell]

o/o",,No,No,846
90,azlyrics_965,No,o / o,"do not sell]

o/o",,No,No,965
91,backyardchickens_214,No,o / o,"do not sell]

o/o",,No,No,214
92,bandcamp_980,No,o / o,"do not sell]

o/o",,No,No,980
93,bankofamerica_1037,No,o / o,"do not sell]

o/o",,No,No,1037
94,barnesandnoble_225,Yes,1,Do Not Sell My Personal Information| 1/1,Do not sell my personal information,Yes,Do Not Sell My Personal Information,225
95,basketball-reference_479,No,o / o,"do not sell]

o/o",,No,No,479
96,bbb_272,No,o / o,"do not sell]

o/o",,No,No,272
97,bbc_962,Yes,1,AdChoices / Do Not Sell My Info| val,Do not sell my personal information,Yes,AdChoices / Do Not Sell My Info,962
98,bcbs_1067,No,o / o,"do not sell]

o/o",,No,No,1067
99,behance_899,No,o / o,"do not sell]

o/o",,No,No,899
100,belk_377,Yes,1,Not Sell My Info (CA Customers Only)|_ 1/1,California residents: do not sell my info,Yes,Do Not Sell My Info (CA Customers Only),377
101,berries_31,Yes,1,Do Not Sell My Personal Information| 1/1,Do not sell my personal information,Yes,Do Not Sell My Personal Information,31
102,bestbuy_351,Yes,1,Do Not Sell My Personal Information| 1/1,Do not sell my personal information,Yes,Do Not Sell My Personal Information,351
103,bet-at-home_48,No,o / o,"do not sell]

o/o",,No,No,48
104,bet9ja_47,No,o / o,"do not sell]

o/o",,No,No,47
105,beyondmenu_25,No,o / o,"do not sell]

o/o",,No,No,25
106,bhg_125,Yes,1,Do Not Sell My Personal Information| 1/1,Do not sell my personal information,Yes,Do Not Sell My Personal Information,125
107,bhphotovideo_612,No,o / o,"do not sell]

o/o",,No,No,612
108,biglots_110,Yes,1,Customers Only: Do Not Sell My Info| 1/1,Do not sell my personal information,Yes,Customers Only: Do Not Sell My Info,110
109,bigthink_951,No,o / o,"do not sell]

o/o",,No,No,951
110,billboard_977,No,o / o,"do not sell]

o/o",,No,No,977
111,bing_266,No,o / o,"do not sell]

o/o",,No,No,266
112,biologyonline_406,No,o / o,"do not sell]

o/o",,No,No,406
113,biomedcentral_402,Yes,1,Manage cookies/Do not sell my data|_ 1/1,Do not sell my personal information,Yes,Manage cookies/Do not sell my data,402
114,birchbox_854,No,o / o,"do not sell]

o/o",,No,No,854
115,bissell_608,Yes,1,Do Not Sell My Information| val,Do not sell my personal information,Yes,Do Not Sell My Information,608
116,bitdefender_641,No,o / o,"do not sell]

o/o",,No,No,641
117,bizjournals_1025,No,o / o,"do not sell]

o/o",,No,No,1025
118,bizrate_312,Yes,1,Do Not Sell My Personal Information| 1/1,Do not sell my personal information,Yes,Ad opt out/Do Not Sell My Personal Information,312
119,bkstr_259,Yes,1,"Do Not Sell My Info -CA only,

""1",California residents: do not sell my info,Yes,Do Not Sell My Info -CA only,259
120,blackboard_880,Yes,1,Do Not Sell My Pl val,Do not sell my personal information,Yes,Do Not Sell My Pl ,880
121,bloomberg_1018,Yes,1,"do not sell]

""1",California residents: do not sell my info,No,Do not sell my info (California),1018
122,bloomingdales_372,Yes,1,ell or Share My Personal Information| 1/1,Do not sell or share my personal information,Yes,Do not sell or share my personal information,372
123,bluenile_712,No,o / o,"do not sell]

o/o",,No,cannot automate,712
124,bmwusa_816,Yes,1,Do Not Sell My Personal Information| 1/1,Do not sell my personal information,Yes,Do Not Sell My Personal Information,816
125,boatshop24_833,Yes,1,Do Not Sell My Personal Information| 1/1,Do not sell my personal information,Yes,Do Not Sell My Personal Information,833
126,boattrader_289,Yes,1,Do Not Sell My Personal Information| 1/1,Do not sell my personal information,Yes,Do Not Sell My Personal Information,289
127,boeing_783,No,o / o,"do not sell]

o/o",,No,No,783
128,boingboing_681,No,o / o,"do not sell]

o/o",,No,No,681
129,boldsky_867,No,o / o,"do not sell]

o/o",,No,No,867
130,bonappetit_16,No,o / o,"do not sell]

o/o",,No,No,16
131,bookbub_250,No,o / o,"do not sell]

o/o",,No,No,250
132,bookdepository_249,No,o / o,"do not sell]

o/o",,No,No,249
133,bookfinder_320,No,o / o,"do not sell]

o/o",,No,No,320
134,booking_567,No,o / o,"do not sell]

o/o",,No,No,567
135,bookingbuddy_568,No,o / o,"do not sell]

o/o",,No,No,568
136,bookoo_292,No,o / o,"do not sell]

o/o",,No,No,292
137,bosch-home_604,No,o / o,"do not sell]

o/o",,No,No,604
138,brainpop_949,Check,2-Feb,"do not sell]

2/2",Do not sell my personal information,No,Do Not Sell My Personal Information,949
139,brastop_732,No,o / o,"do not sell]

o/o",,No,No,732
140,bravissimo_736,No,o / o,"do not sell]

o/o",,No,No,736
141,breitbart_145,No,o / o,"do not sell]

o/o",,No,No,145
142,britishairways_547,No,o / o,"do not sell]

o/o",,No,No,547
143,broadcom_637,No,o / o,"do not sell]

o/o",,No,No,637
144,broadinstitute_408,No,o / o,"do not sell]

o/o",,No,No,408
145,broadway_998,No,o / o,"do not sell]

o/o",,No,No,998
146,burlington_378,Check,2-Feb,Do Not Sell My Personal information| 2/2,Do not sell my personal information,Yes,Do Not Sell My Personal information,378
147,business-standard_1034,No,o / o,"do not sell]

o/o",,No,No,1034
148,businessinsider_1016,Yes,1,"do not sell]

""1",California residents: do not sell my info,No,CA Do Not Sell My info,1016
149,cabelas_368,Yes,1,Do Not Sell My Personal Information| 1/1,Do not sell my personal information,Yes,Do Not Sell My Personal Information,368
150,cafeastrolohy_385,No,o / o,"do not sell]

o/o",,No,No,385
151,calculatorsoup_477,No,o / o,"do not sell]

o/o",,No,No,477
152,calibre_253,Check,,"ot sell

o/o",,Yes,No,253
153,calorieking_58,No,o / o,"do not sell]

o/o",,No,No,58
154,cambridge_222,No,o / o,"do not sell]

o/o",,No,No,222
155,capitalone_1039,No,o / o,"do not sell]

o/o",,No,No,1039
156,caranddriver_794,Yes,1,Do Not Sell My Personal Information| 1/1,Do not sell my personal information,Yes,Do Not Sell My Personal Information,794
157,careerbuilder_925,Yes,1,Do Not Sell My Personal Information| 1/1,Do not sell my personal information,Yes,Do Not Sell My Personal Information,925
158,carfax_799,No,o / o,"do not sell]

o/o",,No,No,799
159,cargurus_792,Yes,1,Do Not Sell My Personal Information| 1/1,Do not sell my personal information,Yes,Do Not Sell My Personal Information,792
160,carmax_796,Yes,1,Do Not Sell My Information| val,Do not sell my personal information,Yes,Do Not Sell My Information,796
161,cars_795,Yes,1,Do Not Sell My Personal Information| 1/1,Do not sell my personal information,Yes,Do Not Sell My Personal Information,795
162,carsforsale_797,No,o / o,"do not sell]

o/o",,No,No,797
163,carwale_802,No,o / o,"do not sell]

o/o",,No,No,802
164,cas_422,No,o / o,"do not sell]

o/o",,No,No,422
165,cavsnation_482,No,o / o,"do not sell]

o/o",,No,No,482
166,cbssports_505,Yes,1,TSELL MY PERSONAL INFORMATION| 1/1,Do not sell my personal information,Yes,DO NOT SELL MY PERSONAL INFORMATION,505
167,cdc_70,No,o / o,"do not sell]

o/o",,No,No,70
168,cdnetworks_515,No,o / o,"do not sell]

o/o",,No,No,515
169,cdw_613,Yes,1,sonal Information - Currently Sharing] 1/1,Do not sell my personal information,Yes,Do Not Sell My Personal Information - Currently sharing,613
170,cell_404,No,o / o,"do not sell]

o/o",,No,No,404
171,cengage_261,Yes,1,DO NOTSELL val,Do not sell my personal information,Yes,DO NOT SELL,261
172,cesarsway_209,No,o / o,"do not sell]

o/o",,No,No,209
173,chase_1035,No,o / o,"do not sell]

o/o",,No,No,1035
174,chase_1053,No,o / o,"do not sell]

o/o",,No,No,1053
175,cheapoair,No,o / o,"do not sell]

o/o",,No,No,cheapoair
176,chegg_233,Yes,1,"DO NOTSELL MY INFO| ""1",Do not sell my personal information,Yes,DO NOTSELL MY INFO,233
177,chegg_892,Yes,1,"DO NOTSELL MY INFO| ""1",Do not sell my personal information,Yes,DO NOTSELL MY INFO,892
178,chevrolet_810,Yes,1,"do not sell]

""1",,No,California Residents: Do Not Sell My Personal Information,810
179,chewy_196,No,o / o,"do not sell]

o/o",,No,No,196
180,choicehotels,Yes,1,Do Not Sell My Personal Information| 1/1,California residents: do not sell my info,Yes,Do Not Sell My Personal Information,choicehotels
181,cigna_1071,No,o / o,"do not sell]

o/o",,No,No,1071
182,cinemark_991,Yes,1,Do Not Sell My Personal Information| 1/1,Do not sell my personal information,Yes,Do Not Sell My Personal Information,991
183,cirquedusoleil_999,Yes,1,"do not sell]

""1",Do not sell my personal information,No,Do Not Sell My Personal Information,999
184,citi_1041,No,o / o,"do not sell]

o/o",,No,No,1041
185,citi_1046,No,o / o,"do not sell]

o/o",,No,No,1046
186,classiccars_803,No,o / o,"do not sell]

o/o",,No,No,803
187,claz_290,No,o / o,"do not sell]

o/o",,No,No,290
188,cleartrip,No,o / o,"do not sell]

o/o",,No,No,cleartrip
189,clinicaltrials_82,No,o / o,"do not sell]

o/o",,No,No,82
190,cloudflare_508,No,o / o,"do not sell]

o/o",,No,No,508
191,clutchpoints_481,No,o / o,"do not sell]

o/o",,No,No,481
192,cnbc_1022,Yes,1,Do Not Sell My Personal Information| 1/1,Do not sell my personal information,Yes,Do Not Sell My Personal Information,1022
193,cnet_664,Yes,1,ell or Share My Personal Information| 1/1,Do not sell or share my personal information,Yes,Do not sell or share my personal information,664
194,cnn_1021,Yes,1,Do Not Sell My Personal Information| 1/1,Do not sell my personal information,Yes,Do Not Sell My Personal Information,1021
195,cnn_157,Yes,1,Do Not Sell My Personal Information| 1/1,Do not sell my personal information,Yes,Do Not Sell My Personal Information,157
196,cnn_958,Yes,1,Do Not Sell My Personal Information| 1/1,Do not sell my personal information,Yes,Do Not Sell My Personal Information,958
197,cntraveler,No,o / o,"do not sell]

o/o",,No,No,cntraveler
198,co_849,No,o / o,"do not sell]

o/o",,No,No,849
199,co_928,No,o / o,"do not sell]

o/o",,No,No,928
200,co_996,No,o / o,"do not sell]

o/o",,No,No,996
201,coach_717,Yes,1,"do not sell]

""1",Do not sell my personal information,No,DO NOT SELL MY PERSONAL INFO,717
202,codecademy_944,Yes,1,Do Not Sell My Personal Information| 1/1,Do not sell my personal information,Yes,Do Not Sell My Personal Information,944
203,colehaan_766,Yes,1,"do not sell]

""1",Do not sell my personal information,No,Do not sell my info,766
204,collegeboard_1080,No,o / o,"do not sell]

o/o",,No,No,1080
205,collegeboard_890,No,o / o,"do not sell]

o/o",,No,No,890
206,collegenet_1088,No,o / o,"do not sell]

o/o",,No,No,1088
207,comodo_642,No,o / o,"do not sell]

o/o",,No,No,642
208,comparethemarket_324,No,o / o,"do not sell]

o/o",,No,No,324
209,comparison_1077,Yes,1,Do Not Sell My Personal Information| 1/1,Do not sell my personal information,Yes,Do Not Sell My Personal Information,1077
210,competitor_496,No,o / o,"do not sell]

o/o",,No,No,496
211,computerhope_617,No,o / o,"do not sell]

o/o",,No,No,617
212,connection_614,No,o / o,"do not sell]

o/o",,No,No,614
213,consumerreports_675,Yes,1,Do Not Sell My Personal Information| 1/1,Do not sell my personal information,Yes,Do Not Sell My Personal Information,675
214,convertunits_467,No,o / o,"do not sell]

o/o",,No,No,467
215,cookpad_10,No,o / o,"do not sell]

o/o",,No,No,10
216,copart_806,No,o / o,"do not sell]

o/o",,No,No,806
217,coroflot_913,No,o / o,"do not sell]

o/o",,No,No,913
218,corotos_287,No,o / o,"do not sell]

o/o",,No,No,287
219,cosmopolitan_858,Yes,1,Do Not Sell My Personal Information| 1/1,Do not sell my personal information,Yes,Do Not Sell My Personal Information,858
220,countryliving_124,Yes,1,TSELL MY PERSONAL INFORMATION| 1/1,Do not sell my personal information,Yes,DO NOT SELL MY PERSONAL INFORMATION,124
221,coupons_298,Yes,1,Do Not Sell My Personal Information| 1/1,Do not sell my personal information,Yes,Do Not Sell My Personal Information,298
222,coursera_886,No,o / o,"do not sell]

o/o",,No,No,886
223,coursera_941,No,o / o,"do not sell]

o/o",,No,No,941
224,craftsy_132,Yes,1,Do Not Sell My Info| val,Do not sell my personal information,Yes,Do Not Sell My Info,132
225,craigslist_282,No,o / o,"do not sell]

o/o",,No,No,282
226,craigslist_348,No,o / o,"do not sell]

o/o",,No,No,348
227,creativemarket_1014,No,o / o,"do not sell]

o/o",,No,No,1014
228,credoaction_175,No,o / o,"do not sell]

o/o",,No,No,175
229,cshlp_413,No,o / o,"do not sell]

o/o",,No,No,413
230,curbed_126,Yes,1,"DO NOTSELL MY INFO| ""1",Do not sell my personal information,Yes,DO NOTSELL MY INFO,126
231,curejoy_73,No,o / o,"do not sell]

o/o",,No,No,73
232,cvs_77,Yes,1,"do not sell]

""1",Do not sell my personal information,No,Do Not Sell My Personal Information,77
233,cycletrader_830,No,o / o,"do not sell]

o/o",,No,cannot automate,830
234,d2l_454,Yes,1,Do Not Sell My Pl val,Do not sell my personal information,Yes,Do Not Sell My Pl,454
235,dailycaller_148,Yes,1,CA: Do Not Sell My Info| val,California residents: do not sell my info,Yes,CA: Do Not Sell My Info,148
236,dailykos_164,Yes,1,Do Not Sell My Info| val,Do not sell my personal information,Yes,Do Not Sell My Info,164
237,dailymail_178,Yes,1,Do not sell my info val,Do not sell my personal information,Yes,Do not sell my info,178
238,dailymotion_970,No,o / o,"do not sell]

o/o",,No,No,970
239,dailywire_142,Yes,1,Do Not Sell My Personal Information| 1/1,Do not sell my personal information,Yes,Do Not Sell My Personal Information,142
240,dallascowboys_489,No,o / o,"do not sell]

o/o",,No,No,489
241,dealnews_304,No,o / o,"do not sell]

o/o",,No,No,304
242,dealspotr_333,No,o / o,"do not sell]

o/o",,No,No,333
243,deezer_983,No,o / o,"do not sell]

o/o",,No,No,983
244,delish_12,Yes,1,TSELL MY PERSONAL INFORMATION| 1/1,Do not sell my personal information,Yes,DO NOT SELL MY PERSONAL INFO,12
245,delivery_20,No,o / o,"do not sell]

o/o",,No,No,20
246,delivery_28,No,o / o,"do not sell]

o/o",,No,No,28
247,delonghi_607,No,o / o,"do not sell]

o/o",,No,No,607
248,delta_540,No,o / o,"do not sell]

o/o",,No,No,540
249,depositphotos_1012,No,o / o,"do not sell]

o/o",,No,No,1012
250,designcrowd_909,No,o / o,"do not sell]

o/o",,No,No,909
251,deviantart_96,No,o / o,"do not sell]

o/o",,No,No,96
252,deviantart_968,No,o / o,"do not sell]

o/o",,No,No,968
253,dice_904,Yes,1,Do Not Sell My Personal Information| 1/1,Do not sell my personal information,Yes,Do Not Sell My Personal Information,904
254,dickssportinggoods_367,Yes,1,Do Not Sell My Personal Information| 1/1,Do not sell my personal information,Yes,Do Not Sell My Personal Information,367
255,digitaltrends_670,Yes,1,Do Not Sell or Share My Information| 1/1,Do not sell my personal information,Yes,Do Not Sell or Share My Information,670
256,dillards_371,No,o / o,"do not sell]

o/o",,No,No,371
257,discogs_979,No,o / o,"do not sell]

o/o",,No,No,979
258,discover_1044,No,o / o,"do not sell]

o/o",,No,No,1044
259,diy_350,No,o / o,"do not sell]

o/o",,No,No,350
260,doba_338,No,o / o,"do not sell]

o/o",,No,No,338
261,dodge_822,No,o / o,‚Äòersonal Info(Open in anew window)| 0/0,Do not sell my personal information,Yes,Do Not Sell my personal info (Open in a newe window),822
262,dogbreedinfo_211,No,o / o,"do not sell]

o/o",,No,No,211
263,dogster,Yes,1,"do not sell]

""1",Do not sell my personal information,No,Do not sell my information,dogster
264,dogtime_203,No,o / o,"do not sell]

o/o",,No,No,203
265,doityourself_948,Yes,1,Do Not Sell My Personal Information| 1/1,Do not sell my personal information,Yes,Do Not Sell My Personal Information,948
266,dollardays_334,Yes,1,Do Not Sell My Information| val,Do not sell my personal information,Yes,Do Not Sell My Information,334
267,dominos_35,Yes,1,"do not sell]

""1",Do not sell or share my personal information,No,Do not sell/share my info,35
268,doordash_22,No,o / o,"do not sell]

o/o",,No,No,22
269,dpreview_678,No,o / o,"do not sell]

o/o",,No,No,678
270,dreamstime_1010,No,o / o,"do not sell]

o/o",,No,No,1010
271,dribble_900,No,o / o,"do not sell]

o/o",,No,No,900
272,drugs_75,No,o / o,"do not sell]

o/o",,No,No,75
273,dsw_759,Yes,1,Do Not Sell My Personal Information| 1/1,Do not sell my personal information,Yes,Do Not Sell My Personal Information,759
274,dx_331,No,o / o,"do not sell]

o/o",,No,No,331
275,dyson_601,No,o / o,"do not sell]

o/o",,No,No,601
276,earthsky_396,No,o / o,"do not sell]

o/o",,No,No,396
277,eater_7,Yes,1,Do Not Sell My Personal Info| val,Do not sell my personal information,Yes,Do Not Sell My Personal Info,7
278,ebay_344,Yes,1,Do not sell my personal information| 1/1,Do not sell my personal information,Yes,Do not sell my personal information,344
279,ebookfriendly_243,No,o / o,"do not sell]

o/o",,No,No,243
280,economist_1029,Yes,1,"do not sell]

""1",Do not sell my personal information,No,Do Not Sell My Personal Information,1029
281,ed_1081,No,o / o,"do not sell]

o/o",,No,No,1081
282,edmunds_791,Yes,1,ell or Share My Personal Information| 1/1,Do not sell or share my personal information,Yes,Do Not Sell or Share My Information,791
283,education_894,No,o / o,"do not sell]

o/o",,No,No,894
284,edx_942,No,o / o,"do not sell]

o/o",,No,No,942
285,ehealthinsurance_1079,No,o / o,"do not sell]

o/o",,No,No,1079
286,eia_431,No,o / o,"do not sell]

o/o",,No,No,431
287,elclasificado_293,Yes,1,Do Not Sell My Information| val,Do not sell my personal information,Yes,Do Not Sell My Information,293
288,elle_841,Yes,1,TSELL MY PERSONAL INFORMATION| 1/1,Do not sell my personal information,Yes,DO NOT SELL MY PERSONAL INFO,841
289,elle_860,Yes,1,TSELL MY PERSONAL INFORMATION| 1/1,Do not sell my personal information,Yes,DO NOT SELL MY PERSONAL INFO,860
290,elsevier_256,No,o / o,"do not sell]

o/o",,No,No,256
291,emirates_545,No,o / o,"do not sell]

o/o",,No,No,545
292,empowherr_92,No,o / o,"do not sell]

o/o",,No,No,92
293,energy_429,No,o / o,"do not sell]

o/o",,No,No,429
294,energystar_458,No,o / o,"do not sell]

o/o",,No,No,458
295,engadget_669,No,o / o,"do not sell]

o/o",,No,No,669
296,engineering_459,No,o / o,"do not sell]

o/o",,No,No,459
297,enotes_893,No,o / o,"do not sell]

o/o",,No,No,893
298,entrepreneur_1023,No,o / o,"do not sell]

o/o",,No,No,1023
299,epa_417,No,o / o,"do not sell]

o/o",,No,No,417
300,epa_427,No,o / o,"do not sell]

o/o",,No,No,427
301,epicurious_6,No,o / o,"do not sell]

o/o",,No,No,6
302,epson_626,Yes,1,Do Not Sell My Personal Information| 1/1,Do not sell my personal information,Yes,Do Not Sell My Personal Information,626
303,equinix_514,No,o / o,"do not sell]

o/o",,No,No,514
304,esa_390,No,o / o,"do not sell]

o/o",,No,No,390
305,esa_455,No,o / o,"do not sell]

o/o",,No,No,455
306,eset_635,No,o / o,"do not sell]

o/o",,No,No,635
307,esources_340,No,o / o,"do not sell]

o/o",,No,No,340
308,espn_499,Yes,1,Do Not Sell My Info| val,Do not sell my personal information,Yes,Do Not Sell My Info,499
309,esurance_1078,No,o / o,"do not sell]

o/o",,No,No,1078
310,etix_1003,No,o / o,"do not sell]

o/o",,No,No,1003
311,etsy_128,No,o / o,"do not sell]

o/o",,No,No,128
312,etsy_354,No,o / o,"do not sell]

o/o",,No,No,354
313,etsy_95,No,o / o,"do not sell]

o/o",,No,No,95
314,etsy_964,No,o / o,"do not sell]

o/o",,No,No,964
315,eventbrite_988,No,o / o,"do not sell]

o/o",,No,No,988
316,everrnote_660,No,o / o,"do not sell]

o/o",,No,No,660
317,everydayhealth_74,Yes,1,Do Not Sell My Personal Information| 1/1,Do not sell my personal information,Yes,Do Not Sell My Personal Information,74
318,everydayhealth_87,Yes,1,Do Not Sell My Personal Information| 1/1,Do not sell my personal information,Yes,Do Not Sell My Personal Information,87
319,ewg_430,No,o / o,"do not sell]

o/o",,No,No,430
320,expasy_405,No,o / o,"do not sell]

o/o",,No,No,405
321,expatriates_288,No,o / o,"do not sell]

o/o",,No,No,288
322,express-scripts_81,No,o / o,"do not sell]

o/o",,No,No,81
323,eyebuydirect_772,No,o / o,"do not sell]

o/o",,No,No,772
324,eyebuydirect_774,No,o / o,"do not sell]

o/o",,No,No,774
325,facebook_264,No,o / o,"do not sell]

o/o",,No,No,264
326,famousfootwear_762,No,o / o,at Sell My Personal info CAResidents| 0/0,Do not sell my personal information,Yes,Do not sell my personal information,762
327,fandango_986,Yes,1,Do Not Sell My Personal Information| 1/1,Do not sell my personal information,Yes,Do Not Sell My Personal Information,986
328,farmers_1074,No,o / o,tal Informationopens in new window| 0/0,Do not sell or share my personal information,Yes,Do Not Sell or Share My Information,1074
329,fashionbeans_859,No,o / o,"do not sell]

o/o",,No,No,859
330,fastcompany_1031,Yes,1,Do Not Sell My Datal val,Do not sell my personal information,Yes,Do Not Sell My Data,1031
331,fastweb_1087,Yes,1,Do Not Sell My Personal Information| 1/1,Do not sell my personal information,Yes,Do Not Sell My Personal Information,1087
332,fidelity_1060,No,o / o,"do not sell]

o/o",,No,No,1060
333,filehippo_659,No,o / o,"do not sell]

o/o",,No,No,659
334,findsimilar_325,Yes,1,Do Not Sell My Personal Information| 1/1,Do not sell my personal information,Yes,Do Not Sell My Personal Information,325
335,fineartamerica_101,No,o / o,"do not sell]

o/o",,No,No,101
336,finishline_761,No,o / o,"do not sell]

o/o",,No,No,761
337,fiverr_897,No,o / o,"do not sell]

o/o",,No,No,897
338,flashscore_46,No,o / o,"do not sell]

o/o",,No,No,46
339,flexjobs_908,No,o / o,"do not sell]

o/o",,No,No,908
340,flightaware_780,No,o / o,"do not sell]

o/o",,No,No,780
341,flightclub_698,No,o / o,"do not sell]

o/o",,No,No,698
342,flightradar24_781,No,o / o,"do not sell]

o/o",,No,No,781
343,flipkart_361,No,o / o,"do not sell]

o/o",,No,No,361
344,flyertalk,No,o / o,"do not sell]

o/o",,No,No,flyertalk
345,fodors,No,o / o,Do Not Sell My Personal information| 0/0,Do not sell my personal information,Yes,Do Not Sell My Personal information,fodors
346,food_2,Yes,1,"do not sell]

""1",Do not sell or share my personal information,No,Do Not Sell or Share My Information,2
347,foodnetwork,Yes,1,"do not sell]

""1",Do not sell or share my personal information,No,Do Not Sell or Share My Information,foodnetwork
348,footlocker_689,Yes,1,ell or Share my Personal Information| 1/1,Do not sell or share my personal information(CA residents only),Yes,(Calif) Do Not Sell or Share my Peresonal Information,689
349,forbes_1015,No,o / o,Do Not Sell My Personal information| 0/0,Do not sell my personal information,Yes,Do Not Sell My Personal information,1015
350,forbes_1054,No,o / o,Do Not Sell My Personal information| 0/0,Do not sell my personal information,Yes,Do Not Sell My Personal information,1054
351,ford_808,Yes,1,Do Not Sell My Personal Information| 1/1,Do not sell my personal information,Yes,Do Not Sell My Personal Information,808
352,forever21_690,No,o / o,"do not sell]

o/o",,No,No,690
353,forplaycatalog_731,No,o / o,"do not sell]

o/o",,No,No,731
354,forrtune_1027,Yes,1,Do Not Sell My Personal Information| 1/1,Do not sell my personal information,Yes,Do Not Sell My Personal Information,1027
355,fossil_709,Yes,1,Do Not Sell My Info| val,Do not sell my personal information,Yes,Do Not Sell My Info,709
356,fourrsquare_271,Yes,1,Do not sell my info val,Do not sell my personal information,Yes,Do not sell my info,271
357,foxbusiness_1032,Yes,1,Do Not Sell my Personal Information| 1/1,Do not sell my personal information,Yes,Do Not Sell my Personal Information,1032
358,foxnews_140,Yes,1,Do Not Sell my Personal Information| 1/1,Do not sell my personal information,Yes,Do Not Sell my Personal Information,140
359,foxnews_966,Yes,1,Do Not Sell my Personal Information| 1/1,Do not sell my personal information,Yes,Do Not Sell my Personal Information,966
360,foxsports_504,Yes,1,Do Not Sell my Personal Info || val,Do not sell my personal information,Yes,Do Not Sell my Personal Info,504
361,foxsports_972,Yes,1,Do Not Sell my Personal Info || val,Do not sell my personal information,Yes,Do Not Sell my Personal Info,972
362,fragrantica_840,No,o / o,"do not sell]

o/o",,No,No,840
363,framesdirect_770,No,o / o,"do not sell]

o/o",,No,No,770
364,frankandoak_749,No,o / o,"do not sell]

o/o",,No,No,749
365,fredericks_725,No,o / o,"do not sell]

o/o",,No,No,725
366,freejobalert_923,No,o / o,"do not sell]

o/o",,No,No,923
367,freemake_248,No,o / o,"do not sell]

o/o",,No,No,248
368,frommers,No,o / o,"do not sell]

o/o",,No,No,frommers
369,ft_1030,No,o / o,"do not sell]

o/o",,No,No,1030
370,futurescopes_397,No,o / o,"do not sell]

o/o",,No,No,397
371,fws_432,No,o / o,"do not sell]

o/o",,No,No,432
372,ganeshaspeaks_384,No,o / o,"do not sell]

o/o",,No,No,384
373,gap_691,Yes,1,"do not sell]

""1",Do not sell or share my personal information,No,Do Not Sell or Share My Information,691
374,gardeners_118,No,o / o,"do not sell]

o/o",,No,No,118
375,gardeningknowhow_115,No,o / o,"do not sell]

o/o",,No,No,115
376,gardenweb_117,Yes,1,Do not sell my info val,Do not sell my personal information,Yes,Do not sell my info ,117
377,gcfglobal_475,No,o / o,"do not sell]

o/o",,No,No,475
378,geappliances_599,Yes,1,ell Or Share My Personal Information| 1/1,Do not sell or share my personal information,Yes,Do Not Sell or Share My Information,599
379,geeksforgeeks_935,No,o / o,"do not sell]

o/o",,No,No,935
380,genecards_412,No,o / o,"do not sell]

o/o",,No,No,412
381,genius_973,Yes,1,Do Not Sell My Personal Information| 1/1,Do not sell my personal information,Yes,Do Not Sell My Personal Information,973
382,genome_409,Check,,,,Yes,No,409
383,getambassador_516,No,o / o,"do not sell]

o/o",,No,No,516
384,getitfree_302,Yes,1,sHARE MY PERSONAL INFORMATION| 1/1,Do not sell or share my personal information(CA residents only),Yes,CA Consumers: DO NOT SELL OR SHARE MY PERSONAL INFORRMATION,302
385,gettyimages_1007,No,o / o,"do not sell]

o/o",,No,No,1007
386,gfycat_975,No,o / o,"do not sell]

o/o",,No,No,975
387,gilt_847,No,o / o,"do not sell]

o/o",,No,No,847
388,github_648,No,o / o,"do not sell]

o/o",,No,No,648
389,glamour_868,No,o / o,"do not sell]

o/o",,No,No,868
390,glassdoor_919,Yes,1,Do Not Sell Or Share My Information| 1/1,Do not sell or share my personal information,Yes,Do Not Sell Or Share My Information,919
391,glasses_775,Yes,1,Do Not Sell My Personal Information| 1/1,Do not sell my personal information,Yes,Do Not Sell My Personal Information,775
392,glassesusa_720,No,o / o,"do not sell]

o/o",,No,No,720
393,globalspec_453,No,o / o,"do not sell]

o/o",,No,No,453
394,gm_817,No,o / o,"do not sell]

o/o",,No,No,817
395,gmc_827,Yes,1,"do not sell]

""1",,No,No,827
396,go_163,Yes,1,Do Not Sell My Personal Information| 1/1,Do not sell my personal information,Yes,Do Not Sell My Personal Information,163
397,gofundme_187,No,o / o,"do not sell]

o/o",,No,No,187
398,goibibo,No,o / o,"do not sell]

o/o",,No,No,goibibo
399,goldstar_1000,No,o / o,"do not sell]

o/o",,No,No,1000
400,goodreads_221,No,o / o,"do not sell]

o/o",,No,No,221
401,goodreads_273,No,o / o,"do not sell]

o/o",,No,No,273
402,goodrx_307,No,o / o,"do not sell]

o/o",Your Privacy Choices,No,Your Privacy Choices?,307
403,goodrx_79,No,o / o,"do not sell]

o/o",Your Privacy Choices,No,Your Privacy Choices?,79
404,google_263,No,o / o,"do not sell]

o/o",,No,No,263
405,google_523,No,o / o,"do not sell]

o/o",,No,No,523
406,governmentjobs_933,Yes,1,Do not sell my personal information| 1/1,Do not sell my personal information,Yes,Do not sell my personal information,933
407,gq_861,No,o / o,"do not sell]

o/o",,No,No,861
408,grabon_306,No,o / o,"do not sell]

o/o",,No,No,306
409,greatclips_850,Yes,1,Do Not Sell My Information| val,Do not sell my personal information,Yes,Do Not Sell My Information,850
410,greatschools_891,No,o / o,"do not sell]

o/o",,No,No,891
411,greenpeace_435,No,o / o,"do not sell]

o/o",,No,No,435
412,grist_441,No,o / o,"do not sell]

o/o",,No,No,441
413,groupon_294,Check,2-Apr,ell or Share My Personal Information| 1/2,Do not sell or share my personal information,Yes,Do Not Sell or Share My Information,294
414,groupon_356,Check,2-Apr,ell or Share My Personal Information| 1/2,Do not sell or share my personal information,Yes,Do Not Sell or Share My Information,356
415,grubhub_17,Yes,1,Do Not Sell My Information| val,Do not sell my personal information,Yes,Do Not Sell My Information,17
416,grubhub_18,Yes,1,Do Not Sell My Information| val,Do not sell my personal information,Yes,Do Not Sell My Information,18
417,gsmarena_667,No,o / o,"do not sell]

o/o",,No,No,667
418,gucci_714,No,o / o,"do not sell]

o/o",,No,No,714
419,gumtree_284,No,o / o,"do not sell]

o/o",,No,No,284
420,guru_907,No,o / o,"do not sell]

o/o",,No,No,907
421,gutenberg_251,No,o / o,"do not sell]

o/o",,No,No,251
422,haggar_755,Yes,1,Do Not Sell My Datal val,Do not sell my personal information,Yes,Do Not Sell My Data,755
423,harley-davidson_828,No,o / o,"do not sell]

o/o",,No,No,828
424,harpersbazaar_866,Yes,1,TSELL MY PERSONAL INFORMATION| 1/1,Do not sell my personal information,Yes,Do Not Sell My Personal Information,866
425,harryanddavid_32,Yes,1,Do Not Sell My Personal Information| 1/1,Do not sell my personal information,Yes,Do Not Sell My Personal Information,32
426,hcsc_1076,No,o / o,"do not sell]

o/o",,No,No,1076
427,hdfcbank_1040,No,o / o,"do not sell]

o/o",,No,cannot automate,1040
428,healthcare,No,o / o,"do not sell]

o/o",,No,No,healthcare
429,healthgrades,Yes,1,Do Not Sell My Personal Information| 1/1,Do not sell my personal information,Yes,Do Not Sell My Personal Information,healthgrades
430,healthline,Yes,1,Do Not Sell My Info| val,Do not sell my personal information,Yes,Do Not Sell My Info,healthline
431,heb_29,No,o / o,"do not sell]

o/o",,No,No,29
432,heels_756,No,o / o,"do not sell]

o/o",,No,No,756
433,helzberg_711,No,o / o,"do not sell]

o/o",,No,No,711
434,hemmings_807,No,o / o,"do not sell]

o/o",,No,No,807
435,herroom_724,No,o / o,"do not sell]

o/o",,No,No,724
436,hestreeeet_1033,No,o / o,"do not sell]

o/o",,No,No,1033
437,hgtv_120,Yes,1,"do not sell]

""1",Do not sell or share my personal information,No,Do Not Sell Or Share My Information,120
438,hhgregg_600,No,o / o,"do not sell]

o/o",,No,California Privacy Act,600
439,hhmi_411,No,o / o,"do not sell]

o/o",,No,No,411
440,highsnobiety_873,No,o / o,"do not sell]

o/o",,No,No,873
441,hillspet_198,Yes,1,Do Not Sell My Personal Information| 1/1,Do not sell my personal information,Yes,Do Not Sell My Personal Information,198
442,hilton,Yes,1,Do Not Sell My Personal Information| 1/1,Do not sell my personal information,Yes,Do Not Sell My Personal Information,hilton
443,hm_687,Yes,1,¬© Not Sell Or Share My Personal Data| 1/1,Do not sell or share my personal information,Yes,Do Not Sell or Share My Information,687
444,hmhco_229,No,o / o,"do not sell]

o/o",,No,No,229
445,hobbylobby_130,Yes,1,Do Not Sell My Personal Information| 1/1,Do not sell my personal information,Yes,Do Not Sell My Personal Information,130
446,homeadvisor_275,Yes,1,Do Not Sell] val,Do not sell my personal information,Yes,Do Not Sell,275
447,homedepot_353,Yes,1,Do Not Sell My Personal Information| 1/1,Do not sell my personal information,Yes,Do Not Sell My Personal Information,353
448,honda_809,Yes,1,Do Not Sell My Personal Information| 1/1,Do not sell my personal information,Yes,Do Not Sell My Personal Information,809
449,hoobly_291,No,o / o,"do not sell]

o/o",,No,No,291
450,horoscope_380,Yes,1,Do Not Sell My Info| val,Do not sell my personal information,Yes,Do Not Sell My Info,380
451,hotukdeals_308,No,o / o,"do not sell]

o/o",,No,No,308
452,hotwire,Yes,1,Do Not Sell My Personal Information| 1/1,Do not sell my personal information,Yes,Do Not Sell My Personal Information,hotwire
453,houzz_119,Yes,1,Do not sell my info val,Do not sell my personal information,Yes,Do not sell my info,119
454,howstuffworks_444,Yes,1,"do not sell]

""1",Do not sell my personal information,No,Do Not Sell My Info,444
455,howstuffworks_940,Yes,1,"do not sell]

""1",Do not sell my personal information,No,Do Not Sell My Info,940
456,hsn_374,Yes,1,Do Not Sell My Personal Information| 1/1,Do not sell my personal information,Yes,Do Not Sell My Personal Information,374
457,hubblesite_392,No,o / o,"do not sell]

o/o",Do not sell my personal information,No,No,392
458,huffpost,Yes,1,TSELL MY PERSONAL INFORMATION| 1/1,Do not sell my personal information,Yes,Do Not Sell My Personal Information,huffpost
459,humana_1069,No,o / o,"do not sell]

o/o",,No,No,1069
460,hurb,No,o / o,"do not sell]

o/o",,No,No,hurb
461,hyatt,No,o / o,"do not sell]

o/o",,No,cannot automate,hyatt
462,hypebeast_875,No,o / o,"do not sell]

o/o",,No,No,875
463,hyundaiusa_818,Yes,1,Do Not Sell My Information| val,Do not sell my personal information,Yes,Do Not Sell My Information,818
464,ibtimes_1024,No,o / o,"do not sell]

o/o",,No,No,1024
465,icicibank_1042,No,o / o,"do not sell]

o/o",,No,No,1042
466,icloud_519,No,o / o,"do not sell]

o/o",,No,No,519
467,icwb_439,No,o / o,"do not sell]

o/o",,No,No,439
468,iheartdogs_202,No,o / o,"do not sell]

o/o",,No,No,202
469,ihg,Yes,1,Do Not Sell My Personal Info| val,Do not sell my personal information,Yes,Do not sell my personal information,ihg
470,ikea_105,No,o / o,"do not sell]

o/o",,No,No,105
471,imdb_957,No,o / o,"do not sell]

o/o",,No,No,957
472,imore_671,Yes,1,Do not sell my info val,Do not sell my personal information,Yes,Do Not Sell My Info,671
473,inbox_521,No,o / o,"do not sell]

o/o",,No,No,521
474,inc_1028,Yes,1,"DO NOTSELL MY DATA| ""1",Do not sell my personal information,Yes,DO NOTSELL MY DATA,1028
475,indeed_918,No,o / o,"do not sell]

o/o",Your Privacy Choices,No,Your Privacy Choices?,918
476,independent_181,No,o / o,"do not sell]

o/o",,No,No,181
477,info_72,No,o / o,"do not sell]

o/o",,No,No,72
478,infowars_154,No,o / o,"do not sell]

o/o",,No,No,154
479,inhabitat_433,Yes,1,Do Not Sell My Information| val,Do not sell my personal information,Yes,Do Not Sell My Information,433
480,innerbody_403,Yes,1,Do Not Sell My Info| val,Do not sell my personal information,Yes,Do Not Sell My Information,403
481,instructables,No,o / o,"do not sell]

o/o",,No,No,instructables
482,instyle_865,Yes,1,Do Not Sell My Personal Information| 1/1,Do not sell my personal information,Yes,Do Not Sell My Personal Information,865
483,intel_615,No,o / o,"do not sell]

o/o",Do not share my personal information,No,Do not share my personal information,615
484,intuit_1056,No,o / o,"do not sell]

o/o",,No,No,1056
485,intuit_654,No,o / o,"do not sell]

o/o",,No,No,654
486,inverse_462,No,o / o,"do not sell]

o/o",,No,No,462
487,io_512,No,o / o,"do not sell]

o/o",,No,No,512
488,ipsy_855,Yes,1,Do Not Sell] val,Do not sell my personal information,Yes,Do not sell,855
489,irobot_606,No,o / o,"do not sell]

o/o",,No,No,606
490,irs_1057,No,o / o,"do not sell]

o/o",,No,No,1057
491,iso_452,No,o / o,"do not sell]

o/o",,No,No,452
492,issuu_231,No,o / o,"do not sell]

o/o",,No,No,231
493,istockphoto_1009,No,o / o,"do not sell]

o/o",,No,No,1009
494,ixl_468,No,o / o,"do not sell]

o/o",,No,No,468
495,jackthreads_740,No,o / o,"do not sell]

o/o",,No,No,740
496,jared_718,Yes,1,Do Not Sell My Information| val,Do not sell my personal information,Yes,Do Not Sell My Information,718
497,jbc_407,No,o / o,"do not sell]

o/o",,No,No,407
498,jcpenney_365,Yes,1,Do Not Sell My Personal Information| 1/1,Do not sell my personal information,Yes,Do Not Sell My Personal Information,365
499,jdpower_800,Yes,1,Do Not Sell My Information| val,Do not sell my personal information,Yes,Do Not Sell My Information,800
500,jeep_814,No,o / o,‚Äòersonal Info(Open in anew window)| 0/0,Do not sell my personal information,Yes,Do Not Sell My Personal Information,814
501,jetblue_542,Yes,1,Do not sell my info val,Do not sell my personal information,Yes,Do not sell my info,542
502,jimdo_531,No,o / o,"do not sell]

o/o",,No,No,531
503,jimmyjohns_43,Yes,1,Do Not Sell My Info| val,Do not sell my personal information,Yes,Do Not Sell My Info,43
504,joann_131,Yes,1,"do not sell]

""1",Do not sell my personal information,No,Do Not Sell My Info,131
505,jobrapido_930,No,o / o,"do not sell]

o/o",,No,No,930
506,johnvarvatos_752,No,o / o,"do not sell]

o/o",,No,No,752
507,josbank_738,Yes,1,TSELL MY PERSONAL INFORMATION| 1/1,Do not sell my personal information,Yes,Do Not Sell My Personal Information,738
508,journelle_735,No,o / o,"do not sell]

o/o",,No,No,735
509,journeys_767,No,o / o,"do not sell]

o/o",,No,No,767
510,jpl_393,No,o / o,"do not sell]

o/o",,No,No,393
511,jstor_236,No,o / o,"do not sell]

o/o",,No,No,236
512,justanswer_902,No,o / o,"do not sell]

o/o",,No,No,902
513,justgiving_191,No,o / o,"do not sell]

o/o",,No,No,191
514,k12_955,No,o / o,"do not sell]

o/o",,No,No,955
515,kaiserpermanente_1064,No,o / o,"do not sell]

o/o",,No,No,1064
516,karmaloop_744,No,o / o,"do not sell]

o/o",,No,No,744
517,kaspersky_633,No,o / o,"do not sell]

o/o",,No,No,633
518,katespade_715,Yes,1,"do not sell]

""1",Do not sell my personal information,No,Do Not Sell my Personal Info,715
519,kay_708,Yes,1,"do not sell]

""1",Do not sell my personal information,No,Do Not Sell My Information,708
520,kayak,Yes,1,Do Not Sell or Share My Info| val,Do not sell or share my personal information,Yes,Do Not Sell or Share My Info,kayak
521,kbb_790,Yes,1,onal Information (CA Residents Only)|_ 1/1,Do not sell or share my personal information(CA residents only),Yes,Do Not Sell or Share My Info (CA residents only),790
522,kelkoo_326,No,o / o,"do not sell]

o/o",,No,No,326
523,kennethcole_750,No,o / o,"do not sell]

o/o",,No,No,750
524,keurig_598,Yes,1,Do Not Sell My Personal Information| 1/1,Do not sell my personal information,Yes,Do Not Sell My Personal Information,598
525,keycdn_513,No,o / o,"do not sell]

o/o",,No,No,513
526,khanacademy_879,No,o / o,"do not sell]

o/o",,No,No,879
527,khanacademy_938,No,o / o,"do not sell]

o/o",,No,No,938
528,kia_815,Yes,1,Do Not Sell My Personal Information| 1/1,Do not sell my personal information,Yes,Do Not Sell My Personal Information,815
529,kicksonfire_764,No,o / o,"do not sell]

o/o",,No,No,764
530,kickstarter_186,Yes,1,Do Not Sell My Personal Information| 1/1,Do not sell my personal information,Yes,Do Not Sell My Personal Information,186
531,kingsize_745,Yes,1,Do Not Sell My Personal Information| 1/1,Do not sell my personal information,Yes,Do Not Sell My Personal Information,745
532,kirkusreviews_242,No,o / o,"do not sell]

o/o",,No,No,242
533,kobo_252,Yes,1,Do Not Sell My Personal Information| 1/1,Do not sell my personal information,Yes,Do Not Sell My Personal Information,252
534,kohls_364,Yes,1,TSELL MY PERSONAL INFORMATION| 1/1,California residents: do not sell my info,Yes,CA-do not sell my personal information,364
535,la-z-boy_108,No,o / o,"do not sell]

o/o",,No,No,108
536,lasenza_730,No,o / o,"do not sell]

o/o",,No,No,730
537,last_982,Yes,1,Do Not Sell My Personal Information| 1/1,Do not sell my personal information,Yes,Do Not Sell My Personal Information,982
538,latimes_184,Yes,1,Do Not Sell My Personal Information| 1/1,Do not sell my personal information,Yes,Do Not Sell My Personal Information,184
539,learner_465,No,o / o,"do not sell]

o/o",,No,No,465
540,lendingclub_190,No,o / o,"do not sell]

o/o",,No,No,190
541,leonisa_727,No,o / o,"do not sell]

o/o",,No,No,727
542,letsrun_497,No,o / o,"do not sell]

o/o",,No,No,497
543,lexus_819,Yes,1,TSELL MY PERSONAL INFORMATION| 1/1,Do not sell my personal information,Yes,Do Not Sell My Information,819
544,lg_594,Yes,1,Do Not Sell My Personal Information| 1/1,Do not sell my personal information,Yes,Privacy Portal-Do not sell my personal information,594
545,libertymutual_1059,No,o / o,"do not sell]

o/o",,No,No,1059
546,libertymutual_1061,No,o / o,"do not sell]

o/o",,No,No,1061
547,librarything_241,No,o / o,"do not sell]

o/o",,No,No,241
548,lifeandstylemag_872,Yes,1,Do Not Sell] val,Do not sell my personal information,Yes,Do Not Sell,872
549,lifenews_155,No,o / o,"do not sell]

o/o",,No,No,155
550,lingeriediva_729,No,o / o,"do not sell]

o/o",,No,No,729
551,linkedin_267,No,o / o,"do not sell]

o/o",Your California Privacy Choices,No,Your california Privacy Choices,267
552,linkedin_896,No,o / o,"do not sell]

o/o",Your California Privacy Choices,No,Your california Privacy Choices,896
553,linkedin_917,No,o / o,"do not sell]

o/o",Your California Privacy Choices,No,Your california Privacy Choices,917
554,linkedin_943,No,o / o,"do not sell]

o/o",Your California Privacy Choices,No,Your california Privacy Choices,943
555,liquidation_335,No,o / o,"do not sell]

o/o",,No,No,335
556,liquidweb_511,No,o / o,"do not sell]

o/o",,No,No,511
557,live_518,No,o / o,"do not sell]

o/o",,No,No,518
558,livecareer_934,No,o / o,"do not sell]

o/o",,No,No,934
559,livenation_993,Yes,1,Do Not Sell My Information| val,Do not sell my personal information,Yes,Do Not Sell My Information,993
560,livescience_425,Yes,1,Do not sell my info val,Do not sell my personal information,Yes,Do not sell my info,425
561,livestrong,Yes,1,"Do Not Sell My Personal ""1",Do not sell my personal information,Yes,Do Not Sell My Personal Information,livestrong
562,livinglocurto_134,No,o / o,"do not sell]

o/o",,No,No,134
563,livingsocial_310,Check,2-Apr,ell or Share My Personal Information| 1/2,Do not sell or share my personal information,Yes,Do Not Sell or Share My Info,310
564,llbean_370,No,o / o,"do not sell]

o/o",,No,No,370
565,llbean_699,No,o / o,"do not sell]

o/o",,No,No,699
566,local_279,No,o / o,"do not sell]

o/o",,No,No,279
567,logitech_618,No,o / o,"do not sell]

o/o",,No,No,618
568,lonelyplanet,No,o / o,"do not sell]

o/o",,No,No,lonelyplanet
569,lordandtaylor_379,No,o / o,"do not sell]

o/o",,No,No,379
570,louisvuitton_705,No,o / o,"do not sell]

o/o",,No,No,705
571,lowes_359,Yes,1,Do Not Sell My Personal Information| 1/1,Do not sell my personal information,Yes,Do Not Sell My Personal Information,359
572,lueapron_30,No,o / o,"do not sell]

o/o",,No,No,30
573,lufthansa,Yes,1,CCPA / Do Not Sell My Info| val,Do not sell my personal information,Yes,CCPA / Do Not Sell My Info,lufthansa
574,lumen_510,No,o / o,"do not sell]

o/o",,No,No,510
575,lushusa_852,No,o / o,"do not sell]

o/o",,No,No,852
576,luxottica_776,No,o / o,"do not sell]

o/o",,No,No,776
577,lyricsfreak_985,No,o / o,"do not sell]

o/o",,No,No,985
578,macbooster_634,No,o / o,"do not sell]

o/o",,No,No,634
579,maccosmetics_844,Yes,1,NIA DO NOTSELL MY INFORMATION| 1/1,California residents: do not sell my info,Yes,California do not sell my information,844
580,macys_357,Yes,1,ell or Share My Personal Information| 1/1,Do not sell or share my personal information,Yes,Do Not Sell or Share My Info,357
581,made-in-china_330,No,o / o,"do not sell]

o/o",,No,No,330
582,makeupalley_856,No,o / o,"do not sell]

o/o",,No,No,856
583,makezinee_133,No,o / o,"do not sell]

o/o",,No,No,133
584,malwarebytes_639,No,o / o,"do not sell]

o/o",,No,No,639
585,manta_283,No,o / o,"do not sell]

o/o",,No,No,283
586,manta_293,No,o / o,"do not sell]

o/o",,No,No,293
587,mapmyrun_498,Yes,1,Do Not Sell My Personal Information| 1/1,Do not sell my personal information,Yes,Do Not Sell My Personal Information,498
588,marieclaire_862,Yes,1,"DO NOTSELL MY INFO| ""1",Do not sell my personal information,Yes,DO NOTSELL MY INFO,862
589,marketwatch_1058,No,o / o,"do not sell]

o/o",,No,No,1058
590,marriott,Yes,1,Do Not Sell My Personal Information| 1/1,Do not sell my personal information,Yes,Do Not Sell My Personal Information,marriott
591,marthastewart_123,Yes,1,California Do Not Sell] val,California residents: do not sell my info,Yes,California Do Not Sell,123
592,marthastewart_13,Yes,1,California Do Not Sell] val,California residents: do not sell my info,Yes,California Do Not Sell,13
593,mathsisfun_460,No,o / o,"do not sell]

o/o",,No,No,460
594,mathworks_466,No,o / o,"do not sell]

o/o",,No,No,466
595,mayoclinic,No,o / o,"do not sell]

o/o",,No,No,mayoclinic
596,mazdausa_825,Yes,1,TSELL MY PERSONAL INFORMATION| 1/1,Do not sell my personal information,Yes,Do Not Sell My Personal Information,825
597,mbusa_813,Yes,1,Do Not Sell My Personal Information| 1/1,Do not sell my personal information,Yes,Do Not Sell My Personal Information,813
598,mcafee_630,No,o / o,"do not sell]

o/o",,No,No,630
599,mcdonalds_39,Yes,1,ell or Share My Personal Information| 1/1,Do not sell or share my personal information,Yes,Do Not Sell or Share My Info,39
600,me_522,No,o / o,"do not sell]

o/o",,No,No,522
601,medicinenet_69,Yes,1,Do Not Sell My Personal Information| 1/1,Do not sell my personal information,Yes,Do Not Sell My Personal Information,69
602,medlineplus_416,No,o / o,"do not sell]

o/o",,No,No,416
603,medscape_71,No,o / o,"do not sell]

o/o",,No,No,71
604,memrise_950,No,o / o,"do not sell]

o/o",,No,No,950
605,menswearhouse_739,Yes,1,"do not sell]

""1",Do not sell my personal information,No,Do Not Sell My Personal Information,739
606,metlife_1075,No,o / o,"do not sell]

o/o",,No,No,1075
607,metric-conversions_472,No,o / o,"do not sell]

o/o",,No,No,472
608,mheducation_234,No,o / o,"do not sell]

o/o",,No,No,234
609,mheducation_895,No,o / o,"do not sell]

o/o",,No,No,895
610,michaels_127,No,o / o,"do not sell]

o/o",,No,No,127
611,microcenter_622,Yes,1,Do Not Sell My Information| val,Do not sell my personal information,Yes,Do Not Sell My Information,622
612,microsoft_362,No,o / o,"do not sell]

o/o",,No,No,362
613,microsoft_646,No,o / o,"do not sell]

o/o",,No,No,646
614,microsoft_658,No,o / o,"do not sell]

o/o",,No,No,658
615,microworkers_912,No,o / o,"do not sell]

o/o",,No,No,912
616,mims_84,No,o / o,"do not sell]

o/o",,No,No,84
617,mindbodygreen_14,No,o / o,"do not sell]

o/o",,No,No,14
618,mindbodygreen_86,No,o / o,"do not sell]

o/o",,No,No,86
619,minq_843,No,o / o,"do not sell]

o/o",,No,No,843
620,mlb_503,Yes,1,Do Not Sell My Personal Data| val,Do not sell my personal information,Yes,Do Not Sell My Personal Data,503
621,mom365_89,No,o / o,"do not sell]

o/o",,No,No,89
622,monster_921,Yes,1,"do not sell]

""1",Do not sell my personal information,No,Do not sell personal info,921
623,motherearthnews_440,No,o / o,"do not sell]

o/o",,No,No,440
624,mozilla_653,No,o / o,"do not sell]

o/o",,No,No,653
625,mrporter_751,No,o / o,"do not sell]

o/o",,No,No,751
626,mturk_905,No,o / o,"do not sell]

o/o",,No,No,905
627,myfitnesspal,Yes,1,Do Not Sell My Personal Information| 1/1,Do not sell my personal information,Yes,No,myfitnesspal
628,mygreatlakees_1082,No,o / o,"do not sell]

o/o",,No,No,1082
629,myntra,No,o / o,"do not sell]

o/o",,No,No,myntra
630,myplate,No,o / o,"do not sell]

o/o",,No,No,myplate
631,myrecipes_9,Yes,1,California Do Not Sell] val,California residents: do not sell my info,Yes,California Do Not Sell,9
632,mysimon_319,Yes,1,Do Not Sell My Personal Information| 1/1,Do not sell my personal information,Yes,Do Not Sell My Personal Information,319
633,mysmartprice_314,No,o / o,"do not sell]

o/o",,No,No,314
634,myway_527,No,o / o,"do not sell]

o/o",,No,No,527
635,nasa_398,No,o / o,"do not sell]

o/o",,No,No,398
636,nasa_442,No,o / o,"do not sell]

o/o",,No,No,442
637,naturallycurly_851,No,o / o,"do not sell]

o/o",,No,No,851
638,nature_400,Yes,1,"do not sell]

""1",Do not sell my personal information,No,Managed cookies/Do not sell my data,400
639,nature_426,Yes,1,"do not sell]

""1",Do not sell my personal information,No,Managed cookies/Do not sell my data,426
640,nature_434,Yes,1,"do not sell]

""1",Do not sell my personal information,No,Managed cookies/Do not sell my data,434
641,nba_478,Yes,1,"do not sell]

""1",Do not sell my personal information,No,Do Not Sell My Personal Information,478
642,nbcnews_169,Yes,1,TSELL MY PERSONAL INFORMATION| 1/1,Do not sell my personal information,Yes,Do Not Sell My Personal Information,169
643,nbcsports_487,Yes,1,Do Not Sell My Personal Information| 1/1,Do not sell my personal information,Yes,Do Not Sell My Personal Information,487
644,ncbi_399,No,o / o,"do not sell]

o/o",,No,No,399
645,ncbi_443,No,o / o,"do not sell]

o/o",,No,No,443
646,nctm_464,No,o / o,"do not sell]

o/o",,No,No,464
647,neb_415,No,o / o,"do not sell]

o/o",,No,No,415
648,neimanmarcus_373,Yes,1,Do Not Sell My Personal Information| 1/1,Do not sell my personal information,Yes,Do Not Sell My Personal Information,373
649,netflix_347,Yes,1,ell or Share My Personal Information| 1/1,Do not sell or share my personal information,Yes,Do Not Sell or Share My Info,347
650,netflix_959,Yes,1,ell or Share My Personal Information| 1/1,Do not sell or share my personal information,Yes,Do Not Sell or Share My Info,959
651,newegg_611,No,o / o,"do not sell]

o/o",,No,No,611
652,newyorker_171,No,o / o,"do not sell]

o/o",,No,No,171
653,nextag_322,No,o / o,"do not sell]

o/o",,No,No,322
654,nfl_485,No,o / o,"do not sell]

o/o",,No,No,485
655,nflshop_490,Yes,1,Do Not Sell My Personal Information| 1/1,Do not sell my personal information,Yes,Do Not Sell My Personal Information,490
656,niche_1084,Yes,1,Do Not Sell My Personal Information| 1/1,Do not sell my personal information,Yes,Do Not Sell My Personal Information,1084
657,nih,No,o / o,"do not sell]

o/o",,No,No,nih
658,nike_684,No,o / o,"do not sell]

o/o",,No,No,684
659,nineweest_696,No,o / o,"do not sell]

o/o",,No,No,696
660,nissanusa_812,Yes,1,Do Not Sell My Personal Information| 1/1,Do not sell my personal information,Yes,Do Not Sell My Personal Information,812
661,nj_45,No,o / o,"do not sell]

o/o",,No,No,45
662,noaa_423,No,o / o,"do not sell]

o/o",,No,No,423
663,nordstrom_360,No,o / o,"do not sell]

o/o",,No,cannot automate,360
664,nordstrom_363,No,o / o,"do not sell]

o/o",,No,cannot automate,363
665,nordstrom_683,No,o / o,"do not sell]

o/o",,No,cannot automate,683
666,norton_629,No,o / o,"do not sell]

o/o",,No,No,629
667,npr_976,No,o / o,"do not sell]

o/o",,No,No,976
668,nps_424,No,o / o,"do not sell]

o/o",,No,No,424
669,nutrisystem,No,o / o,"do not sell]

o/o",,No,No,nutrisystem
670,nvidia_616,No,o / o,"do not sell]

o/o",,No,No,616
671,nwf_437,No,o / o,"do not sell]

o/o",,No,No,437
672,nybooks_240,No,o / o,"do not sell]

o/o",,No,No,240
673,nydailynews_180,No,o / o,"do not sell]

o/o",,No,No,180
674,nypost_149,No,o / o,"do not sell]

o/o",,No,No,149
675,nytimes_159,No,o / o,"do not sell]

o/o",,No,No,159
676,nytimes_177,No,o / o,"do not sell]

o/o",,No,No,177
677,oakley_771,Yes,1,Do not sell my personal information| 1/1,Do not sell my personal information,Yes,Do not sell my personal information,771
678,ocado_33,No,o / o,"do not sell]

o/o",,No,No,33
679,octopart_327,No,o / o,"do not sell]

o/o",,No,No,327
680,offers_303,Yes,1,Do Not Sell My Personal Information| 1/1,Do not sell my personal information,Yes,Do Not Sell My Personal Information,303
681,officedepot_135,Yes,1,Do Not Sell My Personal Information| 1/1,Do not sell my personal information,Yes,Do Not Sell My Personal Information,135
682,olivegarden_41,Yes,1,Do Not Sell Data Request| val,Do not sell my personal information,Yes,Do Not Sell Data Request,41
683,onetravel,No,o / o,"do not sell]

o/o",,No,No,onetravel
684,openculture_255,Yes,1,Do not sell my personal information| 1/1,Do not sell my personal information,Yes,Do not sell my personal information,255
685,opendns_638,No,o / o,"do not sell]

o/o",,No,No,638
686,openlibrary_254,No,o / o,"do not sell]

o/o",,No,No,254
687,optumrx_83,No,o / o,"do not sell]

o/o",,No,No,83
688,oracle_656,Yes,1,Do Not Sell My Info| val,Do not sell my personal information,Yes,Do Not Sell My Info,656
689,orderup_23,No,o / o,"do not sell]

o/o",,No,No,23
690,oreilly_258,Yes,1,TSELL MY PERSONAL INFORMATION| 1/1,Do not sell my personal information,Yes,Do Not Sell My Personal Information,258
691,ornl_410,No,o / o,"do not sell]

o/o",,No,No,410
692,osha_448,No,o / o,"do not sell]

o/o",,No,No,448
693,overdrive_247,No,o / o,"do not sell]

o/o",,No,No,247
694,overstock_223,Yes,1,Do Not Sell My Information| val,Do not sell my personal information,Yes,Do Not Sell My Information,223
695,oyster,No,o / o,"do not sell]

o/o",,No,No,oyster
696,panasonic_596,Yes,1,Do Not Sell My Datal val,Do not sell my personal information,Yes,Do Not Sell My Datal,596
697,pandora_703,No,o / o,Do Not Sell My Personal information| 0/0,Do not sell my personal information,Yes,Do Not Sell My Personal information,703
698,pandora_974,No,o / o,Do Not Sell My Personal information| 0/0,Do not sell my personal information,Yes,Do Not Sell My Personal information,974
699,panerabread_42,No,o / o,"do not sell]

o/o",,No,No,42
700,papajohns_37,No,o / o,"do not sell]

o/o",,No,No,37
701,patreon_188,No,o / o,"do not sell]

o/o",,No,No,188
702,patreon_189,No,o / o,"do not sell]

o/o",,No,No,189
703,patriots_488,No,o / o,"do not sell]

o/o",,No,No,488
704,paulevansny_753,No,o / o,"do not sell]

o/o",,No,No,753
705,paulfredrick_747,No,o / o,"do not sell]

o/o",,No,No,747
706,payless_765,No,o / o,"do not sell]

o/o",,No,No,765
707,paypal_1051,No,o / o,"do not sell]

o/o",,No,No,1051
708,payscale_927,No,o / o,"do not sell]

o/o",,No,No,927
709,pcmag_668,No,o / o,nformation(Opens in anew window)| 0/0,Do not sell my personal information,Yes,Do Not Sell My Personal Information,668
710,pcpartpicker_621,Yes,1,Do Not Sell My Personal Information| 1/1,Do not sell my personal information,Yes,Do Not Sell My Personal Information,621
711,pcworld_674,Yes,1,"do not sell]

""1",California residents: do not sell my info,No,California: do not sell my personal information,674
712,peopleperhour_903,No,o / o,"do not sell]

o/o",,No,No,903
713,perryellis_748,No,o / o,"do not sell]

o/o",,No,No,748
714,peta_212,No,o / o,"do not sell]

o/o",,No,No,212
715,petcarerx_199,No,o / o,"do not sell]

o/o",,No,No,199
716,petco_195,No,o / o,"do not sell]

o/o",Your Privacy Choices,No,Your Privacy Choices?,195
717,petco_206,No,o / o,"do not sell]

o/o",Your Privacy Choices,No,Your Privacy Choices?,206
718,petfinder_205,Yes,1,sHARE MY PERSONAL INFORMATION| 1/1,Do not sell or share my personal information,Yes,Do Not Sell or Share My Info,205
719,petmd_207,No,o / o,"do not sell]

o/o",,No,No,207
720,petsmart_194,Yes,1,Do Not Sell My Personal Information| 1/1,Do not sell my personal information,Yes,Do Not Sell My Personal Information,194
721,petsmart_204,Yes,1,Do Not Sell My Personal Information| 1/1,Do not sell my personal information,Yes,Do Not Sell My Personal Information,204
722,petsuppliesplus_200,No,o / o,"do not sell]

o/o",,No,No,200
723,pier1_109,No,o / o,"do not sell]

o/o",,No,No,109
724,pitchfork_981,No,o / o,"do not sell]

o/o",,No,No,981
725,pixabay_1006,No,o / o,"do not sell]

o/o",,No,No,1006
726,pizzahut_38,Yes,1,Do not sell my personal information| 1/1,Do not sell my personal information,Yes,Do not sell my personal information,38
727,plos_401,No,o / o,"do not sell]

o/o",,No,No,401
728,pluralsight_952,No,o / o,"do not sell]

o/o",,No,No,952
729,pnc_1047,No,o / o,"do not sell]

o/o",,No,No,1047
730,politico_160,Yes,1,Do not sell my info val,Do not sell my personal information,Yes,Do not sell my info,160
731,politifact_174,No,o / o,"do not sell]

o/o",,No,No,174
732,popularmechanics_447,Yes,1,TSELL MY PERSONAL INFORMATION| 1/1,Do not sell my personal information,Yes,Do not sell my personal information,447
733,porsche_821,Yes,1,Do not sell my personal information| 1/1,Do not sell my personal information,Yes,Do not sell my personal information,821
734,postmates_21,Yes,1,iell or share my personal information| 1/1,Do not sell or share my personal information,Yes,Do Not Sell or Share My Info,21
735,potterybarn_107,No,o / o,"do not sell]

o/o",,No,No,107
736,prada_773,Yes,1,"do not sell]

""1",Do not sell my personal information,No,Do Not Sell My Personal Information,773
737,prana_760,Yes,1,fornia Residents: Do Not Sell My Info| 1/1,California residents: do not sell my info,Yes,California residents: Do not sell my info,760
738,prezi_661,No,o / o,"do not sell]

o/o",,No,No,661
739,priceline,No,o / o,"do not sell]

o/o",,No,No,priceline
740,pro-football-reference_486,No,o / o,"do not sell]

o/o",,No,No,486
741,progressive_1066,No,o / o,"do not sell]

o/o",,No,No,1066
742,proquest_220,No,o / o,"do not sell]

o/o",,No,No,220
743,proquest_244,No,o / o,"do not sell]

o/o",,No,No,244
744,publishersweekly_238,Yes,1,Do Not Sell] val,Do not sell my personal information,Yes,Do Not Sell,238
745,puppies_213,No,o / o,"do not sell]

o/o",,No,No,213
746,purplemath_474,No,o / o,"do not sell]

o/o",,No,No,474
747,pursuitboats_835,Check,,"ot sell

o/o",,Yes,No,835
748,qatarairways_546,No,o / o,"do not sell]

o/o",,No,No,546
749,qiita_662,No,o / o,"do not sell]

o/o",,No,No,662
750,questdiagnostics,No,o / o,"do not sell]

o/o",,No,No,questdiagnostics
751,quikr_285,No,o / o,"do not sell]

o/o",,No,No,285
752,quizlet_877,No,o / o,"do not sell]

o/o",,No,No,877
753,racked_845,Yes,1,Do Not Sell My Personal Info| val,Do not sell my personal information,Yes,Do Not Sell My Personal Info,845
754,racked_876,Yes,1,Do Not Sell My Personal Info| val,Do not sell my personal information,Yes,Do Not Sell My Personal Info,876
755,rakuten_299,Yes,1,Do Not Sell My Personal Information| 1/1,Do not sell my personal information,Yes,Do Not Sell My Personal Information,299
756,rakuten_316,Yes,1,Do Not Sell My Personal Information| 1/1,Do not sell my personal information,Yes,Do Not Sell My Personal Information,316
757,ralphlauren_704,Yes,1,Do Not Sell My Personal Information| 1/1,Do not sell my personal information,Yes,Do Not Sell My Personal Information,704
758,rapidtables_461,No,o / o,"do not sell]

o/o",,No,No,461
759,rare_147,No,o / o,"do not sell]

o/o",,No,No,147
760,rawstory_168,No,o / o,"do not sell]

o/o",,No,No,168
761,ray-ban_768,Yes,1,TSELL MY PERSONAL INFORMATION| 1/1,Do not sell my personal information,Yes,Do Not Sell My Personal Info,768
762,realgm_480,No,o / o,"do not sell]

o/o",,No,No,480
763,realgm_484,No,o / o,"do not sell]

o/o",,No,No,484
764,redbubble_97,Yes,1,Do not sell my personal information| 1/1,Do not sell my personal information,Yes,Do not sell my personal information,97
765,refinery29_857,Yes,1,Do Not Sell My Info| val,Do not sell my personal information,Yes,Do Not Sell My Info,857
766,researchgate_882,No,o / o,"do not sell]

o/o",,No,No,882
767,retailmenot_296,Yes,1,Do Not Sell My Personal infomation] 1/1,Do not sell my personal information,Yes,Do Not Sell My Personal information,296
768,reuters_1019,No,o / o,"do not sell]

o/o",,No,No,1019
769,revzilla_831,No,o / o,"do not sell]

o/o",,No,No,831
770,riteaid_80,Yes,1,ell or Share My Personal Information| 1/1,Do not sell or share my personal information,Yes,Do Not Sell or Share My Info,80
771,rollingstone_162,No,o / o,"do not sell]

o/o",,No,No,162
772,rsc_419,No,o / o,"do not sell]

o/o",,No,No,419
773,runnersworld_492,Yes,1,TSELL MY PERSONAL INFORMATION| 1/1,Do not sell my personal information,Yes,Do Not Sell My Personal Info,492
774,runsignup_495,No,o / o,"do not sell]

o/o",,No,No,495
775,runtastic_494,No,o / o,"do not sell]

o/o",,No,No,494
776,rvtrader_805,No,o / o,"do not sell]

o/o",,No,robot check,805
777,rxlist_78,Yes,1,Do Not Sell My Personal Information| 1/1,Do not sell my personal information,Yes,Do Not Sell My Personal Information,78
778,ryanair_541,No,o / o,"do not sell]

o/o",,No,No,541
779,saatchiart_104,Yes,1,Do Not Sell My Personal Information| 1/1,Do not sell my personal information,Yes,Do Not Sell My Personal Information,104
780,safeway_26,Yes,1,"do not sell]

""1",Do not sell my personal information,No,Do not sell my personal information,26
781,safeway_4,Yes,1,"do not sell]

""1",Do not sell my personal information,No,Do not sell my personal information,4
782,saksfifthavenue_376,No,o / o,"do not sell]

o/o",,No,No,376
783,salary_926,No,o / o,"do not sell]

o/o",,No,No,926
784,salehoo_336,No,o / o,"do not sell]

o/o",,No,No,336
785,salliemae_1086,Yes,1,Do not sell my personal information| 1/1,Do not sell my personal information,Yes,Do not sell my personal information,1086
786,sallybaking_3,No,o / o,"do not sell]

o/o",,No,No,3
787,salon_170,No,o / o,"do not sell]

o/o",,No,No,170
788,sammobile_682,No,o / o,"do not sell]

o/o",,No,No,682
789,samsung_597,Yes,1,Do Not Sell My Personal Information| 1/1,Do not sell my personal information,Yes,Do Not Sell My Personal Information,597
790,saveur,Yes,1,"do not sell]

""1",Do not sell my personal information,No,Do not sell my personal information,saveur
791,sbnation_507,Yes,1,Do Not Sell My Personal Info| val,Do not sell my personal information,Yes,Do Not Sell My Personal Info,507
792,scarymommy_90,No,o / o,"do not sell]

o/o",,No,No,90
793,scholastic_235,Yes,1,Do Not Sell My Info| val,Do not sell my personal information,Yes,Do Not Sell My Info,235
794,schwab_1049,No,o / o,"do not sell]

o/o",,No,No,1049
795,scribd_224,Yes,1,iell or share my personal information| 1/1,Do not sell or share my personal information,Yes,Do Not Sell or Share My Info,224
796,seagate_624,No,o / o,"do not sell]

o/o",,No,No,624
797,seamless_19,Yes,1,Do Not Sell My Information| val,Do not sell my personal information,Yes,Do Not Sell My Information,19
798,sears_366,Yes,1,Do not sell my personal Information| 1/1,Do not sell my personal information,Yes,Do not sell my personal Information,366
799,seatgeek_997,No,o / o,"do not sell]

o/o",,No,No,997
800,secretsinlace_734,No,o / o,"do not sell]

o/o",,No,No,734
801,seekingalpha_1026,Yes,1,Do Not Sell My Personal Information| 1/1,Do not sell my personal information,Yes,Do Not Sell My Personal Information,1026
802,seetickets_1004,No,o / o,"do not sell]

o/o",,No,No,1004
803,self_842,No,o / o,"do not sell]

o/o",,No,No,842
804,seoclerks_910,No,o / o,"do not sell]

o/o",,No,No,910
805,sephora_839,No,o / o,"do not sell]

o/o",,No,No,839
806,seriouseats_5,Yes,1,Do Not Sell My Personal Information| 1/1,Do not sell my personal information,Yes,Do Not Sell My Personal Information,5
807,seventeen_869,Yes,1,TSELL MY PERSONAL INFORMATION| 1/1,Do not sell my personal information,Yes,Do Not Sell My Personal Info,869
808,shape_88,Yes,1,Do Not Sell My Personal Information| 1/1,Do not sell my personal information,Yes,Do Not Sell My Personal Information,88
809,sharpusa_609,No,o / o,"do not sell]

o/o",,No,No,609
810,shmoop_884,No,o / o,"do not sell]

o/o",,No,No,884
811,shop_321,No,o / o,"do not sell]

o/o",,No,No,321
812,shopbop_741,No,o / o,"do not sell]

o/o",,No,No,741
813,shoplocal_318,No,o / o,"do not sell]

o/o",,No,No,318
814,shopping_323,No,o / o,"do not sell]

o/o",,No,No,323
815,shutterstock_1005,No,o / o,"do not sell]

o/o",,No,No,1005
816,si_502,No,o / o,"do not sell]

o/o",,No,No,502
817,sierraclub_436,No,o / o,"do not sell]

o/o",,No,No,436
818,skiddle_955,No,o / o,"do not sell]

o/o",,No,No,955
819,skihood_506,No,o / o,"do not sell]

o/o",,No,No,506
820,skinnyms_93,No,o / o,"do not sell]

o/o",,No,No,93
821,skyscanner,Yes,1,Do Not Sell My Personal Information| 1/1,Do not sell my personal information,Yes,Do Not Sell My Personal Information,skyscanner
822,slate_161,No,o / o,"do not sell]

o/o",,No,No,161
823,sleepnumber_113,Yes,1,Do not sell my personal information| 1/1,Do not sell my personal information,Yes,Do not sell my personal information,113
824,slickdeals_295,Yes,1,Do Not Sell My Personal Information| 1/1,Do not sell my personal information,Yes,Do Not Sell My Personal Information,295
825,slickdeals_311,Yes,1,Do Not Sell My Personal Information| 1/1,Do not sell my personal information,Yes,Do Not Sell My Personal Information,311
826,slickdeals_358,Yes,1,Do Not Sell My Personal Information| 1/1,Do not sell my personal information,Yes,Do Not Sell My Personal Information,358
827,smartbuyglasses_777,No,o / o,"do not sell]

o/o",,No,No,777
828,smartprix_317,No,o / o,"do not sell]

o/o",,No,No,317
829,smugmug_532,No,o / o,"do not sell]

o/o",,No,No,532
830,snagajob_924,Yes,1,Do Not Sell My Personal Information| 1/1,Do not sell my personal information,Yes,Do Not Sell My Personal Information,924
831,snapdeal_297,No,o / o,"do not sell]

o/o",,No,No,297
832,society6_99,No,o / o,"do not sell]

o/o",,No,No,99
833,softonic_651,No,o / o,"do not sell]

o/o",,No,No,651
834,solidworks_457,No,o / o,"do not sell]

o/o",,No,No,457
835,soma_726,Yes,1,"DO NOTSELL MY INFO| ""1",Do not sell my personal information,Yes,DO NOTSELL MY INFO,726
836,songkick_992,No,o / o,"do not sell]

o/o",,No,No,992
837,sophos_644,No,o / o,"do not sell]

o/o",,No,No,644
838,sorel_757,Yes,1,fornia Residents: Do Not Sell My Info| 1/1,California residents: do not sell my info,Yes,California residents: Do not sell my info,757
839,soundcloud_963,No,o / o,"do not sell]

o/o",,No,No,963
840,sourceforge_657,No,o / o,"do not sell]

o/o",,No,No,657
841,southernliving,Yes,1,Do Not Sell My Personal Information| 1/1,Do not sell my personal information,Yes,Do Not Sell My Personal Information,southernliving
842,southwest_537,Yes,1,Do Not Sell My Personal Information| 1/1,Do not sell my personal information,Yes,Do Not Sell My Personal Information,537
843,space_381,Yes,1,Do not sell my info val,Do not sell my personal information,Yes,Do not sell my info ,381
844,space_446,Yes,1,Do not sell my info val,Do not sell my personal information,Yes,Do not sell my info,446
845,sparknotes_888,Yes,1,Do Not Sell My Personal Information| 1/1,Do not sell my personal information,Yes,Do Not Sell My Personal Information,888
846,sparkpeople,No,o / o,"do not sell]

o/o",,No,No,sparkpeople
847,spirit_544,No,o / o,"do not sell]

o/o",,No,No,544
848,spotify_649,No,o / o,"do not sell]

o/o",,No,No,649
849,spotify_969,No,o / o,"do not sell]

o/o",,No,No,969
850,sprezzabox_754,No,o / o,"do not sell]

o/o",,No,No,754
851,springer_230,Yes,1,"do not sell]

""1",Do not sell my personal information,No,Manage cookies/ Do not sell my personal information,230
852,squarespace_530,No,o / o,"do not sell]

o/o",,No,No,530
853,ssense_697,No,o / o,"do not sell]

o/o",,No,No,697
854,stackexchange_936,No,o / o,"do not sell]

o/o",,No,No,936
855,staples_136,Yes,1,Do Not Sell My Personal Information| 1/1,Do not sell my personal information,Yes,Do Not Sell My Personal Information,136
856,starbucks_36,No,o / o,"do not sell]

o/o",,No,No,36
857,statefarm_1063,Check,2-Feb,onal Information (CA residents only)| 2/2,California residents: do not sell my info,Yes,Do not sell my personal information (CA residents only),1063
858,steamcommunity_655,No,o / o,"do not sell]

o/o",,No,No,655
859,strava_491,No,o / o,"do not sell]

o/o",,No,No,491
860,stubhub_990,No,o / o,"do not sell]

o/o",,No,No,990
861,studentaid_1083,No,o / o,"do not sell]

o/o",,No,No,1083
862,study_883,No,o / o,"do not sell]

o/o",,No,No,883
863,stylebistro_864,Yes,1,Do Not Sell My Personal Information| 1/1,California residents: do not sell my info,Yes,California notice: do not sell my personal information,864
864,stylecaster_871,Yes,1,"do not sell]

""1",,No,No,871
865,subaru_823,Yes,1,Do Not Sell My Personal Information| 1/1,Do not sell my personal information,Yes,Do Not Sell My Personal Information,823
866,sulekha_286,No,o / o,"do not sell]

o/o",,No,No,286
867,sunglasshut_769,Yes,1,Do Not Sell My Personal Information| 1/1,Do not sell my personal information,Yes,Do Not Sell My Personal Information,769
868,sunset,No,o / o,"do not sell]

o/o",,No,No,sunset
869,sunsigns_395,Yes,1,Do Not Sell My Info| val,Do not sell my personal information,Yes,Do Not Sell My Info,395
870,sunsky-online_341,No,o / o,"do not sell]

o/o",,No,No,341
871,superpages_276,Yes,1,Do Not Sell My Personal Information| 1/1,Do not sell my personal information,Yes,Do Not Sell My Personal Information,276
872,swarovski_713,No,o / o,"do not sell]

o/o",,No,No,713
873,symbolab_476,No,o / o,"do not sell]

o/o",,No,No,476
874,tacobell_44,Yes,1,Do Not Sell My Personal Information| 1/1,Do not sell my personal information,Yes,Do Not Sell My Personal Information,44
875,tada_309,Yes,1,ell or Share My Personal Information| 1/1,Do not sell or share my personal information,Yes,Do not sell or share My Info,309
876,tada_315,Yes,1,ell or Share My Personal Information| 1/1,Do not sell or share my personal information,Yes,Do not sell or share My Info,315
877,target_352,Yes,1,Do Not Sell My Personal Information| 1/1,Do not sell my personal information,Yes,Do Not Sell My Personal Information,352
878,tarot_387,No,o / o,"do not sell]

o/o",,No,No,387
879,tasteofhome_11,No,o / o,Personal information CAResidents| 0/0,California residents: do not sell my info,Yes,Do not sell my personal information-CA residents,11
880,td_1050,No,o / o,"do not sell]

o/o",,No,No,1050
881,techadvisor_676,Yes,1,"do not sell]

""1",California residents: do not sell my info,No,California: do not sell my personal information,676
882,technologyreview_450,No,o / o,"do not sell]

o/o",,No,No,450
883,ted_887,No,o / o,"do not sell]

o/o",,No,No,887
884,teenvogue_870,No,o / o,"do not sell]

o/o",,No,No,870
885,telegram_663,No,o / o,"do not sell]

o/o",,No,No,663
886,telegraph_183,No,o / o,"do not sell]

o/o",,No,No,183
887,tenlinks_449,No,o / o,"do not sell]

o/o",,No,No,449
888,textbroker_916,No,o / o,"do not sell]

o/o",,No,No,916
889,theamericanconservative_144,No,o / o,"do not sell]

o/o",,No,No,144
890,theatermania_1002,No,o / o,"do not sell]

o/o",,No,No,1002
891,theatlantic_167,Yes,1,Do Not Sell My Personal Information| 1/1,Do not sell my personal information,Yes,Do Not Sell My Personal Information,167
892,theblaze_150,Yes,1,ell or Share My Personal Information| 1/1,Do not sell or share my personal information,Yes,Do not sell or share My Info,150
893,thecarconnection_801,No,o / o,"do not sell]

o/o",,No,No,801
894,thecatside_217,No,o / o,"do not sell]

o/o",,No,No,217
895,thedailybeast_172,No,o / o,"do not sell]

o/o",,No,No,172
896,thedodo_218,Yes,1,Do Not Sell My Personal Information| 1/1,Do not sell my personal information,Yes,Do Not Sell My Personal Information,218
897,thehill_141,Yes,1,TSELL MY PERSONAL INFORMATION| 1/1,Do not sell my personal information,Yes,Do Not Sell My Personal Info,141
898,thehill_179,Yes,1,TSELL MY PERSONAL INFORMATION| 1/1,Do not sell my personal information,Yes,Do Not Sell My Personal Info,179
899,thekitchn_1,No,o / o,"do not sell]

o/o",EU and California Data subject request,No,EU and California Data subject request,1
900,thekrazycouponlady_301,Yes,1,Do not sell my personal information| 1/1,Do not sell my personal information,Yes,Do not sell my personal information,301
901,thenorthface_707,Yes,1,Do Not Sell My Personal Information| 1/1,Do not sell my personal information,Yes,Do Not Sell My Personal Information,707
902,thepioneerwoman_15,Yes,1,Do Not Sell My Personal Information| 1/1,Do not sell my personal information,Yes,Do Not Sell My Personal Information,15
903,thetieebarr_743,No,o / o,"do not sell]

o/o",,No,No,743
904,theverge_666,Yes,1,DONOTSELL MY PERSONALINFO| 1/1,Do not sell my personal information,Yes,DONOTSELL MY PERSONALINFO,666
905,theweek_152,Yes,1,Do Not Sell My Information| val,Do not sell my personal information,Yes,Do Not Sell My Information,152
906,thinkprogress_176,No,o / o,"do not sell]

o/o",,No,No,176
907,thrillist_8,Yes,1,Do Not Sell My Personal Information| 1/1,Do not sell my personal information,Yes,Do Not Sell My Personal Information,8
908,thumbtack_277,Yes,1,Do Not Sell My Info| val,Do not sell my personal information,Yes,Do Not Sell My Info,277
909,ticketcity_1001,No,o / o,"do not sell]

o/o",,No,No,1001
910,ticketmaster_987,Yes,1,Do Not Sell My Information| val,Do not sell my personal information,Yes,Do Not Sell My Information,987
911,ties_746,No,o / o,"do not sell]

o/o",,No,No,746
912,tiffany_719,Yes,1,Do Not Sell My Info| val,Do not sell my personal information,Yes,Do Not Sell My Info,719
913,tigerdirect_620,No,o / o,"do not sell]

o/o",,No,No,620
914,time_166,Yes,1,Do Not Sell My Personal Information| 1/1,Do not sell my personal information,Yes,Do Not Sell My Personal Information,166
915,timeout,Yes,1,Do not sell my information| val,Do not sell my personal information,Yes,Do not sell my information,timeout
916,tomsguide_673,Yes,1,Do not sell my info val,Do not sell my personal information,Yes,Do not sell my info,673
917,tomshardware,Yes,1,Do not sell my info val,Do not sell my personal information,Yes,Do not sell my info,tomshardware
918,tomtop_332,No,o / o,"do not sell]

o/o",,No,No,332
919,topcoder_911,No,o / o,"do not sell]

o/o",,No,No,911
920,toptal_906,No,o / o,"do not sell]

o/o",,No,No,906
921,toptenreviews_677,Yes,1,Do not sell my info val,Do not sell my personal information,Yes,Do not sell my info,677
922,toryburch_710,Yes,1,"do not sell]

""1",Do not sell my personal information,No,Do Not Sell My Personal Information,710
923,toryburch_848,Yes,1,"do not sell]

""1",Do not sell my personal information,No,Do Not Sell My Personal Information,848
924,totalbeauty_853,No,o / o,"do not sell]

o/o",,No,No,853
925,totalicare_778,No,o / o,"do not sell]

o/o",,No,No,778
926,toyota_811,Yes,1,Do Not Sell My Personal Information| 1/1,Do not sell my personal information,Yes,Do Not Sell My Personal Information,811
927,trashy_737,Yes,1,Do not sell my personal information| 1/1,Do not sell my personal information,Yes,Do not sell my personal information,737
928,travelandleisure,Yes,1,Do Not Sell My Personal Information| 1/1,Do not sell my personal information,Yes,Do Not Sell My Personal Information,travelandleisure
929,travelchannel,Yes,1,"do not sell]

""1",Do not sell or share my personal information,No,Do not sell or share My Info,travelchannel
930,travelzoo,No,o / o,"do not sell]

o/o",,No,No,travelzoo
931,treehugger_116,Yes,1,Do Not Sell My Personal Information| 1/1,Do not sell my personal information,Yes,Do Not Sell My Personal Information,116
932,treehugger_428,Yes,1,Do Not Sell My Personal Information| 1/1,Do not sell my personal information,Yes,Do Not Sell My Personal Information,428
933,trendmicro_645,No,o / o,"do not sell]

o/o",,No,No,645
934,tripadvisor,No,o / o,"do not sell]

o/o",,No,No,tripadvisor
935,tripod_535,No,o / o,"do not sell]

o/o",,No,No,535
936,trivago,Yes,1,"do not sell]

""1",Do not sell my personal information,No,Do Not Sell My Information,trivago
937,trrustarc_632,Yes,1,3ell My Personal Information request] 1/1,Do not sell my personal information,Yes,Do Not Sell My Personal Info,632
938,truecar_798,Yes,1,Do Not Sell My Personal Information| 1/1,Do not sell my personal information,Yes,Do Not Sell My Personal Information,798
939,trycaviar_24,Yes,1,My Personal Information (California) 1/1,California residents: do not sell my info,Yes,My Personal Information (California),24
940,tunein_984,No,o / o,"do not sell]

o/o",,No,No,984
941,turkishairlines,No,o / o,"do not sell]

o/o",,No,No,turkishairlines
942,tutorialspoint_881,No,o / o,"do not sell]

o/o",,No,No,881
943,tvc-mall_339,No,o / o,"do not sell]

o/o",,No,No,339
944,twitch_961,No,o / o,"do not sell]

o/o",,No,No,961
945,twitter_265,No,o / o,"do not sell]

o/o",,No,No,265
946,tympanus_954,No,o / o,"do not sell]

o/o",,No,No,954
947,ucoz_536,No,o / o,"do not sell]

o/o",,No,No,536
948,udacity_946,No,o / o,"do not sell]

o/o",,No,No,946
949,udemy_885,Yes,1,"do not sell]

""1",Do not sell or share my personal information,No,Do not sell or share My Info,885
950,udemy_939,Yes,1,"do not sell]

""1",Do not sell or share my personal information,No,Do not sell or share My Info,939
951,uhc_1073,No,o / o,"do not sell]

o/o",,No,No,1073
952,uline_138,No,o / o,"do not sell]

o/o",,No,No,138
953,ulta_838,Yes,1,Do Not Sell My Personal Information| 1/1,Do not sell my personal information,Yes,Do Not Sell My Personal Information,838
954,underarmour_758,Yes,1,Do Not Sell My Personal Information| 1/1,Do not sell my personal information,Yes,Do Not Sell My Personal Information,758
955,united_539,No,o / o,"do not sell]

o/o",,No,No,539
956,universetoday_386,No,o / o,"do not sell]

o/o",,No,No,386
957,uptodown_652,No,o / o,"do not sell]

o/o",,No,No,652
958,urbanoutfitters_122,No,o / o,"do not sell]

o/o",,No,No,122
959,urbanoutfitters_694,No,o / o,"do not sell]

o/o",,No,No,694
960,usa_595,No,o / o,"do not sell]

o/o",,No,No,595
961,usaa_1043,No,o / o,"do not sell]

o/o",,No,No,1043
962,usaa_1062,No,o / o,"do not sell]

o/o",,No,No,1062
963,usajobs_931,No,o / o,"do not sell]

o/o",,No,No,931
964,usatoday_182,No,o / o,"do not sell]

o/o",,No,No,182
965,usbank_1045,No,o / o,"do not sell]

o/o",,No,No,1045
966,utorrent_650,No,o / o,"do not sell]

o/o",,No,No,650
967,valorebooks_262,No,o / o,"do not sell]

o/o",,No,No,262
968,vans_763,Yes,1,Do Not Sell My Info| val,Do not sell my personal information,Yes,Do Not Sell My Info,763
969,vansairforce_787,No,o / o,"do not sell]

o/o",,No,No,787
970,venus_723,Yes,1,\-DO NOTSELL MY PERSONAL INFO| 1/1,California residents: do not sell my info,Yes,California do not sell my information,723
971,vetstreet_210,No,o / o,"do not sell]

o/o",,No,No,210
972,victoriassecret_688,Yes,1,ell or Share My Personal Information| 1/1,Do not sell or share my personal information,Yes,Do not sell or share My Info,688
973,victoriassecret_721,Yes,1,ell or Share My Personal Information| 1/1,Do not sell or share my personal information,Yes,Do not sell or share My Info,721
974,vimeo_967,No,o / o,"do not sell]

o/o",,No,No,967
975,virustotal_640,No,o / o,"do not sell]

o/o",,No,No,640
976,vistaprint_137,Yes,1,Do not sell my info val,Do not sell my personal information,Yes,Do not sell my info,137
977,vitalmx_829,No,o / o,"do not sell]

o/o",,No,No,829
978,vitalsource_260,No,o / o,"do not sell]

o/o",,No,No,260
979,vividseats_994,No,o / o,"do not sell]

o/o",,No,No,994
980,vogue_863,No,o / o,"do not sell]

o/o",,No,No,863
981,volvocars_826,Yes,1,ell or Share My Personal Information| 1/1,Do not sell or share my personal information,Yes,do not sell or share My Info,826
982,vox_680,Yes,1,Do Not Sell My Personal Info| val,Do not sell my personal information,Yes,Do Not Sell My Personal Info,680
983,vrbo,Yes,1,Do Not Sell My Personal Information| 1/1,Do not sell my personal information,Yes,Do Not Sell My Personal Information,vrbo
984,vw_824,Yes,1,Do Not Sell My Personal Information| 1/1,Do not sell my personal information,Yes,Do Not Sell My Personal Information,824
985,w3schools_878,No,o / o,"do not sell]

o/o",,No,No,878
986,walgreens_76,Yes,1,Do Not Sell My Personal Information| 1/1,Do not sell my personal information,Yes,Do Not Sell My Personal Information,76
987,walmart_346,Yes,1,"do not sell]

""1",Do not sell my personal information,No,Do Not Sell My Personal Information,346
988,washingtonexaminer_156,No,o / o,"do not sell]

o/o",,No,No,156
989,washingtonpost_165,No,o / o,"do not sell]

o/o",,No,No,165
990,washingtonpost_185,No,o / o,"do not sell]

o/o",,No,No,185
991,washingtontimes_153,No,o / o,"do not sell]

o/o",,No,No,153
992,wattpad_226,No,o / o,"do not sell]

o/o",,No,No,226
993,wayfair_106,No,o / o,"do not sell]

o/o",Do not sell my personal information,No,Don't sell my personal information,106
994,weather_960,No,o / o,"do not sell]

o/o",,No,No,960
995,webmd,No,o / o,"do not sell]

o/o",,No,No,webmd
996,webqc_420,Yes,1,Do Not Sell My Personal Information| 1/1,Do not sell my personal information,Yes,Do Not Sell My Personal Information,420
997,webqc_421,Yes,1,Do Not Sell My Personal Information| 1/1,Do not sell my personal information,Yes,Do Not Sell My Personal Information,421
998,webs_534,No,o / o,"do not sell]

o/o",,No,No,534
999,weebly_528,No,o / o,"do not sell]

o/o",,No,No,528
1000,weightwatchers,Yes,1,Do Not Sell My Personal Info| val,Do not sell my personal information,Yes,Do Not Sell My Personal Info,weightwatchers
1001,wellsfargo_1036,No,o / o,"do not sell]

o/o",,No,No,1036
1002,wellsfargo_1055,No,o / o,"do not sell]

o/o",,No,No,1055
1003,westernjournal_143,No,o / o,"do not sell]

o/o",,No,No,143
1004,westernjournal_151,No,o / o,"do not sell]

o/o",,No,No,151
1005,westeros_239,No,o / o,"do not sell]

o/o",,No,No,239
1006,westmarine_837,Yes,1,"do not sell]

""1",Do not sell my personal information,No,Do Not Sell My Personal Info,837
1007,weworkremotely_915,No,o / o,"do not sell]

o/o",,No,No,915
1008,whirlpool_602,Yes,1,ell Or Share My Personal Information| 1/1,Do not sell or share my personal information,Yes,Do not sell or share My Info,602
1009,whitepages_270,No,o / o,"do not sell]

o/o",,No,No,270
1010,wholesalecentral_337,No,o / o,"do not sell]

o/o",,No,No,337
1011,wikibooks_246,No,o / o,"do not sell]

o/o",,No,No,246
1012,wikidot_533,No,o / o,"do not sell]

o/o",,No,No,533
1013,wiley_227,No,o / o,"do not sell]

o/o",,No,No,227
1014,williamhill_49,No,o / o,"do not sell]

o/o",,No,No,49
1015,windows2universe_394,No,o / o,"do not sell]

o/o",,No,No,394
1016,wired_672,No,o / o,"do not sell]

o/o",,No,No,672
1017,wix_529,No,o / o,"do not sell]

o/o",,No,No,529
1018,wolfram_471,No,o / o,"do not sell]

o/o",,No,No,471
1019,womanwithin_693,Yes,1,Do Not Sell My Personal Information| 1/1,Do not sell my personal information,Yes,Do Not Sell My Personal Information,693
1020,womenshealth_91,No,o / o,"do not sell]

o/o",,No,No,91
1021,womenshealthmag_85,Yes,1,TSELL MY PERSONAL INFORMATION| 1/1,Do not sell my personal information,Yes,Do Not Sell My Personal Info,85
1022,wonderhowto_947,Yes,1,"do not sell]

""1",Do not sell my personal information,No,do not sell personal information to third parties,947
1023,woot_305,No,o / o,"do not sell]

o/o",,No,No,305
1024,woot_313,No,o / o,"do not sell]

o/o",,No,No,313
1025,worldmarket_111,Yes,1,Do Not Sell My Personal Information| 1/1,Do not sell my personal information,Yes,Do Not Sell My Personal Information,111
1026,worldwidebrands_342,No,o / o,"do not sell]

o/o",,No,No,342
1027,worldwildlife_438,No,o / o,"do not sell]

o/o",,No,No,438
1028,wsj_1017,No,o / o,"do not sell]

o/o",,No,No,1017
1029,wsj_146,No,o / o,"do not sell]

o/o",,No,No,146
1030,ww2aircraft_782,No,o / o,"do not sell]

o/o",,No,No,782
1031,xkcd_473,No,o / o,"do not sell]

o/o",,No,No,473
1032,yachtworld_836,Yes,1,Do Not Sell My Personal Information| 1/1,Do not sell my personal information,Yes,Do Not Sell My Personal Information,836
1033,yahoo_1020,No,o / o,"do not sell]

o/o",,No,No,1020
1034,yahoo_500,No,o / o,"do not sell]

o/o",,No,No,500
1035,yahoo_524,No,o / o,"do not sell]

o/o",,No,No,524
1036,yandy_722,No,o / o,"do not sell]

o/o",,No,No,722
1037,yatra,No,o / o,"do not sell]

o/o",,No,No,yatra
1038,yell_281,No,o / o,"do not sell]

o/o",,No,No,281
1039,yellowpages_269,Yes,1,Do Not Sell My Personal Information| 1/1,Do not sell my personal information,Yes,Do Not Sell My Personal Information,269
1040,yelp_268,No,o / o,"do not sell]

o/o",,No,No,268
1041,youngwomenhealth_94,No,o / o,"do not sell]

o/o",,No,No,94
1042,yourpurebredpuppy_216,No,o / o,"do not sell]

o/o",,No,No,216
1043,youtube_956,No,o / o,"do not sell]

o/o",,No,No,956
1044,zales_706,Yes,1,Do Not Sell My Information| val,Do not sell my personal information,Yes,Do Not Sell My Information,706
1045,zappos_686,No,o / o,"do not sell]

o/o",,No,No,686
1046,zara_692,Yes,1,"do not sell]

""1",Do not sell my personal information,No,do not sell my personal information,692
1047,zdnet_679,Yes,1,"do not sell]

""1",Do not sell or share my personal information,No,Do not sell or share My Info,679
1048,zigwheels_832,No,o / o,"do not sell]

o/o",,No,No,832
1049,ziprecruiter_932,Yes,1,Do Not Sell My Personal Information| 1/1,Do not sell my personal information,Yes,Do Not Sell My Personal Information,932
1050,zivame_728,No,o / o,"do not sell]

o/o",,No,No,728
1051,zocdoc,No,o / o,"do not sell]

o/o",,No,robot,zocdoc
1052,zoho_520,No,o / o,"do not sell]

o/o",,No,No,520
1053,zonealarm_643,No,o / o,"do not sell]

o/o",,No,No,643
1054,zulily_300,Yes,1,Do Not Sell My Personal Information| 1/1,Do not sell my personal information,Yes,Do Not Sell My Personal Information,300
1055,zulily_702,Yes,1,Do Not Sell My Personal Information| 1/1,Do not sell my personal information,Yes,Do Not Sell My Personal Information| 1/1,702