,url,Index,2023-01-31 Selenium,2023-02-18 Selenium
0,https://www.theblaze.com/,150,Do Not Sell or Share My Personal Information,Do Not Sell or Share My Personal Information
1,https://www.westernjournal.com/,151,,
2,https://theweek.com/,152,Do Not Sell My Information,Do Not Sell My Information
3,https://www.washingtontimes.com/,153,,
4,https://www.infowars.com/,154,,
5,https://www.lifenews.com/,155,,
6,https://www.washingtonexaminer.com/,156,,
7,https://www.cnn.com/,157,,
8,https://www.huffpost.com/,158,DO NOT SELL OR SHARE MY PERSONAL INFORMATION,DO NOT SELL OR SHARE MY PERSONAL INFORMATION
9,https://www.nytimes.com/,159,Do Not Sell/Share My Personal Information,Do Not Sell/Share My Personal Information
10,https://www.politico.com/,160,Do not sell my info,Do not sell my info
11,https://slate.com/,161,,
12,https://www.rollingstone.com/,162,,
13,https://abcnews.go.com/,163,Do Not Sell or Share My Personal Information,Do Not Sell or Share My Personal Information
14,https://www.dailykos.com/,164,Do Not Sell My Info,Do Not Sell My Info
15,https://www.washingtonpost.com/,165,,
16,https://time.com/,166,Do Not Sell My Personal Information,Do Not Sell My Personal Information
17,https://www.theatlantic.com/,167,Do Not Sell My Personal Information,Do Not Sell Or Share My Personal Information
18,https://www.rawstory.com/,168,,
19,https://www.nbcnews.com/,169,DO NOT SELL MY PERSONAL INFORMATION,DO NOT SELL MY PERSONAL INFORMATION
20,https://www.salon.com/,170,,
21,https://www.newyorker.com/,171,,
22,https://www.thedailybeast.com/,172,,
23,https://www.alternet.org/,173,,
24,https://www.politifact.com/,174,,
25,https://www.credoaction.com/,175,,
26,https://thinkprogress.org/,176,Do not sell or share my personal information.,Do not sell or share my personal information.
27,https://www.nytimes.com/,177,Do Not Sell/Share My Personal Information,Do Not Sell/Share My Personal Information
28,https://www.dailymail.co.uk/ushome/index.html,178,Do not sell or share my personal information,Do not sell or share my personal information
29,https://thehill.com/,179,DO NOT SELL OR SHARE MY PERSONAL INFORMATION,DO NOT SELL OR SHARE MY PERSONAL INFORMATION
30,https://www.nydailynews.com/,180,Do Not Sell/Share My Personal Information,Do Not Sell/Share My Personal Information
31,https://www.independent.co.uk/us,181,,
32,https://www.usatoday.com/,182,,
33,https://www.telegraph.co.uk/,183,,
34,https://www.latimes.com/,184,Do Not Sell or Share My Personal Information,Do Not Sell or Share My Personal Information
35,https://www.washingtonpost.com/,185,,
36,https://www.kickstarter.com/,186,Do Not Sell My Personal Information,Do Not Sell My Personal Information
37,https://www.gofundme.com/,187,,
38,https://www.patreon.com/,188,,
39,https://www.patreon.com/,189,,
40,https://www.lendingclub.com/,190,,
41,https://justgiving.com/,191,,
42,https://www.allaboutbirds.org/news/,192,,
43,https://www.audubon.org/,193,,
44,https://www.petsmart.com/,194,,
45,https://www.petco.com/shop/en/petcostore,195,,
46,https://www.chewy.com/,196,,
47,https://www.1800petmeds.com/,197,,
48,https://www.hillspet.com/,198,Do Not Sell My Personal Information,Do Not Sell My Personal Information
49,https://www.petcarerx.com/,199,,
50,https://www.petsuppliesplus.com/,200,,
51,https://www.akc.org/,201,,
52,https://iheartdogs.com/,202,,
53,https://dogtime.com/,203,,
54,https://www.petsmart.com/,204,,
55,https://www.petfinder.com/,205,DO NOT SELL OR SHARE MY PERSONAL INFORMATION,DO NOT SELL OR SHARE MY PERSONAL INFORMATION
56,https://www.petco.com/shop/en/petcostore,206,,
57,https://www.petmd.com/,207,,
58,https://www.adoptapet.com/,208,,
59,https://www.cesarsway.com/,209,,
60,https://www.vetstreet.com/,210,,
61,http://dogbreedinfo.com/,211,,
62,https://www.peta.org/,212,,
63,https://puppies.com/,213,,
64,https://www.backyardchickens.com/,214,Do not sell or share my personal information.,Do not sell or share my personal information.
65,https://www.dogster.com/,215,DO NOT SELL MY INFORMATION,
66,https://www.yourpurebredpuppy.com/,216,,
67,https://thecatsite.com/,217,Do not sell or share my personal information.,Do not sell or share my personal information.
68,https://www.thedodo.com/,218,Do Not Sell or Share My Personal Information,Do Not Sell or Share My Personal Information
69,https://www.amazon.com/,219,,
70,https://about.proquest.com/en/products-services/ebooks-main/,220,,
71,https://www.goodreads.com/,221,,
72,https://www.cambridge.org/,222,,
73,https://www.overstock.com/,223,,
74,https://www.scribd.com/,224,,Do not sell or share my personal information
75,https://www.barnesandnoble.com/,225,,
76,https://www.wattpad.com/,226,,
77,https://www.wiley.com/en-us,227,,
78,http://ebook3000.com/,228,,
79,https://www.hmhco.com/,229,,
80,https://www.springer.com/us,230,,
81,https://issuu.com/,231,,
82,https://www.audible.com/,232,,
83,https://www.chegg.com/,233,DO NOT SELL MY INFO,DO NOT SELL MY INFO
84,https://www.mheducation.com/,234,,
85,https://www.scholastic.com/home,235,Do Not Sell My Info,Do Not Sell My Info
86,https://www.jstor.org/,236,,
87,https://www.goodreads.com/,237,,
88,https://www.publishersweekly.com/,238,Do Not Sell,Do Not Sell
89,https://westeros.org/,239,,
90,https://www.nybooks.com/,240,,
91,https://www.librarything.com/,241,,
92,https://www.kirkusreviews.com/,242,,
93,https://ebookfriendly.com/,243,,
94,https://about.proquest.com/en/products-services/ebooks-main/,244,,
95,http://ebook3000.com/,245,,
96,https://www.wikibooks.org/,246,,
97,https://www.overdrive.com/,247,,
98,https://www.freemake.com/,248,,
99,https://www.bookdepository.com/,249,,
100,https://www.espn.com/,499,Do Not Sell or Share My Personal Information,Do Not Sell or Share My Personal Information
101,https://sports.yahoo.com/,500,,
102,https://www.90min.com/,501,,
103,https://www.si.com/,502,,
104,https://www.mlb.com/,503,,
105,https://www.foxsports.com/,504,,
106,https://www.cbssports.com/,505,DO NOT SELL MY PERSONAL INFORMATION,DO NOT SELL MY PERSONAL INFORMATION
107,https://skihood.com/,506,,
108,https://www.sbnation.com/,507,Do Not Sell or Share My Personal Info,Do Not Sell or Share My Personal Info
109,https://www.cloudflare.com/,508,,
110,https://www.akamai.com/,509,,
111,https://www.lumen.com/en-us/home.html,510,,
112,https://www.liquidweb.com/,511,,
113,https://edg.io/,512,,
114,https://www.keycdn.com/,513,,
115,https://www.equinix.com/,514,,
116,https://www.cdnetworks.com/,515,,
117,https://www.getambassador.com/,516,,
118,https://aws.amazon.com/?aws-products-all.sort-by=item.additionalFields.productNameLowercase&aws-products-all.sort-order=asc&awsf.re%3AInvent=*all&awsf.Free%20Tier%20Type=*all&awsf.tech-category=*all,517,,
119,https://outlook.live.com/owa/,518,,
120,https://www.icloud.com/,519,,
121,https://www.zoho.com/,520,,
122,http://www.inbox.com/tech/,521,,
123,https://proton.me/mail,522,,
124,https://www.google.com/,523,,
125,https://www.yahoo.com/,524,,
126,https://www.bing.com/?toWww=1&redig=8625D14D06664A41A50493BB87348445,525,,
127,https://www.ask.com/,526,,
128,https://hp.myway.com/myway/index.html,527,,
129,https://www.weebly.com/,528,,
130,https://www.wix.com/,529,,
131,https://www.squarespace.com/,530,,
132,https://www.jimdo.com/,531,,
133,https://www.smugmug.com/,532,,
134,http://www.wikidot.com/,533,,
135,https://www.webs.com/,534,,
136,https://www.tripod.lycos.com/,535,,
137,https://www.ucoz.com/#superFooter,536,,
138,https://www.southwest.com/,537,Do Not Sell/Share My Personal Information,Do Not Sell/Share My Personal Information
139,https://www.aa.com/homePage.do,538,,
140,https://www.united.com/en/us,539,,
141,https://www.delta.com/,540,,
142,https://www.ryanair.com/us/en,541,,
143,https://www.jetblue.com/,542,Do not sell my info,Do not sell my info
144,https://www.airasia.com/en/gb,543,,
145,https://www.spirit.com/,544,,
146,https://www.emirates.com/us/english/,545,,
147,https://www.qatarairways.com/en-us/homepage.html,546,,
148,https://www.britishairways.com/travel/home/public/en_us/,547,,
149,https://www.alaskaair.com/,548,,
150,https://www.ncbi.nlm.nih.gov/,399,,
151,https://www.nature.com/,400,,
152,https://plos.org/,401,,
153,https://www.biomedcentral.com/,402,Manage cookies/Do not sell my data,Manage cookies/Do not sell my data
154,https://www.innerbody.com/,403,Do Not Sell My Info,Do Not Sell My Info
155,https://www.cell.com/,404,,
156,https://www.expasy.org/,405,,
157,https://www.biologyonline.com/,406,,
158,https://www.jbc.org/,407,,
159,https://www.broadinstitute.org/,408,,
160,https://www.genome.gov/,409,,
161,https://www.ornl.gov/,410,,
162,https://www.hhmi.org/,411,,
163,https://www.genecards.org/,412,,
164,http://cshlp.org/,413,,
165,https://www.addgene.org/,414,,
166,https://www.neb.com/,415,,
167,https://medlineplus.gov/genetics/,416,,
168,https://www.epa.gov/,417,,
169,https://www.acs.org/content/acs/en.html,418,,
170,https://www.rsc.org/,419,,
171,https://www.webqc.org/,420,Do Not Sell My Personal Information,Do Not Sell My Personal Information
172,https://www.webqc.org/,421,Do Not Sell My Personal Information,Do Not Sell My Personal Information
173,https://www.cas.org/,422,,
174,https://www.noaa.gov/,423,,
175,https://www.nps.gov/index.htm,424,,
176,https://www.livescience.com/,425,Do not sell my info,Do not sell my info
177,https://www.nature.com/,426,,
178,https://www.epa.gov/,427,,
179,https://www.treehugger.com/,428,Do Not Sell My Personal Information,Do Not Sell My Personal Information
180,https://www.energy.gov/,429,,
181,https://www.ewg.org/,430,,
182,https://www.eia.gov/,431,,
183,https://fws.gov/,432,,
184,https://inhabitat.com/page/3/,433,,
185,https://www.nature.org/en-us/,434,,
186,https://www.greenpeace.org/global/,435,,
187,https://www.sierraclub.org/,436,,
188,http://nwf.org/,437,,
189,https://www.worldwildlife.org/,438,,
190,https://icwb.com/one-life,439,,
191,https://www.motherearthnews.com/,440,,
192,https://grist.org/,441,,
193,https://www.nasa.gov/,442,,
194,https://www.ncbi.nlm.nih.gov/,443,,
195,https://www.howstuffworks.com/,444,,
196,https://www.autodesk.com/,445,Do not sell or share my personal information,Do not sell or share my personal information
197,https://www.space.com/,446,Do not sell my info,Do not sell my info
198,https://www.popularmechanics.com/,447,,
199,https://www.osha.gov/,448,,
200,https://www.allposters.com/,100,,
201,https://fineartamerica.com/,101,,
202,https://www.artsy.net/,102,,
203,https://www.art.com/,103,,
204,https://www.saatchiart.com/,104,Do Not Sell My Personal Information,Do Not Sell My Personal Information
205,https://www.ikea.com/,105,,
206,https://www.wayfair.com/,106,,
207,https://www.potterybarn.com/,107,Do Not Sell My Info,Do Not Sell My Info
208,https://www.la-z-boy.com/,108,,
209,https://www.pier1.com/,109,,
210,https://www.biglots.com/,110,California Customers Only: Do Not Sell My Info,California Customers Only: Do Not Sell My Info
211,https://www.worldmarket.com/,111,Do Not Sell or Share My Personal Information,Do Not Sell or Share My Personal Information
212,https://www.ashleyfurniture.com/,112,,
213,https://www.sleepnumber.com/,113,,
214,https://www.anthropologie.com/,114,,
215,https://www.gardeningknowhow.com/,115,Do not sell or share my personal information.,Do not sell or share my personal information.
216,https://www.treehugger.com/,116,Do Not Sell My Personal Information,Do Not Sell My Personal Information
217,https://www.gardenweb.com/,117,Do not sell my info,Do not sell my info
218,https://www.gardeners.com/,118,,
219,https://www.houzz.com/,119,Do not sell my info,Do not sell my info
220,https://www.hgtv.com/,120,,
221,https://www.apartmenttherapy.com/,121,,
222,https://www.urbanoutfitters.com/,122,,
223,https://www.marthastewart.com/,123,California Do Not Sell,California Do Not Sell
224,https://www.countryliving.com/,124,,
225,https://www.bhg.com/,125,Do Not Sell My Personal Information,Do Not Sell My Personal Information
226,https://www.curbed.com/,126,DO NOT SELL OR SHARE MY PERSONAL INFORMATION,DO NOT SELL OR SHARE MY PERSONAL INFORMATION
227,https://www.michaels.com/,127,,
228,https://www.etsy.com/,128,,
229,https://www.instructables.com/,129,,
230,https://www.hobbylobby.com/,130,Do Not Sell or Share My Personal Information,Do Not Sell or Share My Personal Information
231,https://www.joann.com/,131,,
232,https://www.craftsy.com/,132,Do Not Sell My Info,Do Not Sell My Info
233,https://makezine.com/,133,,
234,https://www.livinglocurto.com/,134,,
235,https://www.officedepot.com/,135,Do Not Sell My Personal Information,Do Not Sell My Personal Information
236,https://www.staples.com/,136,Do Not Sell or Share My Personal Information,Do Not Sell or Share My Personal Information
237,https://www.vistaprint.com/,137,Do not sell my info,Do not sell my info
238,https://www.uline.com/,138,,
239,https://www.avery.com/,139,,
240,https://www.foxnews.com/,140,,
241,https://thehill.com/,141,DO NOT SELL OR SHARE MY PERSONAL INFORMATION,DO NOT SELL OR SHARE MY PERSONAL INFORMATION
242,https://www.dailywire.com/,142,Do Not Sell or Share My Personal Information,Do Not Sell or Share My Personal Information
243,https://www.westernjournal.com/commentary/?utm_source=redirect,143,,
244,https://www.theamericanconservative.com/,144,,
245,https://www.breitbart.com/,145,,
246,https://www.wsj.com/,146,,
247,https://rare.us/page/7/,147,,
248,https://dailycaller.com/,148,CA: Do Not Sell My Info,CA: Do Not Sell My Info
249,https://nypost.com/,149,,
250,https://www.rakuten.com/,299,Do Not Sell or Share My Personal Information / Personal Data Opt-out,Do Not Sell or Share My Personal Information / Personal Data Opt-out
251,https://www.zulily.com/,300,Do Not Sell or Share My Personal Information,Do Not Sell or Share My Personal Information
252,https://thekrazycouponlady.com/,301,Do not sell my personal information.,Do not sell my personal information.
253,https://getitfree.us/,302,CA Consumers: DO NOT SELL OR SHARE MY PERSONAL INFORMATION,CA Consumers: DO NOT SELL OR SHARE MY PERSONAL INFORMATION
254,https://www.offers.com/,303,Do Not Sell My Personal Information,Do Not Sell My Personal Information
255,https://www.dealnews.com/,304,,
256,https://www.woot.com/,305,,
257,https://www.grabon.in/,306,,
258,https://www.goodrx.com/,307,,
259,https://www.hotukdeals.com/,308,,
260,https://www.tada.com/,309,,
261,https://www.livingsocial.com/,310,Do Not Sell or Share My Personal Information,Do Not Sell or Share My Personal Information
262,https://slickdeals.net/,311,Do Not Sell My Personal Information,Do Not Sell My Personal Information
263,https://www.bizrate.com/,312,Ad Opt out/ Do Not Sell My Personal Information,Ad Opt out/ Do Not Sell My Personal Information
264,https://www.woot.com/,313,,
265,https://www.mysmartprice.com/,314,,
266,https://www.tada.com/,315,,
267,https://www.rakuten.com/,316,Do Not Sell or Share My Personal Information / Personal Data Opt-out,Do Not Sell or Share My Personal Information / Personal Data Opt-out
268,https://www.smartprix.com/,317,,
269,https://shoplocal.com/?postalcode=60670,318,,
270,https://www.mysimon.com/,319,Do Not Sell My Personal Information,Do Not Sell My Personal Information
271,https://www.bookfinder.com/,320,,
272,https://www.shop.com/,321,Do Not Sell My Information,Do Not Sell My Information
273,https://www.nextag.com/,322,,
274,https://www.shopping.com/#top-deals-homepage,323,,
275,https://www.comparethemarket.com/,324,,
276,https://findsimilar.com/,325,Do Not Sell My Personal Information,Do Not Sell My Personal Information
277,https://www.kelkoo.co.uk/,326,,
278,https://octopart.com/,327,,
279,https://www.aliexpress.us/?gatewayAdapt=glo2usa&_randl_shipto=US,328,,
280,https://www.alibaba.com/,329,,
281,https://www.made-in-china.com/,330,,
282,https://www.dx.com/,331,,
283,https://www.tomtop.com/,332,,
284,https://dealspotr.com/,333,,
285,https://www.dollardays.com/,334,Do Not Sell My Information,Do Not Sell My Information
286,https://www.liquidation.com/index,335,,
287,https://www.salehoo.com/,336,,
288,https://www.wholesalecentral.com/index.htm,337,,
289,https://www.doba.com/,338,,
290,https://www.tvc-mall.com/,339,,
291,https://www.esources.co.uk/,340,,
292,https://www.sunsky-online.com/,341,,
293,https://worldwidebrands.com/,342,,
294,https://www.amazon.com/,343,,
295,https://www.ebay.com/,344,,
296,https://www.apple.com/,345,,
297,https://www.walmart.com/,346,,
298,https://www.netflix.com/,347,Do Not Sell or Share My Personal Information,Do Not Sell or Share My Personal Information
299,https://chicago.craigslist.org/,348,,
300,https://www.turkishairlines.com/,549,,
301,https://www.lufthansa.com/us/en/homepage,550,CCPA / Do Not Sell My Info,CCPA / Do Not Sell My Info
302,https://www.tripadvisor.com/,551,,
303,https://www.kayak.com/,552,Do Not Sell or Share My Info,Do Not Sell or Share My Info
304,https://www.priceline.com/?vrid=5b0366966e01f115e8aa3a82cd601546,553,,
305,https://www.lonelyplanet.com/,554,Do Not Sell or Share My Personal Information,Do Not Sell or Share My Personal Information
306,https://www.skyscanner.com/?previousCultureSource=GEO_LOCATION&redirectedFrom=www.skyscanner.net,555,Do Not Sell My Personal Information,Do Not Sell My Personal Information
307,https://www.hotwire.com/,556,Do Not Sell My Personal Information,Do Not Sell My Personal Information
308,https://www.cheapoair.com/,557,Do Not Sell My Personal Information,Do Not Sell My Personal Information
309,https://www.bookingbuddy.com/en/,558,,
310,https://www.travelzoo.com/,559,,
311,https://www.goibibo.com/,560,,
312,https://www.cleartrip.com/,561,,
313,https://www.yatra.com/,562,,
314,https://wizzair.com/,563,,
315,https://www.airfarewatchdog.com/,564,,
316,https://seatguru.com/,565,,
317,https://www.onetravel.com/,566,Do Not Sell My Personal Information,Do Not Sell My Personal Information
318,https://www.booking.com/,567,,
319,https://us.hurb.com/,568,,
320,https://www.airbnb.com/,569,,
321,https://www.marriott.com/default.mi,570,,
322,https://www.hilton.com/en/,571,Do Not Sell My Personal Information,Do Not Sell My Personal Information
323,https://www.ihg.com/hotels/us/en/reservation,572,Do Not Sell or Share My Personal Information,Do Not Sell or Share My Personal Information
324,https://www.vrbo.com/,573,,
325,https://www.agoda.com/,574,,
326,https://www.marriott.com/default.mi?redirectFrom=www.starwoodhotels.com,575,,
327,https://www.choicehotels.com/,576,Do Not Sell My Personal Information,Do Not Sell My Personal Information
328,https://www.hyatt.com/,577,,
329,https://www.trivago.com/,578,,
330,https://www.thrillist.com/,579,Do Not Sell or Share My Personal Information,Do Not Sell or Share My Personal Information
331,https://www.timeout.com/,580,Do not sell my information,Do not sell my information
332,https://www.fodors.com/,581,,
333,https://www.travelandleisure.com/,582,Do Not Sell My Personal Information,Do Not Sell My Personal Information
334,https://www.travelchannel.com/,583,,
335,https://www.oyster.com/,584,,
336,https://www.saveur.com/,585,,
337,https://www.cntraveler.com/,586,,
338,https://boardingarea.com/,587,,
339,https://londonist.com/,588,,
340,https://www.flyertalk.com/,589,,
341,https://www.sunset.com/,590,,
342,https://www.southernliving.com/travel/coastal-living,591,Do Not Sell My Personal Information,Do Not Sell My Personal Information
343,https://www.frommers.com/,592,,
344,https://www.bestbuy.com/,593,CA Do Not Sell/Share My Personal Information,CA Do Not Sell/Share My Personal Information
345,https://www.lg.com/us,594,Do Not Sell or Share My Personal Information,Do Not Sell or Share My Personal Information
346,https://www.usa.philips.com/,595,,
347,https://na.panasonic.com/us/,596,Do Not Sell My Data,Do Not Sell My Data
348,https://www.samsung.com/us/,597,Do Not Sell or Share My Personal information,Do Not Sell or Share My Personal information
349,https://www.keurig.com/,598,Do Not Sell or Share My Personal Information,Do Not Sell or Share My Personal Information
350,https://www.geappliances.com/,599,Do Not Sell Or Share My Personal Information,Do Not Sell Or Share My Personal Information
351,https://www.hhgregg.com/,600,,
352,https://www.dyson.com/en,601,,
353,https://www.whirlpool.com/,602,Do Not Sell Or Share My Personal Information,Do Not Sell Or Share My Personal Information
354,https://www.abt.com/,603,Do Not Sell My Personal Information,Do Not Sell My Personal Information
355,https://www.bosch-home.com/,604,,
356,https://www.ajmadison.com/,605,,
357,https://www.irobot.com/,606,,
358,https://www.delonghi.com/en-us,607,,
359,https://www.bissell.com/,608,,
360,https://www.sharpusa.com/,609,,
361,https://www.tomshardware.com/,610,Do not sell my info,Do not sell my info
362,https://www.newegg.com/,611,,
363,https://www.bhphotovideo.com/,612,,
364,https://www.cdw.com/,613,Do Not Sell or Share My Personal Information - Currently Sharing,Do Not Sell or Share My Personal Information - Currently Sharing
365,https://www.connection.com/,614,,
366,https://www.intel.com/content/www/us/en/homepage.html,615,,
367,https://www.nvidia.com/en-us/,616,,
368,https://www.computerhope.com/,617,,
369,https://www.logitech.com/,618,,
370,https://www.amd.com/en,619,,
371,https://www.tigerdirect.com/,620,,
372,https://pcpartpicker.com/,621,,
373,https://www.microcenter.com/,622,Do Not Sell My Information,Do Not Sell My Information
374,https://www.adorama.com/,623,,
375,https://www.seagate.com/,624,,
376,https://www.acer.com/us-en/,625,,
377,https://epson.com/usa,626,,
378,https://www.1ink.com/,627,,
379,https://www.avg.com/en-us/homepage#mac,628,Do not sell my info,Do not sell my info
380,https://us.norton.com/,629,Do Not Sell or Share My Personal Data,Do Not Sell or Share My Personal Data
381,https://www.mcafee.com/,630,,
382,https://www.avast.com/en-us/index#mac,631,Do not sell my info,Do not sell my info
383,https://trustarc.com/,632,Do Not Sell My Personal Information request,Do Not Sell My Personal Information request
384,https://usa.kaspersky.com/,633,,
385,https://www.macbooster.net/,634,,
386,https://www.eset.com/us/,635,Do not sell or share my personal information,Do not sell or share my personal information
387,https://www.avira.com/,636,Do Not Sell or Share My Personal Data,Do Not Sell or Share My Personal Data
388,https://www.broadcom.com/products/cybersecurity,637,,
389,https://www.opendns.com/,638,,
390,https://www.malwarebytes.com/,639,,
391,https://www.virustotal.com/gui/home/upload,640,,
392,https://www.bitdefender.com/,641,,
393,https://www.comodo.com/,642,,
394,https://betradar.com/,50,Do Not Sell My Personal Information – CA Residents Only,Do Not Sell My Personal Information – CA Residents Only
395,https://www.livestrong.com/,51,,
396,https://www.myfitnesspal.com/,52,Do Not Sell My Personal Information,Do Not Sell My Personal Information
397,https://www.healthline.com/,53,,
398,https://www.weightwatchers.com/us/welcome,54,Do Not Sell My Personal Info,Do Not Sell My Personal Info
399,https://healthypage.com/,55,,
400,https://www.nutrisystem.com/,56,,
401,https://www.sparkpeople.com/index.asp,57,,
402,https://www.calorieking.com/us/en/,58,,
403,https://www.calorieking.com/us/en/,59,,
404,https://www.myplate.gov/,60,,
405,https://www.healthcare.gov/,61,,
406,https://www.healthgrades.com/,62,Do Not Sell My Personal Information,Do Not Sell My Personal Information
407,https://healthy.kaiserpermanente.org/front-door,63,,
408,https://www.questdiagnostics.com/,64,,
409,https://www.zocdoc.com/,65,,
410,https://www.webmd.com/,66,,
411,https://www.nih.gov/,67,,
412,https://www.mayoclinic.org/,68,,
413,https://www.medicinenet.com/,69,Do Not Sell My Personal Information,Do Not Sell My Personal Information
414,https://www.cdc.gov/,70,,
415,https://www.medscape.com/,71,,
416,https://patient.info/,72,,
417,https://curejoy.com/,73,,
418,https://www.everydayhealth.com/,74,Do Not Sell My Personal Information,Do Not Sell My Personal Information
419,https://www.drugs.com/,75,,
420,https://www.walgreens.com/,76,,
421,https://www.cvs.com/,77,,
422,https://www.rxlist.com/,78,Do Not Sell My Personal Information,Do Not Sell My Personal Information
423,https://www.goodrx.com/,79,,
424,https://www.riteaid.com/,80,Do Not Sell or Share My Personal Information,Do Not Sell or Share My Personal Information
425,https://www.express-scripts.com/,81,,
426,https://clinicaltrials.gov/,82,,
427,https://www.optumrx.com/public/landing,83,,
428,https://www.mims.com/,84,,
429,https://www.womenshealthmag.com/,85,,
430,https://www.mindbodygreen.com/,86,,
431,https://www.everydayhealth.com/,87,Do Not Sell My Personal Information,Do Not Sell My Personal Information
432,https://www.shape.com/,88,Do Not Sell My Personal Information,Do Not Sell My Personal Information
433,https://www.mom365.com/,89,,
434,https://www.scarymommy.com/,90,,
435,https://www.womenshealth.gov/,91,,
436,https://empowher.com/,92,,
437,https://skinnyms.com/,93,Do not sell or share my personal information.,Do not sell or share my personal information.
438,https://youngwomenshealth.org/,94,,
439,https://www.etsy.com/,95,,
440,https://www.deviantart.com/,96,,
441,https://www.redbubble.com/,97,Do not sell my personal information,Do not sell my personal information
442,https://www.1stdibs.com/,98,Do Not Sell My Info,Do Not Sell My Info
443,https://society6.com/,99,,
444,https://www.linkedin.com/learning/?trk=lynda_redirect_learning,943,,
445,https://www.codecademy.com/,944,Do Not Sell My Personal Information,Do Not Sell My Personal Information
446,https://code.org/,945,,
447,https://www.udacity.com/,946,,
448,https://www.wonderhowto.com/,947,,
449,https://www.doityourself.com/,948,,
450,https://www.brainpop.com/,949,,
451,https://www.memrise.com/,950,,
452,https://bigthink.com/,951,,
453,https://www.pluralsight.com/,952,,
454,https://alison.com/,953,,
455,https://tympanus.net/codrops/,954,,
456,https://www.k12.com/,955,,
457,https://www.youtube.com/,956,,
458,https://www.imdb.com/,957,,
459,https://www.cnn.com/,958,,
460,https://www.netflix.com/,959,Do Not Sell or Share My Personal Information,Do Not Sell or Share My Personal Information
461,https://weather.com/,960,,
462,https://www.twitch.tv/,961,,
463,https://www.bbc.com/,962,AdChoices / Do Not Sell My Info,AdChoices / Do Not Sell My Info
464,https://soundcloud.com/,963,,
465,https://www.etsy.com/,964,,
466,https://www.azlyrics.com/,965,,
467,https://www.foxnews.com/,966,,
468,https://vimeo.com/,967,,
469,https://www.deviantart.com/,968,,
470,https://open.spotify.com/,969,,
471,https://www.dailymotion.com/us,970,,
472,https://www.foodnetwork.com/,971,,
473,https://www.foxsports.com/,972,,
474,https://genius.com/,973,,
475,https://www.pandora.com/,974,,
476,https://gfycat.com/,975,,
477,https://www.npr.org/,976,,
478,https://www.billboard.com/,977,,
479,https://www.allmusic.com/,978,,
480,https://www.discogs.com/,979,,
481,https://bandcamp.com/,980,,
482,https://pitchfork.com/,981,,
483,https://www.last.fm/,982,Do Not Sell My Personal Information,Do Not Sell My Personal Information
484,https://www.deezer.com/us/,983,,
485,https://tunein.com/,984,,
486,https://www.lyricsfreak.com/,985,,
487,https://www.fandango.com/,986,,
488,https://www.ticketmaster.com/,987,,
489,https://www.eventbrite.com/,988,,
490,https://www.amctheatres.com/,989,,
491,https://www.stubhub.com/,990,,
492,https://www.cinemark.com/,991,Do Not Sell My Personal Information,Do Not Sell My Personal Information
493,https://www.songkick.com/,992,,
494,https://www.livenation.com/,993,Do Not Sell or Share My Personal Information,Do Not Sell or Share My Personal Information
495,https://www.vividseats.com/,994,Do Not Sell or Share My Information,Do Not Sell or Share My Information
496,https://www.skiddle.com/,995,,
497,https://ra.co/,996,,
498,https://seatgeek.com/,997,,
499,https://www.broadway.com/,998,,
500,https://www.cirquedusoleil.com/,999,,
501,https://www.goldstar.com/,1000,,
502,https://www.ticketcity.com/,1001,,
503,https://www.theatermania.com/,1002,,
504,https://www.etix.com/ticket/online/?,1003,,
505,https://www.seetickets.com/fr/,1004,,
506,https://www.shutterstock.com/,1005,,
507,https://pixabay.com/,1006,,
508,https://www.gettyimages.com/,1007,,
509,https://www.123rf.com/,1008,,
510,https://www.istockphoto.com/,1009,,
511,https://www.dreamstime.com/,1010,,
512,https://all-free-download.com/,1011,,
513,https://depositphotos.com/,1012,,
514,https://500px.com/,1013,,
515,https://creativemarket.com/,1014,,
516,https://www.forbes.com/?sh=112eecaf2254,1015,Do Not Sell or Share My Personal Information,Do Not Sell or Share My Personal Information
517,https://www.businessinsider.com/,1016,,
518,https://www.wsj.com/,1017,,
519,https://www.bloomberg.com/,1018,,
520,https://www.reuters.com/,1019,,
521,https://finance.yahoo.com/?guccounter=1,1020,,
522,https://www.cnn.com/business,1021,,
523,https://www.cnbc.com/,1022,Do Not Sell My Personal Information,Do Not Sell My Personal Information
524,https://www.entrepreneur.com/,1023,,
525,https://www.ibtimes.com/,1024,,
526,https://www.bizjournals.com/,1025,,
527,https://seekingalpha.com/,1026,Do Not Sell My Personal Information,Do Not Sell My Personal Information
528,https://fortune.com/,1027,Do Not Sell/Share My Personal Information,Do Not Sell/Share My Personal Information
529,https://www.inc.com/,1028,DO NOT SELL MY DATA,DO NOT SELL MY DATA
530,https://www.economist.com/,1029,,Do Not Sell My Personal Information
531,https://www.ft.com/,1030,,
532,https://www.fastcompany.com/,1031,,
533,https://www.foxbusiness.com/,1032,,
534,http://hestreet.com/,1033,,
535,https://www.business-standard.com/,1034,,
536,https://www.chase.com/,1035,,
537,https://www.wellsfargo.com/,1036,,
538,https://www.bankofamerica.com/,1037,,
539,https://www.americanexpress.com/,1038,,
540,https://www.capitalone.com/,1039,,
541,https://www.hdfcbank.com/,1040,,
542,https://www.citi.com/,1041,Do Not Sell or Share My Personal Information,Do Not Sell or Share My Personal Information
543,https://www.icicibank.com/,1042,,
544,https://www.enotes.com/,893,,
545,https://www.education.com/,894,,
546,https://www.mheducation.com/,895,,
547,https://www.linkedin.com/learning/?trk=lynda_redirect_learning,896,,
548,https://www.fiverr.com/,897,,
549,https://www.behance.net/,898,Do not sell or share my personal information,Do not sell or share my personal information
550,https://www.behance.net/,899,Do not sell or share my personal information,Do not sell or share my personal information
551,https://dribbble.com/,900,,
552,https://www.freelancer.com/,901,,
553,https://www.justanswer.com/,902,,
554,https://www.peopleperhour.com/,903,,
555,https://www.dice.com/,904,Do Not Sell My Personal Information,Do Not Sell My Personal Information
556,https://www.mturk.com/,905,,
557,https://www.toptal.com/,906,,
558,https://www.guru.com/,907,,
559,https://www.flexjobs.com/,908,,
560,https://www.designcrowd.com/,909,,
561,https://www.seoclerks.com/,910,,
562,https://www.topcoder.com/,911,,
563,https://www.microworkers.com/,912,,
564,https://www.coroflot.com/,913,,
565,https://www.airpair.com/,914,,
566,https://weworkremotely.com/,915,,
567,https://www.textbroker.com/best-content-writing-service,916,,
568,https://www.linkedin.com/feed/,917,,
569,https://www.indeed.com/,918,,
570,https://www.glassdoor.com/index.htm,919,Do Not Sell Or Share My Information,Do Not Sell Or Share My Information
571,https://www.behance.net/,920,Do not sell or share my personal information,Do not sell or share my personal information
572,https://www.monster.com/,921,,
573,https://www.upwork.com/,922,,
574,https://www.freejobalert.com/,923,,
575,https://www.snagajob.com/,924,Do Not Sell or Share My Personal Information,Do Not Sell or Share My Personal Information
576,https://www.careerbuilder.com/,925,Do Not Sell My Personal Information,Do Not Sell My Personal Information
577,https://www.salary.com/,926,Do Not Sell or Share My Information,Do Not Sell or Share My Information
578,https://www.payscale.com/,927,,
579,https://angel.co/,928,,
580,https://www.freelancer.com/,929,,
581,https://us.jobrapido.com/,930,,
582,https://www.usajobs.gov/,931,,
583,https://www.ziprecruiter.com/,932,,
584,https://www.governmentjobs.com/,933,Do not sell my personal information,Do not sell my personal information
585,https://www.livecareer.com/,934,Do Not Sell or Share My Info,Do Not Sell or Share My Info
586,https://www.geeksforgeeks.org/,935,,
587,https://stackexchange.com/,936,,
588,https://www.instructables.com/,937,,
589,https://www.khanacademy.org/,938,,
590,https://www.udemy.com/,939,,
591,https://www.howstuffworks.com/,940,,
592,https://www.coursera.org/,941,,
593,https://www.edx.org/,942,Do Not Sell My Personal Information,Do Not Sell My Personal Information
594,https://www.foodnetwork.com/,0,,
595,https://www.thekitchn.com/,1,,
596,https://www.food.com/,2,,
597,https://sallysbakingaddiction.com/,3,Do not sell or share my personal information.,Do not sell or share my personal information.
598,https://www.safeway.com/,4,,
599,https://www.seriouseats.com/,5,Do Not Sell My Personal Information,Do Not Sell My Personal Information
600,https://www.epicurious.com/,6,,
601,https://www.eater.com/,7,Do Not Sell or Share My Personal Info,Do Not Sell or Share My Personal Info
602,https://www.thrillist.com/,8,Do Not Sell or Share My Personal Information,Do Not Sell or Share My Personal Information
603,https://www.myrecipes.com/,9,California Do Not Sell,California Do Not Sell
604,https://cookpad.com/us?via=jp,10,,
605,https://www.tasteofhome.com/,11,Do Not Sell My Personal Information – CA Residents,
606,https://www.delish.com/,12,,
607,https://www.marthastewart.com/,13,California Do Not Sell,California Do Not Sell
608,https://www.mindbodygreen.com/,14,,
609,https://www.thepioneerwoman.com/,15,,
610,https://www.bonappetit.com/,16,,
611,https://www.grubhub.com/,17,Do Not Sell My Information,Do Not Sell My Information
612,https://www.grubhub.com/?utm_source=eat24hours.com&utm_medium=grubhub-owned-delivery-properties&utm_campaign=growth_redirect-eat24-legacy_201811&utm_content=nopromo_,18,Do Not Sell My Information,Do Not Sell My Information
613,https://www.seamless.com/,19,Do Not Sell My Information,Do Not Sell My Information
614,https://www.delivery.com/,20,,
615,https://postmates.com/,21,Do not sell or share my personal information,Do not sell or share my personal information
616,https://www.doordash.com/,22,Do Not Sell or Share My Personal Information,Do Not Sell or Share My Personal Information
617,https://www.orderup.com.au/,23,,
618,https://www.trycaviar.com/,24,Do Not Sell or Share My Personal Information,Do Not Sell or Share My Personal Information
619,https://www.beyondmenu.com/,25,,
620,https://www.safeway.com/,26,,
621,https://www.asda.com/,27,,
622,https://www.delivery.com/,28,,
623,https://www.heb.com/,29,,
624,http://lueapron.com/,30,,
625,https://www.berries.com/,31,Do Not Sell My Personal Information,Do Not Sell My Personal Information
626,https://www.harryanddavid.com/,32,,
627,https://www.ocado.com/webshop/startWebshop.do,33,,
628,https://www.albertsons.com/,34,,
629,https://www.dominos.com/,35,,
630,https://www.starbucks.com/,36,,
631,https://www.papajohns.com/,37,,
632,https://www.pizzahut.com/,38,,
633,https://www.mcdonalds.com/us/en-us.html,39,Do Not Sell or Share My Personal Information,Do Not Sell or Share My Personal Information
634,https://order.subway.com/en-US,40,Do Not Sell My Personal Information,Do Not Sell My Personal Information
635,https://www.olivegarden.com/home,41,Do Not Sell or Share My Personal Information,Do Not Sell or Share My Personal Information
636,https://www.panerabread.com/en-us/home.html,42,,
637,https://www.jimmyjohns.com/,43,Do Not Sell My Info,Do Not Sell My Info
638,https://www.tacobell.com/,44,,Do Not Sell or Share My Personal Information
639,https://www.nj.bet365.com/?_h=fKLugCH5idsD_yZ-Lq4vdA%3D%3D#/HO/,45,,
640,https://www.flashscore.com/,46,,
641,https://www.bet9ja.com/,47,,
642,https://www.bet-at-home.com/,48,,
643,https://www.williamhill.com/us/il/bet/,49,,
644,http://tenlinks.com/,449,,
645,https://www.technologyreview.com/,450,,
646,https://www.alldatasheet.com/,451,,
647,https://www.iso.org/home.html,452,,
648,https://www.globalspec.com/,453,,
649,https://www.d2l.com/,454,Do Not Sell My PI,Do Not Sell My PI
650,https://www.esa.int/,455,,
651,https://www.allaboutcircuits.com/,456,,
652,https://www.solidworks.com/,457,,
653,https://www.energystar.gov/,458,,
654,https://www.engineering.com/home,459,,
655,https://mathsisfun.com/,460,,
656,https://www.rapidtables.com/,461,,
657,https://www.inverse.com/,462,,
658,https://www.asknumbers.com/,463,,
659,https://www.nctm.org/classroomresources/,464,,
660,https://www.learner.org/,465,,
661,https://www.mathworks.com/,466,,
662,https://www.convertunits.com/,467,,
663,https://www.ixl.com/,468,,
664,https://web2.0calc.com/,469,,
665,https://www.abcya.com/,470,,
666,https://www.wolfram.com/,471,,
667,https://www.metric-conversions.org/,472,,
668,https://xkcd.com/,473,,
669,https://www.purplemath.com/,474,,
670,https://edu.gcfglobal.org/en/,475,,
671,https://www.symbolab.com/,476,,
672,https://www.calculatorsoup.com/,477,,
673,https://www.nba.com/,478,,
674,https://www.basketball-reference.com/,479,,
675,https://basketball.realgm.com/,480,,
676,https://clutchpoints.com/,481,Do not sell or share my personal information.,Do not sell or share my personal information.
677,https://cavsnation.com/,482,Do not sell or share my personal information.,Do not sell or share my personal information.
678,https://hoopshype.com/,483,,
679,https://basketball.realgm.com/,484,,
680,https://www.nfl.com/,485,,
681,https://www.pro-football-reference.com/,486,,
682,https://profootballtalk.nbcsports.com/,487,Do Not Sell My Personal Information,Do Not Sell My Personal Information
683,https://www.patriots.com/,488,,
684,https://www.dallascowboys.com/,489,,
685,https://www.nflshop.com/,490,Do Not Sell or Share My Personal Information,Do Not Sell or Share My Personal Information
686,https://www.strava.com/,491,,
687,https://www.runnersworld.com/,492,,
688,https://www.active.com/,493,Do Not Sell My Personal Information,Do Not Sell My Personal Information
689,https://www.runtastic.com/,494,,
690,https://runsignup.com/,495,,
691,https://www.competitor.com/,496,,
692,https://www.letsrun.com/,497,,
693,https://www.mapmyrun.com/,498,Do Not Sell My Personal Information,Do Not Sell My Personal Information
694,https://thetiebar.com/,743,,
695,https://www.karmaloop.com/,744,,
696,https://www.kingsize.com/,745,,
697,https://www.ties.com/,746,,
698,https://www.paulfredrick.com/,747,,
699,https://www.perryellis.com/,748,,
700,https://www.frankandoak.com/?,749,,
701,https://www.kennethcole.com/,750,,
702,https://www.mrporter.com/en-us/,751,,
703,https://www.johnvarvatos.com/,752,,
704,https://www.paulevansny.com/,753,,
705,https://www.sprezzabox.com/,754,,
706,https://www.haggar.com/,755,Do Not Sell or Share My Personal Information,Do Not Sell or Share My Personal Information
707,https://www.heels.com/,756,,
708,https://www.sorel.com/,757,California Residents: Do Not Sell My Info,Do Not Sell or Share My Information
709,https://www.underarmour.com/en-us/,758,Do Not Sell My Personal Information,Do Not Sell My Personal Information
710,https://www.dsw.com/,759,Do Not Sell or Share My Personal Information,Do Not Sell or Share My Personal Information
711,https://www.prana.com/,760,,
712,https://www.finishline.com/,761,,
713,https://www.famousfootwear.com/,762,,
714,https://www.vans.com/en-us,763,,
715,https://www.kicksonfire.com/,764,,
716,https://www.payless.com/,765,,
717,https://www.colehaan.com/,766,Do not sell my info,Do not sell my info
718,https://www.journeys.com/,767,,
719,https://www.ray-ban.com/usa,768,DO NOT SELL MY PERSONAL INFORMATION,DO NOT SELL MY PERSONAL INFORMATION
720,https://www.sunglasshut.com/,769,Do Not Sell My Personal Information,Do Not Sell My Personal Information
721,https://www.framesdirect.com/,770,,
722,https://www.oakley.com/en-us,771,Do not sell my personal information,Do not sell my personal information
723,https://www.eyebuydirect.com/,772,,
724,https://www.prada.com/us/en.html,773,,
725,https://www.eyebuydirect.com/,774,,
726,https://www.glasses.com/,775,Do Not Sell My Personal Information,Do Not Sell My Personal Information
727,https://www.luxottica.com/en,776,,
728,https://www.smartbuyglasses.com/,777,,
729,https://www.totalicare.com/,778,,
730,https://allynscura.com/,779,,
731,https://flightaware.com/,780,,
732,https://www.flightradar24.com/,781,,
733,https://ww2aircraft.net/forum/,782,,
734,https://www.boeing.com/,783,,
735,https://www.airliners.net/,784,,
736,https://aviationweather.gov/,785,,
737,https://www.airforce.com/,786,Do Not Sell or Share My Personal Information,
738,https://vansairforce.net/,787,,
739,http://airnav.com/,788,,
740,https://www.airbus.com/en,789,,
741,https://www.kbb.com/,790,Do Not Sell My Personal Information,Do Not Sell My Personal Information
742,https://www.edmunds.com/,791,Do Not Sell or Share My Personal Information,Do Not Sell or Share My Personal Information
743,https://www.cargurus.com/,792,Do Not Sell My Personal Information,Do Not Sell My Personal Information
744,https://www.autotrader.com/,793,,
745,https://www.caranddriver.com/,794,,
746,https://www.cars.com/,795,Do Not Sell My Personal Information,Do Not Sell My Personal Information
747,https://www.carmax.com/,796,Do Not Sell or Share My Information,Do Not Sell or Share My Information
748,https://www.carsforsale.com/,797,,
749,https://www.truecar.com/,798,Do Not Sell My Personal Information,Do Not Sell My Personal Information
750,https://www.carfax.com/,799,,
751,https://www.jdpower.com/cars,800,CA Do Not Sell or Share My Information,CA Do Not Sell or Share My Information
752,https://www.thecarconnection.com/,801,,
753,https://www.carwale.com/,802,,
754,https://classiccars.com/,803,,
755,https://www.autobytel.com/,804,Do Not Sell My Information,Do Not Sell My Information
756,https://www.rvtrader.com/,805,,
757,https://www.copart.com/,806,,
758,https://www.hemmings.com/,807,,
759,https://www.ford.com/,808,,
760,http://www.honda.com/,809,,
761,https://www.chevrolet.com/,810,,
762,https://www.toyota.com/,811,,
763,https://www.nissanusa.com/,812,Do Not Sell My Personal Information,Do Not Sell My Personal Information
764,https://www.mbusa.com/en/home,813,Do Not Sell My Personal Information,Do Not Sell My Personal Information
765,https://www.jeep.com/,814,,
766,https://www.kia.com/us/en,815,,
767,https://www.bmwusa.com/,816,Do Not Sell My Personal Information,Do Not Sell My Personal Information
768,https://www.gm.com/,817,,
769,https://www.hyundaiusa.com/us/en,818,,
770,https://www.lexus.com/,819,,
771,https://www.audiusa.com/us/web/en.html,820,Do Not Sell or Share My Personal Information,Do Not Sell or Share My Personal Information
772,https://www.porsche.com/usa/,821,Do Not Sell or Share My Personal Information,
773,https://www.dodge.com/,822,,
774,https://www.subaru.com/index.html,823,Do Not Sell or Share My Personal Information,Do Not Sell or Share My Personal Information
775,https://www.vw.com/en.html,824,Do Not Sell or Share My Personal Information,Do Not Sell or Share My Personal Information
776,https://www.mazdausa.com/,825,DO NOT SELL OR SHARE MY PERSONAL INFORMATION,DO NOT SELL OR SHARE MY PERSONAL INFORMATION
777,https://www.volvocars.com/us/,826,Do Not Sell or Share My Personal Information,Do Not Sell or Share My Personal Information
778,https://www.gmc.com/,827,,
779,https://www.harley-davidson.com/us/en/index.html,828,,
780,https://www.vitalmx.com/,829,,
781,https://www.cycletrader.com/,830,,
782,https://www.revzilla.com/,831,,
783,https://www.zigwheels.com/,832,,
784,https://www.boatshop24.com/,833,Do Not Sell My Personal Information,Do Not Sell My Personal Information
785,https://www.boattrader.com/,834,Do Not Sell My Personal Information,Do Not Sell My Personal Information
786,https://www.pursuitboats.com/,835,,
787,https://www.yachtworld.com/,836,Do Not Sell My Personal Information,Do Not Sell My Personal Information
788,https://www.westmarine.com/,837,,
789,https://www.ulta.com/,838,Do Not Sell My Personal Information,Do Not Sell My Personal Information
790,https://www.sephora.com/,839,,
791,https://www.fragrantica.com/,840,,
792,https://www.elle.com/,841,,
793,https://www.self.com/,842,,
794,https://www.aliexpress.us/?gatewayAdapt=glo2usa&_randl_shipto=US,349,,
795,https://www.diy.com/,350,,
796,https://www.bestbuy.com/,351,CA Do Not Sell/Share My Personal Information,CA Do Not Sell/Share My Personal Information
797,https://www.target.com/,352,,
798,https://www.homedepot.com/,353,Do Not Sell or Share My Personal Information,Do Not Sell or Share My Personal Information
799,https://www.etsy.com/,354,,
800,https://www.alibaba.com/,355,,
801,https://www.groupon.com/,356,Do Not Sell or Share My Personal Information,Do Not Sell or Share My Personal Information
802,https://www.macys.com/,357,Do Not Sell or Share My Personal Information,Do Not Sell or Share My Personal Information
803,https://slickdeals.net/,358,Do Not Sell My Personal Information,Do Not Sell My Personal Information
804,https://www.lowes.com/,359,,
805,https://www.nordstrom.com/,360,,
806,https://www.flipkart.com/,361,,
807,https://www.microsoft.com/en-us/store/b/sale?rtc=1,362,,
808,https://www.nordstrom.com/,363,,
809,https://www.kohls.com/,364,DO NOT SELL OR SHARE MY PERSONAL INFORMATION,DO NOT SELL OR SHARE MY PERSONAL INFORMATION
810,https://www.jcpenney.com/,365,Do Not Sell My Personal Information,Do Not Sell My Personal Information
811,https://www.sears.com/,366,,
812,https://www.dickssportinggoods.com/,367,,
813,https://www.cabelas.com/shop/en#,368,Do Not Sell My Personal Information,Do Not Sell Or Share My Personal Information
814,https://www.myntra.com/myntra-fashion-store,369,,
815,https://www.llbean.com/,370,,
816,https://www.dillards.com/,371,,
817,https://www.bloomingdales.com/,372,Do Not Sell or Share My Personal Information,Do Not Sell or Share My Personal Information
818,https://www.neimanmarcus.com/,373,Do Not Sell My Personal Information,Do Not Sell My Personal Information
819,https://www.hsn.com/,374,Do Not Sell My Personal Information,
820,https://www.biglots.com/,375,California Customers Only: Do Not Sell My Info,California Customers Only: Do Not Sell My Info
821,https://www.saksfifthavenue.com/,376,,
822,https://www.belk.com/,377,Do Not Sell or Share My Personal Information,Do Not Sell or Share My Personal Information
823,https://www.burlington.com/,378,Do Not Sell or Share My Personal Information,Do Not Sell or Share My Personal Information
824,https://lordandtaylor.com/,379,,
825,https://www.horoscope.com/us/horoscopes/general/horoscope-general-daily-today.aspx?sign=1,380,Do Not Sell My Info,Do Not Sell My Info
826,https://www.space.com/,381,Do not sell my info,Do not sell my info
827,https://www.astrology.com/us/home.aspx,382,DO NOT SELL MY INFO,DO NOT SELL MY INFO
828,https://www.astrologyanswers.com/,383,,
829,https://www.ganeshaspeaks.com/,384,,
830,https://cafeastrology.com/,385,,
831,https://www.universetoday.com/,386,,
832,https://www.tarot.com/,387,Do Not Sell My Personal Information,Do Not Sell My Personal Information
833,https://www.astro.com/horoscope,388,,
834,http://astrosage.com/,389,,
835,https://www.esa.int/,390,,
836,https://astrostyle.com/,391,,
837,https://hubblesite.org/,392,,
838,https://www.jpl.nasa.gov/,393,,
839,https://windows2universe.org/,394,,
840,https://www.sunsigns.com/,395,Do Not Sell My Info,Do Not Sell My Info
841,https://earthsky.org/,396,Do not sell or share my personal information.,Do not sell or share my personal information.
842,https://futurescopes.com/,397,,
843,https://apod.nasa.gov/apod/astropix.html,398,,
844,https://www.zonealarm.com/,643,,
845,https://www.sophos.com/en-us,644,,
846,https://www.trendmicro.com/en_us/business.html,645,,
847,https://www.microsoft.com/en-us/?ql=3,646,,
848,https://www.adobe.com/,647,Do not sell or share my personal information,Do not sell or share my personal information
849,https://github.com/,648,,
850,https://open.spotify.com/,649,,
851,https://www.utorrent.com/,650,,
852,https://en.softonic.com/,651,,
853,https://en.uptodown.com/mac,652,,
854,https://www.mozilla.org/en-US/,653,,
855,https://www.intuit.com/,654,,
856,https://steamcommunity.com/,655,,
857,https://www.oracle.com/,656,Do Not Sell My Info,Do Not Sell My Info
858,https://sourceforge.net/,657,,
859,https://www.microsoft.com/en-us/microsoft-365?ms.url=office365com&rtc=1,658,,
860,https://filehippo.com/,659,,
861,https://evernote.com/,660,,
862,https://prezi.com/,661,,
863,https://qiita.com/,662,,
864,https://telegram.org/,663,,
865,https://www.cnet.com/,664,Do Not Sell or Share My Personal Information,Do Not Sell or Share My Personal Information
866,https://www.tomshardware.com/,665,Do not sell my info,Do not sell my info
867,https://www.theverge.com/,666,DO NOT SELL OR SHARE MY PERSONAL INFO,DO NOT SELL OR SHARE MY PERSONAL INFO
868,https://www.gsmarena.com/,667,,
869,https://www.pcmag.com/,668,"Do Not Sell My Personal Information
(Opens in a new window)","Do Not Sell My Personal Information
(Opens in a new window)"
870,https://www.engadget.com/,669,,
871,https://www.digitaltrends.com/,670,Do Not Sell or Share My Information,Do Not Sell or Share My Information
872,https://www.imore.com/,671,Do not sell my info,Do not sell my info
873,https://www.wired.com/,672,,
874,https://www.tomsguide.com/,673,Do not sell my info,Do not sell my info
875,https://www.pcworld.com/,674,,
876,https://www.consumerreports.org/,675,Do Not Sell or Share My Personal Information,Do Not Sell or Share My Personal Information
877,https://www.techadvisor.com/,676,,
878,https://www.toptenreviews.com/,677,Do not sell my info,Do not sell my info
879,https://www.dpreview.com/,678,,
880,https://www.zdnet.com/,679,,
881,https://www.vox.com/recode,680,Do Not Sell or Share My Personal Info,Do Not Sell or Share My Personal Info
882,https://boingboing.net/,681,,
883,https://www.sammobile.com/,682,,
884,https://www.nordstrom.com/,683,,
885,https://www.nike.com/,684,,
886,https://www.asos.com/,685,,
887,https://www.zappos.com/,686,,
888,https://www2.hm.com/en_us/index.html,687,Do Not Sell Or Share My Personal Data,Do Not Sell Or Share My Personal Data
889,https://www.victoriassecret.com/us/,688,Do Not Sell or Share My Personal Information,Do Not Sell or Share My Personal Information
890,https://www.footlocker.com/,689,(Calif.) Do Not Sell or Share my Personal Information,(Calif.) Do Not Sell or Share my Personal Information
891,https://www.forever21.com/,690,,
892,https://www.gap.com/,691,,
893,https://www.zara.com/us/en/woman-new-in-l1180.html?v1=2111785&page=8,692,,
894,https://www.womanwithin.com/,693,,
895,https://www.urbanoutfitters.com/,694,,
896,https://www.6pm.com/,695,,
897,https://ninewest.com/,696,,
898,https://www.ssense.com/?utm_source=polyvore.com&utm_medium=redirect&utm_campaign=301_Redirect,697,,
899,https://www.flightclub.com/,698,,
900,https://www.llbean.com/,699,,
901,https://www.ae.com/us/en,700,,Do Not Sell or Share My Personal Information
902,https://www.myntra.com/,701,,
903,https://www.zulily.com/,702,Do Not Sell or Share My Personal Information,Do Not Sell or Share My Personal Information
904,https://us.pandora.net/,703,Do Not Sell or Share My Personal Information,Do Not Sell or Share My Personal Information
905,https://www.ralphlauren.com/,704,Do Not Sell My Personal Information,Do Not Sell My Personal Information
906,https://www.louisvuitton.com/dispatch,705,,
907,https://www.zales.com/,706,,
908,https://www.thenorthface.com/en-us?_sr=1,707,Do Not Sell My Personal Information,
909,https://www.kay.com/,708,,
910,https://www.fossil.com/en-us/,709,Do Not Sell My Info,Do Not Sell My Info
911,https://www.toryburch.com/en-us/,710,,
912,https://www.helzberg.com/,711,,
913,https://www.bluenile.com/,712,,
914,https://www.swarovski.com/en-US/,713,,
915,https://www.gucci.com/us/en/,714,,
916,https://www.katespade.com/,715,,DO NOT SELL OR SHARE MY PERSONAL INFO
917,https://www.ashford.com/,716,,
918,https://www.coach.com/,717,,
919,https://www.jared.com/,718,,
920,https://www.tiffany.com/,719,Do Not Sell My Personal Information,Do Not Sell My Personal Information
921,https://www.glassesusa.com/,720,,Do Not Sell or Share My Personal Information
922,https://www.victoriassecret.com/us/,721,Do Not Sell or Share My Personal Information,Do Not Sell or Share My Personal Information
923,https://www.yandy.com/,722,Do Not Sell or Share My Personal Information,Do Not Sell or Share My Personal Information
924,https://www.venus.com/,723,CALIFORNIA - DO NOT SELL MY PERSONAL INFO,CALIFORNIA - DO NOT SELL MY PERSONAL INFO
925,https://www.herroom.com/,724,,
926,https://www.fredericks.com/,725,,
927,https://www.soma.com/store/,726,,
928,https://www.leonisa.com/en/,727,,
929,https://www.zivame.com/,728,,
930,https://www.lingeriediva.com/,729,,
931,https://www.lasenza.com/,730,,
932,https://www.forplaycatalog.com/,731,,
933,https://www.brastop.com/,732,,
934,https://www.3wishes.com/,733,Do not sell my personal information,Do not sell my personal information
935,https://www.secretsinlace.com/,734,,
936,https://www.journelle.com/,735,,
937,https://www.bravissimo.com/,736,,
938,https://trashy.com/,737,Do not sell my personal information,Do not sell my personal information
939,https://www.josbank.com/?utm_source=&account_id=582&brand=JAB&source=google&campaign=647557330&campaign_type=Brand&adgroup_id=132061103017&keyword=kwd-501326182752&ad_id=619412024628&match_type=e&channel=SEM&utm_id=go_cmp-647557330_adg-132061103017_ad-619412024628_kwd-501326182752_dev-c_ext-_prd-_mca-_sig-CjwKCAjwh4ObBhAzEiwAHzZYU9Kl1sBYAYwoN_GfPdktdbIO2sP4fIx4-VWMlGG28eeIY8WhZ9zBYhoCcTMQAvD_BwE&gclid=CjwKCAjwh4ObBhAzEiwAHzZYU9Kl1sBYAYwoN_GfPdktdbIO2sP4fIx4-VWMlGG28eeIY8WhZ9zBYhoCcTMQAvD_BwE,738,DO NOT SELL OR SHARE MY PERSONAL INFORMATION,DO NOT SELL OR SHARE MY PERSONAL INFORMATION
940,https://www.menswearhouse.com/,739,,
941,https://www.jackthreads.com/,740,,
942,https://www.shopbop.com/men?wasEastdane=true&,741,,
943,https://www.dxl.com/,742,,
944,https://www.bookbub.com/welcome,250,,
945,https://gutenberg.org/,251,,
946,https://www.kobo.com/,252,Do Not Sell or Share My Personal Information (Personal Data Opt-out),Do Not Sell or Share My Personal Information (Personal Data Opt-out)
947,https://calibre-ebook.com/,253,,
948,https://openlibrary.org/,254,,
949,https://openculture.com/,255,Do not sell my personal information,Do not sell my personal information
950,https://www.elsevier.com/,256,,
951,https://www.abebooks.com/,257,,
952,https://www.oreilly.com/,258,DO NOT SELL MY PERSONAL INFORMATION,DO NOT SELL MY PERSONAL INFORMATION
953,https://www.bkstr.com/efollettstore/home,259,,
954,https://www.vitalsource.com/,260,,
955,https://www.cengage.com/,261,DO NOT SELL,DO NOT SELL
956,https://www.valorebooks.com/,262,,
957,https://www.google.com/,263,,
958,https://www.facebook.com/,264,,
959,https://twitter.com/,265,,
960,https://www.bing.com/?toWww=1&redig=8F827FD0A844443AAEB29DB3234E0048,266,,
961,https://www.linkedin.com/,267,,
962,https://www.yelp.com/,268,,
963,https://www.yellowpages.com/,269,Do Not Sell My Personal Information,Do Not Sell My Personal Information
964,https://www.whitepages.com/,270,,
965,https://foursquare.com/,271,,
966,https://www.bbb.org/,272,,
967,https://www.manta.com/,273,,
968,https://www.angi.com/,274,Do Not Sell,Do Not Sell
969,https://www.homeadvisor.com/,275,Do Not Sell,Do Not Sell
970,https://www.superpages.com/,276,Do Not Sell My Personal Information,Do Not Sell My Personal Information
971,https://www.thumbtack.com/,277,,
972,https://www.area-codes.com/,278,,
973,https://www.local.com/,279,,
974,https://www.addresses.com/,280,Do not sell my info,Do not sell my info
975,https://www.yell.com/,281,,
976,https://chicago.craigslist.org/,282,,
977,https://www.manta.com/,283,,
978,https://www.gumtree.com/,284,,
979,https://www.quikr.com/,285,,
980,https://us.sulekha.com/,286,,
981,https://www.corotos.com.do/,287,,
982,https://www.expatriates.com/,288,,
983,https://www.boattrader.com/,289,Do Not Sell My Personal Information,Do Not Sell My Personal Information
984,https://claz.org/,290,,
985,https://www.hoobly.com/s/us,291,,
986,http://bookoo.com/,292,,
987,https://elclasificado.com/,293,Do Not Sell My Information,Do Not Sell My Information
988,https://www.groupon.com/,294,Do Not Sell or Share My Personal Information,Do Not Sell or Share My Personal Information
989,https://slickdeals.net/,295,Do Not Sell My Personal Information,Do Not Sell My Personal Information
990,https://www.retailmenot.com/,296,Do Not Sell My Personal Infomation,Do Not Sell My Personal Infomation
991,https://www.snapdeal.com/,297,,
992,https://www.coupons.com/,298,,
993,https://www.minq.com/,843,,
994,https://www.maccosmetics.com/,844,DO NOT SELL OR SHARE MY PERSONAL INFORMATION / TARGETED ADS,DO NOT SELL OR SHARE MY PERSONAL INFORMATION / TARGETED ADS
995,https://www.racked.com/,845,Do Not Sell or Share My Personal Info,Do Not Sell or Share My Personal Info
996,https://www.avon.com/,846,,
997,https://www.gilt.com/boutique/,847,,
998,https://www.toryburch.com/en-us/,848,,
999,https://herbeauty.co/en/,849,,
1000,https://www.greatclips.com/,850,Do Not Sell or Share My Personal Information,Do Not Sell or Share My Personal Information
1001,https://www.naturallycurly.com/,851,,
1002,https://www.lushusa.com/,852,,
1003,https://www.totalbeauty.com/,853,,
1004,https://www.birchbox.com/,854,,
1005,https://www.ipsy.com/,855,Do Not Sell,Do Not Sell
1006,https://www.makeupalley.com/,856,,
1007,https://www.refinery29.com/en-us,857,Do Not Sell or Share My Info,Do Not Sell or Share My Info
1008,https://www.cosmopolitan.com/,858,,
1009,https://www.fashionbeans.com/,859,Do not sell or share my personal information.,Do not sell or share my personal information.
1010,https://www.elle.com/,860,,
1011,https://www.gq.com/,861,,
1012,https://www.marieclaire.com/,862,DO NOT SELL MY INFO,DO NOT SELL MY INFO
1013,https://www.vogue.com/,863,,
1014,https://stylebistro.com/,864,California Notice / Do Not Sell My Personal Information,California Notice / Do Not Sell My Personal Information
1015,https://www.instyle.com/,865,Do Not Sell My Personal Information,Do Not Sell My Personal Information
1016,https://www.harpersbazaar.com/,866,,
1017,https://www.boldsky.com/,867,,
1018,https://www.glamour.com/,868,,
1019,https://www.seventeen.com/,869,,
1020,https://www.teenvogue.com/,870,,
1021,https://stylecaster.com/,871,,
1022,https://www.lifeandstylemag.com/,872,Do Not Sell,Do Not Sell
1023,https://www.highsnobiety.com/,873,,
1024,https://www.allure.com/,874,,
1025,https://hypebeast.com/,875,,
1026,https://www.racked.com/,876,Do Not Sell or Share My Personal Info,Do Not Sell or Share My Personal Info
1027,https://quizlet.com/,877,,
1028,https://www.w3schools.com/,878,,
1029,https://www.khanacademy.org/,879,,
1030,https://www.blackboard.com/,880,Do Not Sell My PI,Do Not Sell My PI
1031,https://www.tutorialspoint.com/index.htm,881,,
1032,https://www.researchgate.net/,882,,
1033,https://study.com/,883,,
1034,https://www.shmoop.com/,884,,
1035,https://www.udemy.com/,885,,
1036,https://www.coursera.org/,886,,
1037,https://www.ted.com/,887,,
1038,https://www.sparknotes.com/,888,Do Not Sell My Personal Information,Do Not Sell My Personal Information
1039,https://www.academia.edu/,889,,
1040,https://www.collegeboard.org/,890,,
1041,https://www.greatschools.org/,891,,
1042,https://www.chegg.com/,892,DO NOT SELL MY INFO,DO NOT SELL MY INFO
1043,https://www.usaa.com/,1043,,
1044,https://www.discover.com/,1044,,
1045,https://www.usbank.com/index.html,1045,,
1046,https://www.citi.com/,1046,Do Not Sell or Share My Personal Information,Do Not Sell or Share My Personal Information
1047,https://www.pnc.com/en/personal-banking.html,1047,,
1048,https://www.capitalone.com/bank/,1048,,
1049,https://www.schwab.com/,1049,,
1050,https://www.td.com/us/en/personal-banking,1050,,
1051,https://www.paypal.com/us/home,1051,,
1052,https://www.hrblock.com/,1052,,
1053,https://www.chase.com/,1053,,
1054,https://www.forbes.com/?sh=112eecaf2254,1054,Do Not Sell or Share My Personal Information,Do Not Sell or Share My Personal Information
1055,https://www.wellsfargo.com/,1055,,
1056,https://www.intuit.com/,1056,,
1057,https://www.irs.gov/,1057,,
1058,https://www.marketwatch.com/,1058,,
1059,https://www.libertymutual.com/,1059,,
1060,https://www.fidelity.com/,1060,,
1061,https://www.libertymutual.com/,1061,,
1062,https://www.usaa.com/,1062,,
1063,https://www.statefarm.com/,1063,Do Not Sell or Share My Personal Information (CA residents only),Do Not Sell or Share My Personal Information (CA residents only)
1064,https://healthy.kaiserpermanente.org/front-door,1064,,
1065,https://member.acg.aaa.com/il.html,1065,,
1066,https://www.progressive.com/,1066,Do Not Sell or Share My Personal Information (CA Residents Only),
1067,https://www.bcbs.com/,1067,,
1068,https://www.aetna.com/,1068,,
1069,https://www.humana.com/,1069,,
1070,https://www.allstate.com/,1070,,
1071,https://www.cigna.com/,1071,,
1072,https://www.anthem.com/,1072,,
1073,https://www.uhc.com/,1073,,
1074,https://www.farmers.com/,1074,"Do Not Sell/Share My Personal Information
opens in new window","Do Not Sell/Share My Personal Information
opens in new window"
1075,https://www.metlife.com/,1075,,
1076,https://www.hcsc.com/,1076,,
1077,https://comparisons.org/,1077,Do Not Sell My Personal Information,Do Not Sell My Personal Information
1078,https://www.esurance.com/,1078,,
1079,https://www.ehealthinsurance.com/,1079,,
1080,https://www.collegeboard.org/,1080,,
1081,https://www.ed.gov/,1081,,
1082,https://mygreatlakes.org/,1082,,
1083,https://studentaid.gov/,1083,,
1084,https://www.niche.com/colleges/search/best-colleges/,1084,Do Not Sell My Personal Information,Do Not Sell My Personal Information
1085,http://www.aessuccess.org/,1085,,
1086,https://www.salliemae.com/,1086,Do not sell or share my personal information,Do not sell or share my personal information
1087,https://www.fastweb.com/,1087,,
1088,https://collegenet.com/,1088,,
1089,https://www.allrecipes.com/,1089,Do Not Sell My Personal Information,Do Not Sell My Personal Information
