,Unnamed: 0,filename,Number translated,step1 present,Text translated,Text present,Presence confirm,Text,Index
0,0,mazdausa_825,1,Yes,sHARE MY PERSONAL INFORMATION| 1/1,Yes,Yes,Do not sell or share my personal information,825
1,2,neimanmarcus_373,1,Yes,Do Not Sell My Personal Information| 1/1,Yes,Yes,Do not sell my personal information,373
2,7,com_3,1,Yes,ellor share my personalinformation| 1/1,Yes,Yes,Do not sell or share my personal information,3
3,8,livingsocial_310,2-Apr,Check,ell or Share My Personal information| 1/2,Yes,Yes,Do not sell or share my personal information,310
4,9,netflix_347,1,Yes,ell or Share My Personal Information| 1/1,Yes,Yes,Do not sell or share my personal information,347
5,13,sorel_757,1,Yes,fornia Residents: Do Not Sell My Info| 1/1,Yes,Yes,California residents: do not sell my info,757
6,14,superpages_276,1,Yes,Do Not Sell My Personal Information| 1/1,Yes,Yes,Do not sell my personal information,276
7,15,theverge_666,1,Yes,SELL OR SHARE MY PERSONAL INFO| 1/1,Yes,Yes,Do not sell or share my personal information,666
8,19,org_396,1,Yes,ellor share my personalinformation| 1/1,Yes,Yes,Do not sell or share my personal information,396
9,20,medicinenet_69,1,Yes,Do Not Sell My Personal Information| 1/1,Yes,Yes,Do not sell my personal information,69
10,27,burlington_378,1,Yes,ell or Share My Personal Information| 1/1,Yes,Yes,Do not sell or share my personal information,378
11,30,space_446,1,Yes,Do not sell my info Wi,Yes,Yes,Do not sell my personal information,446
12,32,famousfootwear_762,1,Yes,ell or Share My Personal Information| 1/1,Yes,Yes,Do not sell or share my personal information,762
13,38,nbcnews_169,1,Yes,TSELL MY PERSONAL INFORMATION| 1/1,Yes,Yes,Do not sell my personal information,169
14,40,marieclaire_862,1,Yes,"DO NOTSELL MY INFO| ""1",Yes,Yes,Do not sell my personal information,862
15,44,jared_718,1,Yes,Do Not Sell My information| Wi,Yes,Yes,Do not sell my personal information,718
16,47,grubhub_18,1,Yes,Do Not Sell My information| Wi,Yes,Yes,Do not sell my personal information,18
17,50,refinery29_857,1,Yes,Do Not Sell or Share My Info| Wi,Yes,Yes,Do not sell my personal information,857
18,62,latimes_184,1,Yes,ell or Share My Personal Information| 1/1,Yes,Yes,Do not sell or share my personal information,184
19,63,instyle_865,1,Yes,Do Not Sell My Personal Information| 1/1,Yes,Yes,Do not sell my personal information,865
20,65,wsj_146,1,Yes,ell or Share My Personal Information| 1/1,Yes,Yes,Do not sell or share my personal information,146
21,70,com_21,1,Yes,iell or share my personal information| 1/1,Yes,Yes,Do not sell or share my personal information,21
22,71,niche_1084,1,Yes,Do Not Sell My Personal Information| 1/1,Yes,Yes,Do not sell my personal information,1084
23,76,salary_926,1,Yes,Do Not Sell or Share My Information| 1/1,Yes,Yes,Do not sell or share my personal information,926
24,85,inc_1028,1,Yes,"DO NOTSELL MY DATA ""1",Yes,Yes,Do not sell my personal information,1028
25,87,nbcsports_487,1,Yes,Do Not Sell My Personal Information| 1/1,Yes,Yes,Do not sell my personal information,487
26,88,livescience_425,1,Yes,Do not sell my info Wi,Yes,Yes,Do not sell my personal information,425
27,97,victoriassecret_688,1,Yes,ell or Share My Personal Information| 1/1,Yes,Yes,Do not sell or share my personal information,688
28,102,offers_303,1,Yes,Do Not Sell My Personal Information| 1/1,Yes,Yes,Do not sell my personal information,303
29,103,adoptapet_208,1,Yes,Do not sell my information| Wi,Yes,Yes,Do not sell my personal information,208
30,105,com_141,1,Yes,sHARE MY PERSONAL INFORMATION| 1/1,Yes,Yes,Do not sell or share my personal information,141
31,108,mcdonalds_39,1,Yes,ell or Share My Personal Information| 1/1,Yes,Yes,Do not sell or share my personal information,39
32,110,bmwusa_816,1,Yes,Do Not Sell My Personal Information| 1/1,Yes,Yes,Do not sell my personal information,816
33,112,livestrong_51,1,Yes,"Do Not Sell My Personal Infor ""1",Yes,Yes,Do not sell my personal information,51
34,115,thedodo_218,1,Yes,ell or Share My Personal Information| 1/1,Yes,Yes,Do not sell or share my personal information,218
35,117,com_864,1,Yes,Do Not Sell My Personal Information| 1/1,Yes,Yes,Do not sell my personal information,864
36,118,healthgrades_62,1,Yes,Do Not Sell My Personal Information| 1/1,Yes,Yes,Do not sell my personal information,62
37,120,subway_40,1,Yes,Do Not Sell My Personal Information| 1/1,Yes,Yes,Do not sell my personal information,40
38,121,last_982,1,Yes,Do Not Sell My Personal Information| 1/1,Yes,Yes,Do not sell my personal information,982
39,123,harryanddavid_32,1,Yes,ell or Share My Personal Information| 1/1,Yes,Yes,Do not sell or share my personal information,32
40,125,autodesk_445,1,Yes,iell or share my personal information| 1/1,Yes,Yes,Do not sell or share my personal information,445
41,131,cbssports_505,1,Yes,TSELL MY PERSONAL INFORMATION| 1/1,Yes,Yes,Do not sell my personal information,505
42,133,southwest_537,1,Yes,tSell/Share My Personal Information| 1/1,Yes,Yes,Do not sell or share my personal information,537
43,135,dice_904,1,Yes,Do Not Sell My Personal Information| 1/1,Yes,Yes,Do not sell my personal information,904
44,137,footlocker_689,1,Yes,ell or Share my Personal Information| 1/1,Yes,Yes,Do not sell or share my personal information,689
45,138,vividseats_994,1,Yes,Do Not Sell or Share My Information| 1/1,Yes,Yes,Do not sell or share my personal information,994
46,139,marthastewart_13,1,Yes,California Do Not Sell] Wi,Yes,Yes,California residents: do not sell my info,13
47,145,hobbylobby_130,1,Yes,ell or Share My Personal Information| 1/1,Yes,Yes,Do not sell or share my personal information,130
48,151,addresses_280,1,Yes,Do not sell my info Wi,Yes,Yes,Do not sell my personal information,280
49,159,dailywire_142,1,Yes,ell or Share My Personal Information| 1/1,Yes,Yes,Do not sell or share my personal information,142
50,161,medscape_71,1,Yes,Do Not Sell My Personal Information| 1/1,Yes,Yes,Do not sell my personal information,71
51,167,cdw_613,1,Yes,sonal Information - Currently Sharing] 1/1,Yes,Yes,Do not sell or share my personal information,613
52,171,kobo_252,1,Yes,Information (Personal Data Opt-out)| 1/1,Yes,Yes,Do not sell or share my personal information,252
53,174,whirlpool_602,1,Yes,ell Or Share My Personal Information| 1/1,Yes,Yes,Do not sell or share my personal information,602
54,176,macys_357,1,Yes,ell or Share My Personal Information| 1/1,Yes,Yes,Do not sell or share my personal information,357
55,185,glasses_775,1,Yes,Do Not Sell My Personal Information| 1/1,Yes,Yes,Do not sell my personal information,775
56,190,curbed_126,1,Yes,sHARE MY PERSONAL INFORMATION| 1/1,Yes,Yes,Do not sell or share my personal information,126
57,192,treehugger_116,1,Yes,Do Not Sell My Personal Information| 1/1,Yes,Yes,Do not sell my personal information,116
58,193,victoriassecret_721,1,Yes,ell or Share My Personal Information| 1/1,Yes,Yes,Do not sell or share my personal information,721
59,194,retailmenot_296,1,Yes,Do Not Sell My Personal infomation| 1/1,Yes,Yes,Do not sell my personal information,296
60,204,groupon_294,2-Apr,Check,ell or Share My Personal information| 1/2,Yes,Yes,Do not sell or share my personal information,294
61,205,houzz_119,1,Yes,Do not sell or share my info| Wi,Yes,Yes,Do not sell or share my personal information,119
62,212,astrology_382,1,Yes,"DO NOTSELL MY INFO| ""1",Yes,Yes,Do not sell my personal information,382
63,215,colehaan_766,1,Yes,Do not sell my info Wi,Yes,Yes,Do not sell my personal information,766
64,216,active_493,13,Yes,Do Not Sell My Personal information| 1/3,Yes,Yes,Do not sell my personal information,493
65,217,com_166,1,Yes,Do Not Sell My Personal Information| 1/1,Yes,Yes,Do not sell my personal information,166
66,218,com_482,1,Yes,ellor share my personalinformation| 1/1,Yes,Yes,Do not sell or share my personal information,482
67,227,avast_631,1,Yes,Do not sell my info Wi,Yes,Yes,Do not sell my personal information,631
68,234,com_217,1,Yes,ellor share my personalinformation| 1/1,Yes,Yes,Do not sell or share my personal information,217
69,239,ray-ban_768,1,Yes,TSELL MY PERSONAL INFORMATION| 1/1,Yes,Yes,Do not sell or share my personal information,768
70,240,com_1027,1,Yes,tSell/Share My Personal Information| 1/1,Yes,Yes,Do not sell or share my personal information,1027
71,243,bizrate_312,1,Yes,Do Not Sell My Personal Information| 1/1,Yes,Yes,Do not sell my personal information,312
72,245,zulily_300,1,Yes,ell or Share My Personal Information| 1/1,Yes,Yes,Do not sell or share my personal information,300
73,248,boatshop24_833,1,Yes,Do Not Sell My Personal Information| 1/1,Yes,Yes,Do not sell my personal information,833
74,251,overstock_223,1,Yes,Do Not Sell My information| Wi,Yes,Yes,Do not sell my personal information,223
75,253,shop_321,1,Yes,Do Not Sell My information| Wi,Yes,Yes,Do not sell my personal information,321
76,256,abt_603,1,Yes,Do Not Sell My Personal Information| 1/1,Yes,Yes,Do not sell my personal information,603
77,273,sunglasshut_769,1,Yes,Do Not Sell My Personal Information| 1/1,Yes,Yes,Do not sell my personal information,769
78,274,redbubble_97,1,Yes,Do not sell my personal information| 1/1,Yes,Yes,Do not sell my personal information,97
79,279,truecar_798,1,Yes,Do Not Sell My Personal Information| 1/1,Yes,Yes,Do not sell my personal information,798
80,281,etsy_95,1,Yes,Privacy /Do not sell my personal info| 1/1,Yes,Yes,Do not sell my personal information,95
81,286,groupon_356,2-Apr,Check,ell or Share My Personal information| 1/2,Yes,Yes,Do not sell or share my personal information,356
82,288,anthropologie_114,1,Yes,Do Not Sell My Info| Wi,Yes,Yes,Do not sell my personal information,114
83,291,haggar_755,1,Yes,ell or Share My Personal Information| 1/1,Yes,Yes,Do not sell or share my personal information,755
84,293,webqc_421,1,Yes,Do Not Sell My Personal Information| 1/1,Yes,Yes,Do not sell my personal information,421
85,298,lowes_359,1,Yes,tSell/Share My Personal Information| 1/1,Yes,Yes,Do not sell or share my personal information,359
86,300,cinemark_991,1,Yes,Do Not Sell My Personal Information| 1/1,Yes,Yes,Do not sell my personal information,991
87,305,com_253,,Check,"ot sell]

o/o",Yes,No,,253
88,307,oracle_656,1,Yes,Do Not Sell My Info| Wi,Yes,Yes,Do not sell my personal information,656
89,309,net_358,1,Yes,Do Not Sell My Personal Information| 1/1,Yes,Yes,Do not sell my personal information,358
90,319,boattrader_834,1,Yes,Do Not Sell My Personal Information| 1/1,Yes,Yes,Do not sell my personal information,834
91,320,trycaviar_24,1,Yes,ell or Share My Personal Information| 1/1,Yes,Yes,Do not sell or share my personal information,24
92,323,livecareer_934,1,Yes,Do Not Sell or Share My Info| Wi,Yes,Yes,Do not sell or share my personal information,934
93,333,airfarewatchdog_564,,Check,,Yes,No,,564
94,336,airforce_786,2-Apr,Check,ell or Share My Personal information| 1/2,Yes,Yes,Do not sell or share my personal information,786
95,346,ebay_344,1,Yes,Do not sell my personal information| 1/1,Yes,Yes,Do not sell my personal information,344
96,347,kohls_364,1,Yes,sHARE MY PERSONAL INFORMATION| 1/1,Yes,Yes,Do not sell or share my personal information,364
97,350,ipsy_855,1,Yes,Do Not Sell] Wi,Yes,Yes,Do not sell my personal information,855
98,354,racked_876,1,Yes,o Not Sell or Share My Personal nfo| 1/1,Yes,Yes,Do not sell or share my personal information,876
99,356,fossil_709,1,Yes,Do Not Sell My Info| Wi,Yes,Yes,Do not sell my personal information,709
100,357,nydailynews_180,1,Yes,tSell/Share My Personal Information| 1/1,Yes,Yes,Do not sell or share my personal information,180
101,360,chegg_233,1,Yes,"DO NOTSELL MY INFO| ""1",Yes,Yes,Do not sell my personal information,233
102,362,ihg_572,1,Yes,ell or Share My Personal Information| 1/1,Yes,Yes,Do not sell or share my personal information,572
103,363,dailykos_164,1,Yes,Do Not Sell My Info| Wi,Yes,Yes,Do not sell my personal information,164
104,364,boattrader_289,1,Yes,Do Not Sell My Personal Information| 1/1,Yes,Yes,Do not sell my personal information,289
105,370,microcenter_622,1,Yes,Do Not Sell My information| Wi,Yes,Yes,Do not sell my personal information,622
106,376,nutrisystem_56,1,Yes,Do Not Sell My Personal Information| 1/1,Yes,Yes,Do not sell my personal information,56
107,385,vw_824,1,Yes,ell or Share My Personal Information| 1/1,Yes,Yes,Do not sell or share my personal information,824
108,386,jetblue_542,1,Yes,Do not sell my info Wi,Yes,Yes,Do not sell my personal information,542
109,388,com_632,1,Yes,3ell My Personal Information request] 1/1,Yes,Yes,Do not sell my personal information,632
110,389,norton_629,1,Yes,to Not Sell or Share My Personal Data|_ 1/1,Yes,Yes,Do not sell or share my personal information,629
111,392,racked_845,1,Yes,o Not Sell or Share My Personal nfo| 1/1,Yes,Yes,Do not sell or share my personal information,845
112,397,healthline_53,1,Yes,Do Not Sell My Info| Wi,Yes,Yes,Do not sell my personal information,53
113,398,com_93,1,Yes,ellor share my personalinformation| 1/1,Yes,Yes,Do not sell or share my personal information,93
114,400,seriouseats_5,1,Yes,Do Not Sell My Personal Information| 1/1,Yes,Yes,Do not sell my personal information,5
115,401,snagajob_924,1,Yes,ell or Share My Personal Information| 1/1,Yes,Yes,Do not sell or share my personal information,924
116,410,lufthansa_550,1,Yes,CCPA / Do Not Sell My Info| Wi,Yes,Yes,Do not sell my personal information,550
117,414,tomshardware_610,1,Yes,Do not sell my info Wi,Yes,Yes,Do not sell my personal information,610
118,415,scholastic_235,1,Yes,Do Not Sell My Info| Wi,Yes,Yes,Do not sell my personal information,235
119,417,espn_499,2-Apr,Check,ell or Share My Personal information| 1/2,Yes,Yes,Do not sell or share my personal information,499
120,425,hsn_374,1,Yes,Do Not Sell My Personal Information| 1/1,Yes,Yes,Do not sell my personal information,374
121,426,webqc_420,1,Yes,Do Not Sell My Personal Information| 1/1,Yes,Yes,Do not sell my personal information,420
122,436,digitaltrends_670,1,Yes,Do Not Sell or Share My Information| 1/1,Yes,Yes,Do not sell or share my personal information,670
123,443,gardenweb_117,1,Yes,Do not sell or share my info| Wi,Yes,Yes,Do not sell or share my personal information,117
124,448,com_325,1,Yes,Do Not Sell My Personal Information| 1/1,Yes,Yes,Do not sell my personal information,325
125,449,hm_687,1,Yes,Â© Not Sell Or Share My Personal Data| 1/1,Yes,Yes,Do not sell or share my personal information,687
126,450,bloomingdales_372,1,Yes,ell or Share My Personal Information| 1/1,Yes,Yes,Do not sell or share my personal information,372
127,454,berries_31,1,Yes,Do Not Sell My Personal Information| 1/1,Yes,Yes,Do not sell my personal information,31
128,457,sbnation_507,1,Yes,o Not Sell or Share My Personal nfo| 1/1,Yes,Yes,Do not sell or share my personal information,507
129,458,petfinder_205,1,Yes,sHARE MY PERSONAL INFORMATION| 1/1,Yes,Yes,Do not sell or share my personal information,205
130,460,com_148,1,Yes,CA: Do Not Sell My Info| Wi,Yes,Yes,California residents: do not sell my info,148
131,461,thrillist_8,1,Yes,ell or Share My Personal Information| 1/1,Yes,Yes,Do not sell or share my personal information,8
132,465,lg_594,1,Yes,ell or Share My Personal Information| 1/1,Yes,Yes,Do not sell or share my personal information,594
133,468,panasonic_596,1,Yes,Do Not Sell My Datal Wi,Yes,Yes,Do not sell my personal information,596
134,471,cnet_664,1,Yes,ell or Share My Personal Information| 1/1,Yes,Yes,Do not sell or share my personal information,664
135,475,allrecipes_1089,1,Yes,Do Not Sell My Personal Information| 1/1,Yes,Yes,Do not sell my personal information,1089
136,477,com_301,1,Yes,Do not sell my personal information| 1/1,Yes,Yes,Do not sell my personal information,301
137,482,prana_760,1,Yes,fornia Residents: Do Not Sell My Info| 1/1,Yes,Yes,California residents: do not sell my info,760
138,483,samsung_597,1,Yes,ell or Share My Personal information| 1/1,Yes,Yes,Do not sell or share my personal information,597
139,489,jdpower_800,1,Yes,Do Not Sell or Share My Information| 1/1,Yes,Yes,Do not sell or share my personal information,800
140,490,geappliances_599,1,Yes,ell Or Share My Personal Information| 1/1,Yes,Yes,Do not sell or share my personal information,599
141,506,southernliving_591,1,Yes,Do Not Sell My Personal Information| 1/1,Yes,Yes,Do not sell my personal information,591
142,509,potterybarn_107,1,Yes,ell or Share My Personal Information| 1/1,Yes,Yes,Do not sell or share my personal information,107
143,511,cnbc_1022,1,Yes,Do Not Sell My Personal Information| 1/1,Yes,Yes,Do not sell my personal information,1022
144,514,thenorthface_707,1,Yes,Do Not Sell My Personal Information| 1/1,Yes,Yes,Do not sell my personal information,707
145,518,twitch_961,,Check,"ot sell]

o/o",Yes,No,,961
146,520,nflshop_490,1,Yes,ell or Share My Personal Information| 1/1,Yes,Yes,Do not sell or share my personal information,490
147,531,coach_717,1,Yes,DO NOTSELL MY PERSONALINFO| 1/1,Yes,Yes,Do not sell my personal information,717
148,533,toptenreviews_677,1,Yes,Do not sell my info Wi,Yes,Yes,Do not sell my personal information,677
149,536,eset_635,1,Yes,iell or share my personal information| 1/1,Yes,Yes,Do not sell or share my personal information,635
150,546,salliemae_1086,1,Yes,iell or share my personal information| 1/1,Yes,Yes,Do not sell or share my personal information,1086
151,547,jimmyjohns_43,1,Yes,Do Not Sell My Info| Wi,Yes,Yes,Do not sell my personal information,43
152,550,pandora_703,1,Yes,ell or Share My Personal Information| 1/1,Yes,Yes,Do not sell or share my personal information,703
153,551,lifeandstylemag_872,1,Yes,Do Not Sell] Wi,Yes,Yes,Do not sell my personal information,872
154,564,eater_7,1,Yes,o Not Sell or Share My Personal nfo| 1/1,Yes,Yes,Do not sell or share my personal information,7
155,565,cargurus_792,1,Yes,Do Not Sell My Personal Information| 1/1,Yes,Yes,Do not sell my personal information,792
156,569,yachtworld_836,1,Yes,Do Not Sell My Personal Information| 1/1,Yes,Yes,Do not sell my personal information,836
157,574,biomedcentral_402,1,Yes,Manage cookies/Do not sell my data|_ 1/1,Yes,Yes,Do not sell my personal information,402
158,581,net_311,1,Yes,Do Not Sell My Personal Information| 1/1,Yes,Yes,Do not sell my personal information,311
159,590,careerbuilder_925,1,Yes,Do Not Sell My Personal Information| 1/1,Yes,Yes,Do not sell my personal information,925
160,593,everydayhealth_87,1,Yes,Do Not Sell My Personal Information| 1/1,Yes,Yes,Do not sell my personal information,87
161,594,hotwire_556,1,Yes,Do Not Sell My Personal Information| 1/1,Yes,Yes,Do not sell my personal information,556
162,598,com_1026,1,Yes,Do Not Sell My Personal Information| 1/1,Yes,Yes,Do not sell my personal information,1026
163,605,weightwatchers_54,1,Yes,Do Not Sell My Personal Info| Wi,Yes,Yes,Do not sell my personal information,54
164,608,officedepot_135,1,Yes,Do Not Sell My Personal Information| 1/1,Yes,Yes,Do not sell my personal information,135
165,617,ulta_838,1,Yes,Do Not Sell My Personal Information| 1/1,Yes,Yes,Do not sell my personal information,838
166,621,jcpenney_365,1,Yes,Do Not Sell My Personal Information| 1/1,Yes,Yes,Do not sell my personal information,365
167,623,1stdibs_98,1,Yes,Do Not Sell My Info| Wi,Yes,Yes,Do not sell my personal information,98
168,624,consumerreports_675,1,Yes,ell or Share My Personal Information| 1/1,Yes,Yes,Do not sell or share my personal information,675
169,625,nytimes_159,1,Yes,tSell/Share My Personal Information| 1/1,Yes,Yes,Do not sell or share my personal information,159
170,632,sunsigns_395,1,Yes,Do Not Sell My Info| Wi,Yes,Yes,Do not sell my personal information,395
171,633,livenation_993,1,Yes,ell or Share My Personal Information| 1/1,Yes,Yes,Do not sell or share my personal information,993
172,637,homedepot_353,1,Yes,ell or Share My Personal Information| 1/1,Yes,Yes,Do not sell or share my personal information,353
173,640,kickstarter_186,2-Apr,Check,Do Not Sell My Personal information| 1/2,Yes,Yes,Do not sell my personal information,186
174,641,staples_136,1,Yes,ell or Share My Personal Information| 1/1,Yes,Yes,Do not sell or share my personal information,136
175,642,kayak_552,1,Yes,Do Not Sell or Share My Info| Wi,Yes,Yes,Do not sell or share my personal information,552
176,644,vox_680,1,Yes,o Not Sell or Share My Personal nfo| 1/1,Yes,Yes,Do not sell or share my personal information,680
177,646,hilton_571,1,Yes,Do Not Sell My Personal Information| 1/1,Yes,Yes,Do not sell my personal information,571
178,651,netflix_959,1,Yes,ell or Share My Personal Information| 1/1,Yes,Yes,Do not sell or share my personal information,959
179,656,doordash_22,1,Yes,ell or Share My Personal Information| 1/1,Yes,Yes,Do not sell or share my personal information,22
180,664,com_255,1,Yes,Do not sell my personal information| 1/1,Yes,Yes,Do not sell my personal information,255
181,670,forbes_1054,1,Yes,ell or Share My Personal Information| 1/1,Yes,Yes,Do not sell or share my personal information,1054
182,673,governmentjobs_933,1,Yes,Do not sell my personal information| 1/1,Yes,Yes,Do not sell my personal information,933
183,674,d2l_454,1,Yes,Do Not Sell My Pl Wi,Yes,Yes,Do not sell my personal information,454
184,675,timeout_580,1,Yes,Do not sell my information| Wi,Yes,Yes,Do not sell my personal information,580
185,676,barnesandnoble_225,1,Yes,Do Not Sell My Personal Information| 1/1,Yes,Yes,Do not sell my personal information,225
186,677,org_1077,1,Yes,Do Not Sell My Personal Information| 1/1,Yes,Yes,Do not sell my personal information,1077
187,684,citi_1046,1,Yes,ell or Share My Personal Information| 1/1,Yes,Yes,Do not sell or share my personal information,1046
188,686,zulily_702,1,Yes,ell or Share My Personal Information| 1/1,Yes,Yes,Do not sell or share my personal information,702
189,687,subaru_823,1,Yes,o Not Sell or Share My Personal nfo| 1/1,Yes,Yes,Do not sell or share my personal information,823
190,689,tomshardware_665,1,Yes,Do not sell my info Wi,Yes,Yes,Do not sell my personal information,665
191,693,codecademy_944,1,Yes,Do Not Sell My Personal Information| 1/1,Yes,Yes,Do not sell my personal information,944
192,696,statefarm_1063,2-Feb,Check,onal Information (CA residents only)|_ 2/2,Yes,Yes,Do not sell or share my personal information,1063
193,698,cengage_261,1,Yes,DO NOTSELL Wi,Yes,Yes,Do not sell my personal information,261
194,699,ae_700,1,Yes,ell or Share My Personal Information| 1/1,Yes,Yes,Do not sell or share my personal information,700
195,701,audiusa_820,1,Yes,ell or Share My Personal Information| 1/1,Yes,Yes,Do not sell or share my personal information,820
196,703,go_163,1,Yes,ell or Share My Personal Information| 1/1,Yes,Yes,Do not sell or share my personal information,163
197,706,cars_795,1,Yes,Do Not Sell My Personal Information| 1/1,Yes,Yes,Do not sell my personal information,795
198,716,backyardchickens_214,1,Yes,ellor share my personalinformation| 1/1,Yes,Yes,Do not sell or share my personal information,214
199,717,avg_628,1,Yes,Do not sell my info Wi,Yes,Yes,Do not sell my personal information,628
200,721,oreilly_258,1,Yes,TSELL MY PERSONAL INFORMATION| 1/1,Yes,Yes,Do not sell my personal information,258
201,724,org_176,1,Yes,ellor share my personalinformation| 1/1,Yes,Yes,Do not sell or share my personal information,176
202,725,webmd_66,1,Yes,Do Not Sell My Personal Information| 1/1,Yes,Yes,Do not sell my personal information,66
203,726,worldmarket_111,1,Yes,ell or Share My Personal Information| 1/1,Yes,Yes,Do not sell or share my personal information,111
204,727,blackboard_880,1,Yes,Do Not Sell My Pl Wi,Yes,Yes,Do not sell my personal information,880
205,728,3wishes_733,1,Yes,onotsellmypersonalinformation| â€” 1/1,Yes,Yes,Do not sell my personal information,733
206,733,angi_274,1,Yes,Do Not Sell] Wi,Yes,Yes,Do not sell my personal information,274
207,736,thrillist_579,1,Yes,ell or Share My Personal Information| 1/1,Yes,Yes,Do not sell or share my personal information,579
208,737,rxlist_78,1,Yes,Do Not Sell My Personal Information| 1/1,Yes,Yes,Do not sell my personal information,78
209,740,horoscope_380,1,Yes,Do Not Sell My Info| Wi,Yes,Yes,Do not sell my personal information,380
210,741,bestbuy_593,1,Yes,tSell/Share My Personal Information| 1/1,Yes,Yes,Do not sell or share my personal information,593
211,747,choicehotels_576,1,Yes,Do Not Sell My Personal Information| 1/1,Yes,Yes,Do not sell my personal information,576
212,765,craftsy_132,1,Yes,Do Not Sell My Info| Wi,Yes,Yes,Do not sell my personal information,132
213,773,com_293,1,Yes,Do Not Sell My information| Wi,Yes,Yes,Do not sell my personal information,293
214,778,dailymail_178,1,Yes,iell or share my personal information| 1/1,Yes,Yes,Do not sell or share my personal information,178
215,781,adobe_647,1,Yes,iell or share my personal information| 1/1,Yes,Yes,Do not sell or share my personal information,647
216,783,imore_671,1,Yes,Do not sell my info Wi,Yes,Yes,Do not sell my personal information,671
217,791,myrecipes_9,1,Yes,California Do Not Sell] Wi,Yes,Yes,California residents: do not sell my info,9
218,795,porsche_821,1,Yes,ell or Share My Personal Information| 1/1,Yes,Yes,Do not sell or share my personal information,821
219,796,com_737,1,Yes,Do not sell my personal information| 1/1,Yes,Yes,Do not sell my personal information,737
220,797,homeadvisor_275,1,Yes,Do Not Sell] Wi,Yes,Yes,Do not sell my personal information,275
221,801,yandy_722,1,Yes,ell or Share My Personal Information| 1/1,Yes,Yes,Do not sell or share my personal information,722
222,803,travelandleisure_582,1,Yes,Do Not Sell My Personal Information| 1/1,Yes,Yes,Do not sell my personal information,582
223,821,skyscanner_555,1,Yes,Do Not Sell My Personal Information| 1/1,Yes,Yes,Do not sell my personal information,555
224,823,bestbuy_351,1,Yes,tSell/Share My Personal Information| 1/1,Yes,Yes,Do not sell or share my personal information,351
225,830,theblaze_150,1,Yes,ell or Share My Personal Information| 1/1,Yes,Yes,Do not sell or share my personal information,150
226,837,cabelas_368,1,Yes,ell Or Share My Personal Information| 1/1,Yes,Yes,Do not sell or share my personal information,368
227,839,progressive_1066,1,Yes,onal Information (CA Residents Only)| 1/1,Yes,Yes,Do not sell or share my personal information(CA residents only),1066
228,840,maccosmetics_844,1,Yes,NALINFORMATION / TARGETED ADS| 1/1,Yes,Yes,Do not sell or share my personal information,844
229,842,avira_636,1,Yes,to Not Sell or Share My Personal Data|_ 1/1,Yes,Yes,Do not sell or share my personal information,636
230,846,olivegarden_41,1,Yes,ell or Share My Personal Information| 1/1,Yes,Yes,Do not sell or share my personal information,41
231,850,nissanusa_812,1,Yes,Do Not Sell My Personal Information| 1/1,Yes,Yes,Do not sell my personal information,812
232,853,shape_88,1,Yes,Do Not Sell My Personal Information| 1/1,Yes,Yes,Do not sell my personal information,88
233,866,ralphlauren_704,1,Yes,Do Not Sell My Personal Information| 1/1,Yes,Yes,Do not sell my personal information,704
234,868,belk_377,1,Yes,ell or Share My Personal Information| 1/1,Yes,Yes,Do not sell or share my personal information,377
235,875,pursuitboats_835,,Check,"ot sell]

o/o",Yes,No,,835
236,883,vistaprint_137,1,Yes,Do not sell my info Wi,Yes,Yes,Do not sell my personal information,137
237,885,theatlantic_167,1,Yes,Do Not Sell My Personal Information| 1/1,Yes,Yes,Do not sell my personal information,167
238,886,chegg_892,1,Yes,"DO NOTSELL MY INFO| ""1",Yes,Yes,Do not sell my personal information,892
239,889,huffpost_158,1,Yes,sHARE MY PERSONAL INFORMATION| 1/1,Yes,Yes,Do not sell or share my personal information,158
240,893,venus_723,1,Yes,\-DO NOTSELL MY PERSONAL INFO| 1/1,Yes,Yes,Do not sell my personal information,723
241,899,biglots_110,1,Yes,Customers Only: Do Not Sell My Info| 1/1,Yes,Yes,Do not sell my personal information,110
242,904,everydayhealth_74,1,Yes,"Do Not Sell ""1",Yes,Yes,Do not sell my personal information,74
243,907,underarmour_758,1,Yes,Do Not Sell My Personal Information| 1/1,Yes,Yes,Do not sell my personal information,758
244,908,forbes_1015,1,Yes,ell or Share My Personal Information| 1/1,Yes,Yes,Do not sell or share my personal information,1015
245,910,scribd_224,1,Yes,iell or share my personal information| 1/1,Yes,Yes,Do not sell or share my personal information,224
246,915,carmax_796,1,Yes,Do Not Sell or Share My Information| 1/1,Yes,Yes,Do not sell or share my personal information,796
247,917,rakuten_299,1,Yes,Information / Personal Data Opt-out] 1/1,Yes,Yes,Do not sell or share my personal information,299
248,922,seamless_19,1,Yes,Do Not Sell My information| Wi,Yes,Yes,Do not sell my personal information,19
249,924,com_481,1,Yes,ellor share my personalinformation| 1/1,Yes,Yes,Do not sell or share my personal information,481
250,925,citi_1041,1,Yes,ell or Share My Personal Information| 1/1,Yes,Yes,Do not sell or share my personal information,1041
251,928,edmunds_791,1,Yes,ell or Share My Personal Information| 1/1,Yes,Yes,Do not sell or share my personal information,791
252,931,dollardays_334,1,Yes,Do Not Sell My information| Wi,Yes,Yes,Do not sell my personal information,334
253,935,keurig_598,1,Yes,ell or Share My Personal Information| 1/1,Yes,Yes,Do not sell or share my personal information,598
254,941,myfitnesspal_52,1,Yes,Do Not Sell My Personal Information| 1/1,Yes,Yes,Do not sell my personal information,52
255,942,edx_942,1,Yes,Do Not Sell My Personal Information| 1/1,Yes,Yes,Do not sell my personal information,942
256,943,riteaid_80,1,Yes,ell or Share My Personal Information| 1/1,Yes,Yes,Do not sell or share my personal information,80
257,951,rakuten_316,1,Yes,Information / Personal Data Opt-out] 1/1,Yes,Yes,Do not sell or share my personal information,316
258,952,oakley_771,1,Yes,Do not sell my personal information| 1/1,Yes,Yes,Do not sell my personal information,771
259,956,marthastewart_123,1,Yes,California Do Not Sell] Wi,Yes,Yes,California residents: do not sell my info,123
260,957,autobytel_804,1,Yes,Do Not Sell My information| Wi,Yes,Yes,Do not sell my personal information,804
261,960,com_231,1,Yes,Do Not Sell My Info| Wi,Yes,Yes,Do not sell my personal information,231
262,961,mysimon_319,1,Yes,Do Not Sell My Personal Information| 1/1,Yes,Yes,Do not sell my personal information,319
263,964,bbc_962,1,Yes,AdChoices / Do Not Sell My Info| Wi,Yes,Yes,Do not sell my personal information,962
264,965,mbusa_813,1,Yes,Do Not Sell My Personal Information| 1/1,Yes,Yes,Do not sell my personal information,813
265,966,com_973,1,Yes,Do Not Sell My Personal Information| 1/1,Yes,Yes,Do not sell my personal information,973
266,977,com_99,1,Yes,Do Not Sell My Personal Information| 1/1,Yes,Yes,Do not sell my personal information,99
267,978,publishersweekly_238,1,Yes,Do Not Sell] Wi,Yes,Yes,Do not sell my personal information,238
268,982,saatchiart_104,1,Yes,Do Not Sell My Personal Information| 1/1,Yes,Yes,Do not sell my personal information,104
269,984,hillspet_198,1,Yes,Do Not Sell My Personal Information| 1/1,Yes,Yes,Do not sell my personal information,198
270,991,fashionbeans_859,1,Yes,ellor share my personalinformation| 1/1,Yes,Yes,Do not sell or share my personal information,859
271,1001,treehugger_428,1,Yes,Do Not Sell My Personal Information| 1/1,Yes,Yes,Do not sell my personal information,428
272,1002,deviantart_96,13,Yes,Do Not Sell My Personal information| 1/3,Yes,Yes,Do not sell my personal information,96
273,1004,biglots_375,1,Yes,Customers Only: Do Not Sell My Info| 1/1,Yes,Yes,Do not sell my personal information,375
274,1005,dogster_215,1,Yes,DO NOTSELL MY INFORMATION| 1,Yes,Yes,Do not sell my personal information,215
275,1007,etsy_128,1,Yes,Privacy /Do not sell my personal info| 1/1,Yes,Yes,Do not sell my personal information,128
276,1026,space_381,1,Yes,Do not sell my info Wi,Yes,Yes,Do not sell my personal information,381
277,1027,net_295,1,Yes,Do Not Sell My Personal Information| 1/1,Yes,Yes,Do not sell my personal information,295
278,1035,nytimes_177,1,Yes,tSell/Share My Personal Information| 1/1,Yes,Yes,Do not sell or share my personal information,177
279,1038,tiffany_719,1,Yes,Do Not Sell My Personal Information| 1/1,Yes,Yes,Do not sell my personal information,719
280,1046,mapmyrun_498,1,Yes,Do Not Sell My Personal Information| 1/1,Yes,Yes,Do not sell my personal information,498
281,1051,cnn_157,1,Yes,ell Or Share My Personal Information| 1/1,Yes,Yes,Do not sell or share my personal information,157
282,1057,lonelyplanet_554,1,Yes,ell or Share My Personal Information| 1/1,Yes,Yes,Do not sell or share my personal information,554
283,1060,glassdoor_919,1,Yes,Do Not Sell Or Share My Information| 1/1,Yes,Yes,Do not sell or share my personal information,919
284,1063,yellowpages_269,1,Yes,Do Not Sell My Personal Information| 1/1,Yes,Yes,Do not sell my personal information,269
285,1064,innerbody_403,1,Yes,Do Not Sell My Info| Wi,Yes,Yes,Do not sell my personal information,403
286,1067,bhg_125,1,Yes,Do Not Sell My Personal Information| 1/1,Yes,Yes,Do not sell my personal information,125
287,1074,grubhub_17,1,Yes,Do Not Sell My information| Wi,Yes,Yes,Do not sell my personal information,17
288,1077,com_179,1,Yes,sHARE MY PERSONAL INFORMATION| 1/1,Yes,Yes,Do not sell or share my personal information,179
289,1079,urbanoutfitters_122,1,Yes,Do Not Sell My Info| Wi,Yes,Yes,Do not sell my personal information,122
290,1082,volvocars_826,1,Yes,ell or Share My Personal Information| 1/1,Yes,Yes,Do not sell or share my personal information,826
291,1083,gardeningknowhow_115,1,Yes,ellor share my personalinformation| 1/1,Yes,Yes,Do not sell or share my personal information,115
292,1085,us_302,1,Yes,sHARE MY PERSONAL INFORMATION| 1/1,Yes,Yes,Do not sell or share my personal information,302
293,1086,greatclips_850,1,Yes,ell or Share My Personal Information| 1/1,Yes,Yes,Do not sell or share my personal information,850
