,category,sub category,website,url,Index,Search key
0,,,Theblaze.Com,https://www.theblaze.com/,150,Do Not Sell or Share My Personal Information
1,,,Westernjournalism.Com,https://www.westernjournal.com/,151,
2,,,Theweek.Com,https://theweek.com/,152,Do Not Sell My Information
3,,,Washingtontimes.Com,https://www.washingtontimes.com/,153,
4,,,Infowars.Com,https://www.infowars.com/,154,
5,,,Lifenews.Com,https://www.lifenews.com/,155,
6,,,Washingtonexaminer.Com,https://www.washingtonexaminer.com/,156,
7,,Liberal Websites,Cnn.Com,https://www.cnn.com/,157,
8,,,Huffingtonpost.Com,https://www.huffpost.com/,158,DO NOT SELL OR SHARE MY PERSONAL INFORMATION
9,,,Nytimes.Com,https://www.nytimes.com/,159,
10,,,Politico.Com,https://www.politico.com/,160,Do not sell my info
11,,,Slate.Com,https://slate.com/,161,
12,,,Rollingstone.Com,https://www.rollingstone.com/,162,
13,,,Abcnews.Go.Com,https://abcnews.go.com/,163,Do Not Sell or Share My Personal Information
14,,,Dailykos.Com,https://www.dailykos.com/,164,Do Not Sell My Info
15,,,Washingtonpost.Com,https://www.washingtonpost.com/,165,
16,,,Time.Com,https://time.com/,166,Do Not Sell My Personal Information
17,,,Theatlantic.Com,https://www.theatlantic.com/,167,Do Not Sell My Personal Information
18,,,Rawstory.Com,https://www.rawstory.com/,168,
19,,,Nbcnews.Com,https://www.nbcnews.com/,169,DO NOT SELL MY PERSONAL INFORMATION
20,,,Salon.Com,https://www.salon.com/,170,
21,,,Newyorker.Com,https://www.newyorker.com/,171,
22,,,Thedailybeast.Com,https://www.thedailybeast.com/,172,
23,,,Alternet.Org,https://www.alternet.org/,173,
24,,,Politifact.Com,https://www.politifact.com/,174,
25,,,Credoaction.Com,https://www.credoaction.com/,175,
26,,,Thinkprogress.Org,https://thinkprogress.org/,176,Do not sell or share my personal information.
27,,Newspapers Websites,Nytimes.Com,https://www.nytimes.com/,177,
28,,,Dailymail.Co.Uk,https://www.dailymail.co.uk/ushome/index.html,178,Do not sell or share my personal information
29,,,Thehill.Com,https://thehill.com/,179,DO NOT SELL OR SHARE MY PERSONAL INFORMATION
30,,,Nydailynews.Com,https://www.nydailynews.com/,180,Do Not Sell/Share My Personal Information
31,,,Independent.Co.Uk,https://www.independent.co.uk/us,181,
32,,,Usatoday.Com,https://www.usatoday.com/,182,
33,,,Telegraph.Co.Uk,https://www.telegraph.co.uk/,183,
34,,,Latimes.Com,https://www.latimes.com/,184,Do Not Sell or Share My Personal Information
35,,,Washingtonpost.Com,https://www.washingtonpost.com/,185,
36,,Crowdfunding Sites Websites,Kickstarter.Com,https://www.kickstarter.com/,186,Do Not Sell My Personal Information
37,,,Gofundme.Com,https://www.gofundme.com/,187,
38,,,Patreon.Com,https://www.patreon.com/,188,
39,,,Angel.Co,https://www.patreon.com/,189,
40,,,Lendingclub.Com,https://www.lendingclub.com/,190,
41,,,Justgiving.Com,https://justgiving.com/,191,
42,Pets & Animals,Birding Websites,Allaboutbirds.Org,https://www.allaboutbirds.org/news/,192,
43,,,Audubon.Org,https://www.audubon.org/,193,
44,,Pet Stores,Petsmart.Com,https://www.petsmart.com/,194,
45,,,Petco.Com,https://www.petco.com/shop/en/petcostore,195,
46,,,Chewy.Com,https://www.chewy.com/,196,
47,,,1800Petmeds.Com,https://www.1800petmeds.com/,197,
48,,,Hillspet.Com,https://www.hillspet.com/,198,Do Not Sell My Personal Information
49,,,Petcarerx.Com,https://www.petcarerx.com/,199,
0,,,Petsuppliesplus.Com,https://www.petsuppliesplus.com/,200,
1,,Pet Websites,Akc.Org,https://www.akc.org/,201,
2,,,Iheartdogs.Com,https://iheartdogs.com/,202,
3,,,Dogtime.Com,https://dogtime.com/,203,
4,,,Petsmart.Com,https://www.petsmart.com/,204,
5,,,Petfinder.Com,https://www.petfinder.com/,205,DO NOT SELL OR SHARE MY PERSONAL INFORMATION
6,,,Petco.Com,https://www.petco.com/shop/en/petcostore,206,
7,,,Petmd.Com,https://www.petmd.com/,207,
8,,,Adoptapet.Com,https://www.adoptapet.com/,208,
9,,,Cesarsway.Com,https://www.cesarsway.com/,209,
10,,,Vetstreet.Com,https://www.vetstreet.com/,210,
11,,,Dogbreedinfo.Com,http://dogbreedinfo.com/,211,
12,,,Peta.Org,https://www.peta.org/,212,
13,,,Puppyfind.Com,https://puppies.com/,213,
14,,,Backyardchickens.Com,https://www.backyardchickens.com/,214,Do not sell or share my personal information.
15,,,Dogster.Com,https://www.dogster.com/,215,DO NOT SELL MY INFORMATION
16,,,Yourpurebredpuppy.Com,https://www.yourpurebredpuppy.com/,216,
17,,,Thecatsite.Com,https://thecatsite.com/,217,Do not sell or share my personal information.
18,,,Thedodo.Com,https://www.thedodo.com/,218,Do Not Sell or Share My Personal Information
19,Publishing,Best Book Websites,Amazon.Com,https://www.amazon.com/,219,
20,,,Ebrary.Com,https://about.proquest.com/en/products-services/ebooks-main/,220,
21,,,Goodreads.Com,https://www.goodreads.com/,221,
22,,,Cambridge.Org,https://www.cambridge.org/,222,
23,,,Overstock.Com,https://www.overstock.com/,223,
24,,,Scribd.Com,https://www.scribd.com/,224,
25,,,Barnesandnoble.Com,https://www.barnesandnoble.com/,225,
26,,,Wattpad.Com,https://www.wattpad.com/,226,
27,,,Wiley.Com,https://www.wiley.com/en-us,227,
28,,,Ebook3000.Com,http://ebook3000.com/,228,
29,,,Hmhco.Com,https://www.hmhco.com/,229,
30,,,Springer.Com,https://www.springer.com/us,230,
31,,,Issuu.Com,https://issuu.com/,231,Do Not Sell My Info
32,,,Audible.Com,https://www.audible.com/,232,
33,,,Chegg.Com,https://www.chegg.com/,233,DO NOT SELL MY INFO
34,,,Mheducation.Com,https://www.mheducation.com/,234,
35,,,Scholastic.Com,https://www.scholastic.com/home,235,Do Not Sell My Info
36,,,Jstor.Org,https://www.jstor.org/,236,
37,,Book Review Websites,Goodreads.Com,https://www.goodreads.com/,237,
38,,,Publishersweekly.Com,https://www.publishersweekly.com/,238,Do Not Sell
39,,,Westeros.Org,https://westeros.org/,239,
40,,,Nybooks.Com,https://www.nybooks.com/,240,
41,,,Librarything.Com,https://www.librarything.com/,241,
42,,,Kirkusreviews.Com,https://www.kirkusreviews.com/,242,
43,,,Ebookfriendly.Com,https://ebookfriendly.com/,243,
44,,EBook Sites,Ebrary.Com,https://about.proquest.com/en/products-services/ebooks-main/,244,
45,,,Ebook3000.Com,http://ebook3000.com/,245,
46,,,Wikibooks.Org,https://www.wikibooks.org/,246,
47,,,Overdrive.Com,https://www.overdrive.com/,247,
48,,,Freemake.Com,https://www.freemake.com/,248,
49,,,Bookdepository.Com,https://www.bookdepository.com/,249,
0,,Sports Websites,Espn.Com,https://www.espn.com/,499,Do Not Sell or Share My Personal Information
1,,,Sports.Yahoo.Com,https://sports.yahoo.com/,500,
2,,,90Min.Com,https://www.90min.com/,501,
3,,,Si.Com,https://www.si.com/,502,
4,,,Mlb.Com,https://www.mlb.com/,503,
5,,,Foxsports.Com,https://www.foxsports.com/,504,
6,,,Cbssports.Com,https://www.cbssports.com/,505,DO NOT SELL MY PERSONAL INFORMATION
7,,,Skihood.Com,https://skihood.com/,506,
8,,,Sbnation.Com,https://www.sbnation.com/,507,Do Not Sell or Share My Personal Info
9,,Telecommunication,Cloudflare.Com,https://www.cloudflare.com/,508,
10,,,Akamai.Com,https://www.akamai.com/,509,
11,,,Level3.Com,https://www.lumen.com/en-us/home.html,510,
12,,,Liquidweb.Com,https://www.liquidweb.com/,511,
13,,,Limelight.Com,https://edg.io/,512,
14,,,Keycdn.Com,https://www.keycdn.com/,513,
15,,,Equinix.Com,https://www.equinix.com/,514,
16,,,Cdnetworks.Com,https://www.cdnetworks.com/,515,
17,,,Getambassador.Com,https://www.getambassador.com/,516,
18,,,Aws.Amazon.Com,https://aws.amazon.com/?aws-products-all.sort-by=item.additionalFields.productNameLowercase&aws-products-all.sort-order=asc&awsf.re%3AInvent=*all&awsf.Free%20Tier%20Type=*all&awsf.tech-category=*all,517,
19,,Free Email Service,Live.Com,https://outlook.live.com/owa/,518,
20,,,Icloud.Com,https://www.icloud.com/,519,
21,,,Zoho.Com,https://www.zoho.com/,520,
22,,,Inbox.Com,http://www.inbox.com/tech/,521,
23,,,Protonmail.Com,https://proton.me/mail,522,
24,,Search Engines,Google.Com,https://www.google.com/,523,
25,,,Yahoo.Com,https://www.yahoo.com/,524,
26,,,Bing.Com,https://www.bing.com/?toWww=1&redig=8625D14D06664A41A50493BB87348445,525,
27,,,Ask.Com,https://www.ask.com/,526,
28,,,Myway.Com,https://hp.myway.com/myway/index.html,527,
29,,website builders,Weebly.Com,https://www.weebly.com/,528,
30,,,Wix.Com,https://www.wix.com/,529,
31,,,Squarespace.Com,https://www.squarespace.com/,530,
32,,,Jimdo.Com,https://www.jimdo.com/,531,
33,,,Smugmug.Com,https://www.smugmug.com/,532,
34,,,Wikidot.Com,http://www.wikidot.com/,533,
35,,,Webs.Com,https://www.webs.com/,534,
36,,,Tripod.Com,https://www.tripod.lycos.com/,535,
37,,,Ucoz.Com,https://www.ucoz.com/#superFooter,536,
38,Travel,Airfare Websites,Southwest.Com,https://www.southwest.com/,537,Do Not Sell/Share My Personal Information
39,,,Aa.Com,https://www.aa.com/homePage.do,538,
40,,,United.Com,https://www.united.com/en/us,539,
41,,,Delta.Com,https://www.delta.com/,540,
42,,,Ryanair.Com,https://www.ryanair.com/us/en,541,
43,,,Jetblue.Com,https://www.jetblue.com/,542,Do not sell my info
44,,,Airasia.Com,https://www.airasia.com/en/gb,543,
45,,,Spirit.Com,https://www.spirit.com/,544,
46,,,Emirates.Com,https://www.emirates.com/us/english/,545,
47,,,Qatarairways.Com,https://www.qatarairways.com/en-us/homepage.html,546,
48,,,Britishairways.Com,https://www.britishairways.com/travel/home/public/en_us/,547,
49,,,Alaskaair.Com,https://www.alaskaair.com/,548,
0,,Biology,Ncbi.Nlm.Nih.Gov,https://www.ncbi.nlm.nih.gov/,399,
1,,,nature.Com,https://www.nature.com/,400,
2,,,Plos.Org,https://plos.org/,401,
3,,,Biomedcentral.Com,https://www.biomedcentral.com/,402,Manage cookies/Do not sell my data
4,,,Innerbody.Com,https://www.innerbody.com/,403,Do Not Sell My Info
5,,,Cell.Com,https://www.cell.com/,404,
6,,,Expasy.Org,https://www.expasy.org/,405,
7,,,Biology-Online.Org,https://www.biologyonline.com/,406,
8,,,Jbc.Org,https://www.jbc.org/,407,
9,,,Broadinstitute.Org,https://www.broadinstitute.org/,408,
10,,,Genome.Gov,https://www.genome.gov/,409,
11,,,Ornl.Gov,https://www.ornl.gov/,410,
12,,,Hhmi.Org,https://www.hhmi.org/,411,
13,,,Genecards.Org,https://www.genecards.org/,412,
14,,,Cshlp.Org,http://cshlp.org/,413,
15,,,Addgene.Org,https://www.addgene.org/,414,
16,,,Neb.Com,https://www.neb.com/,415,
17,,,Ghr.Nlm.Nih.Gov,https://medlineplus.gov/genetics/,416,
18,,Chemistry,Epa.Gov,https://www.epa.gov/,417,
19,,,Acs.Org,https://www.acs.org/content/acs/en.html,418,
20,,,Rsc.Org,https://www.rsc.org/,419,
21,,,Webqc.Org,https://www.webqc.org/,420,Do Not Sell My Personal Information
22,,,Chemguide.Co.Uk,https://www.webqc.org/,421,Do Not Sell My Personal Information
23,,,Cas.Org,https://www.cas.org/,422,
24,,Environmental,Noaa.Gov,https://www.noaa.gov/,423,
25,,,Nps.Gov,https://www.nps.gov/index.htm,424,
26,,,Livescience.Com,https://www.livescience.com/,425,Do not sell my info
27,,,Nature.Com,https://www.nature.com/,426,
28,,,Epa.Gov,https://www.epa.gov/,427,
29,,,Treehugger.Com,https://www.treehugger.com/,428,
30,,,Energy.Gov,https://www.energy.gov/,429,
31,,,Ewg.Org,https://www.ewg.org/,430,
32,,,Eia.Gov,https://www.eia.gov/,431,
33,,,Fws.Gov,https://fws.gov/,432,
34,,,Inhabitat.Com,https://inhabitat.com/page/3/,433,
35,,,Nature.Org,https://www.nature.org/en-us/,434,
36,,,Greenpeace.Org,https://www.greenpeace.org/global/,435,
37,,,Sierraclub.Org,https://www.sierraclub.org/,436,
38,,,Nwf.Org,http://nwf.org/,437,
39,,,Worldwildlife.Org,https://www.worldwildlife.org/,438,
40,,,Arkive.Org,https://icwb.com/one-life,439,
41,,,Motherearthnews.Com,https://www.motherearthnews.com/,440,
42,,,Grist.Org,https://grist.org/,441,
43,,Engineering,Nasa.Gov,https://www.nasa.gov/,442,
44,,,Ncbi.Nlm.Nih.Gov,https://www.ncbi.nlm.nih.gov/,443,
45,,,Howstuffworks.Com,https://www.howstuffworks.com/,444,
46,,,Autodesk.Com,https://www.autodesk.com/,445,Do not sell or share my personal information
47,,,Space.Com,https://www.space.com/,446,Do not sell my info
48,,,Popularmechanics.Com,https://www.popularmechanics.com/,447,
49,,,Osha.Gov,https://www.osha.gov/,448,
0,,,Allposters.Com,https://www.allposters.com/,100,
1,,,Fineartamerica.Com,https://fineartamerica.com/,101,
2,,,Artsy.Net,https://www.artsy.net/,102,
3,,,Art.Com,https://www.art.com/,103,
4,,,Saatchiart.Com,https://www.saatchiart.com/,104,Do Not Sell My Personal Information
5,,Furniture Websites,Ikea.Com,https://www.ikea.com/,105,
6,,,Wayfair.Com,https://www.wayfair.com/,106,
7,,,Potterybarn.Com,https://www.potterybarn.com/,107,Do Not Sell or Share My Personal Information
8,,,La-Z-Boy.Com,https://www.la-z-boy.com/,108,
9,,,Pier1.Com,https://www.pier1.com/,109,
10,,,Biglots.Com,https://www.biglots.com/,110,California Customers Only: Do Not Sell My Info
11,,,Worldmarket.Com,https://www.worldmarket.com/,111,Do Not Sell or Share My Personal Information
12,,,Ashleyfurniturehomestore.Com,https://www.ashleyfurniture.com/,112,
13,,,Sleepnumber.Com,https://www.sleepnumber.com/,113,
14,,,Anthropologie.Com,https://www.anthropologie.com/,114,Do Not Sell My Info
15,,Gardening Websites,Gardeningknowhow.Com,https://www.gardeningknowhow.com/,115,Do not sell or share my personal information.
16,,,Treehugger.Com,https://www.treehugger.com/,116,
17,,,Gardenweb.Com,https://www.gardenweb.com/,117,Do not sell or share my info
18,,,Gardeners.Com,https://www.gardeners.com/,118,
19,,Home Decorating Websites,Houzz.Com,https://www.houzz.com/,119,Do not sell or share my info
20,,,Hgtv.Com,https://www.hgtv.com/,120,
21,,,Apartmenttherapy.Com,https://www.apartmenttherapy.com/,121,DO NOT SELL MY PERSONAL INFORMATION
22,,,Urbanoutfitters.Com,https://www.urbanoutfitters.com/,122,Do Not Sell My Info
23,,,Marthastewart.Com,https://www.marthastewart.com/,123,California Do Not Sell
24,,,Countryliving.Com,https://www.countryliving.com/,124,
25,,,Bhg.Com,https://www.bhg.com/,125,
26,,,Curbed.Com,https://www.curbed.com/,126,DO NOT SELL OR SHARE MY PERSONAL INFORMATION
27,Leisure,Craft Websites,Michaels.Com,https://www.michaels.com/,127,
28,,,Etsy.Com,https://www.etsy.com/,128,Privacy / Do not sell my personal info
29,,,Instructables.Com,https://www.instructables.com/,129,
30,,,Hobbylobby.Com,https://www.hobbylobby.com/,130,Do Not Sell or Share My Personal Information
31,,,Joann.Com,https://www.joann.com/,131,
32,,,Craftsy.Com,https://www.craftsy.com/,132,Do Not Sell My Info
33,,,Makezine.Com,https://makezine.com/,133,
34,,,Livinglocurto.Com,https://www.livinglocurto.com/,134,
35,,Office Supply Websites,Officedepot.Com,https://www.officedepot.com/,135,Do Not Sell My Personal Information
36,,,Staples.Com,https://www.staples.com/,136,Do Not Sell or Share My Personal Information
37,,,Vistaprint.Com,https://www.vistaprint.com/,137,Do not sell my info
38,,,Uline.Com,https://www.uline.com/,138,
39,,,Avery.Com,https://www.avery.com/,139,
40,News Media,Conservative Websites,Foxnews.Com,https://www.foxnews.com/,140,
41,,,Thehill.Com,https://thehill.com/,141,DO NOT SELL OR SHARE MY PERSONAL INFORMATION
42,,,Dailywire.Com,https://www.dailywire.com/,142,Do Not Sell or Share My Personal Information
43,,,Conservativetribune.Com,https://www.westernjournal.com/commentary/?utm_source=redirect,143,
44,,,Theamericanconservative.Com,https://www.theamericanconservative.com/,144,
45,,,Breitbart.Com,https://www.breitbart.com/,145,
46,,,Wsj.Com,https://www.wsj.com/,146,Do Not Sell or Share My Personal Information
47,,,Rare.Us,https://rare.us/page/7/,147,
48,,,Dailycaller.Com,https://dailycaller.com/,148,CA: Do Not Sell My Info
49,,,Nypost.Com,https://nypost.com/,149,
0,,,Ebates.Com,https://www.rakuten.com/,299,Do Not Sell or Share My Personal Information / Personal Data Opt-out
1,,,Zulily.Com,https://www.zulily.com/,300,Do Not Sell or Share My Personal Information
2,,,Thekrazycouponlady.Com,https://thekrazycouponlady.com/,301,Do not sell my personal information.
3,,,Getitfree.Us,https://getitfree.us/,302,CA Consumers: DO NOT SELL OR SHARE MY PERSONAL INFORMATION
4,,,Offers.Com,https://www.offers.com/,303,Do Not Sell My Personal Information
5,,,Dealnews.Com,https://www.dealnews.com/,304,
6,,,Woot.Com,https://www.woot.com/,305,
7,,,Grabon.In,https://www.grabon.in/,306,
8,,,Goodrx.Com,https://www.goodrx.com/,307,
9,,,Hotukdeals.Com,https://www.hotukdeals.com/,308,
10,,,Shopathome.Com,https://www.tada.com/,309,
11,,,Livingsocial.Com,https://www.livingsocial.com/,310,Do Not Sell or Share My Personal Information
12,,Best Comparison Shoping,Slickdeals.Net,https://slickdeals.net/,311,Do Not Sell My Personal Information
13,,,Bizrate.Com,https://www.bizrate.com/,312,Ad Opt out/ Do Not Sell My Personal Information
14,,,Woot.Com,https://www.woot.com/,313,
15,,,Mysmartprice.Com,https://www.mysmartprice.com/,314,
16,,,Shopathome.Com,https://www.tada.com/,315,
17,,,Fatwallet.Com,https://www.rakuten.com/,316,Do Not Sell or Share My Personal Information / Personal Data Opt-out
18,,,Smartprix.Com,https://www.smartprix.com/,317,
19,,,Shoplocal.Com,https://shoplocal.com/?postalcode=60670,318,
20,,,Mysimon.Com,https://www.mysimon.com/,319,Do Not Sell My Personal Information
21,,,Bookfinder.Com,https://www.bookfinder.com/,320,
22,,,Shop.Com,https://www.shop.com/,321,Do Not Sell My Information
23,,,Nextag.Com,https://www.nextag.com/,322,
24,,,Shopping.Com,https://www.shopping.com/#top-deals-homepage,323,
25,,,Comparethemarket.Com,https://www.comparethemarket.com/,324,
26,,,Findsimilar.Com,https://findsimilar.com/,325,Do Not Sell My Personal Information
27,,,Kelkoo.Co.Uk,https://www.kelkoo.co.uk/,326,
28,,,Octopart.Com,https://octopart.com/,327,
29,,Liquidation,Aliexpress.Com,https://www.aliexpress.us/?gatewayAdapt=glo2usa&_randl_shipto=US,328,
30,,,Alibaba.Com,https://www.alibaba.com/,329,
31,,,Made-In-China.Com,https://www.made-in-china.com/,330,
32,,,Dx.Com,https://www.dx.com/,331,
33,,,Tomtop.Com,https://www.tomtop.com/,332,
34,,,Dealspotr.Com,https://dealspotr.com/,333,
35,,,Dollardays.Com,https://www.dollardays.com/,334,Do Not Sell My Information
36,,,Liquidation.Com,https://www.liquidation.com/index,335,
37,,,Salehoo.Com,https://www.salehoo.com/,336,
38,,,Wholesalecentral.Com,https://www.wholesalecentral.com/index.htm,337,
39,,,Doba.Com,https://www.doba.com/,338,
40,,,Tvc-Mall.Com,https://www.tvc-mall.com/,339,
41,,,Esources.Co.Uk,https://www.esources.co.uk/,340,
42,,,Sunsky-Online.Com,https://www.sunsky-online.com/,341,
43,,,Worldwidebrands.Com,https://worldwidebrands.com/,342,
44,,Online Shopping Sites,Amazon.Com,https://www.amazon.com/,343,
45,,,Ebay.Com,https://www.ebay.com/,344,
46,,,Apple.Com,https://www.apple.com/,345,
47,,,Walmart.Com,https://www.walmart.com/,346,
48,,,Netflix.Com,https://www.netflix.com/,347,Do Not Sell or Share My Personal Information
49,,,Craigslist.Org,https://chicago.craigslist.org/,348,
0,,,Turkishairlines.Com,https://www.turkishairlines.com/,549,
1,,,Lufthansa.Com,https://www.lufthansa.com/us/en/homepage,550,CCPA / Do Not Sell My Info
2,,Airfare,Tripadvisor.Com,https://www.tripadvisor.com/,551,
3,,,Kayak.Com,https://www.kayak.com/,552,
4,,,Priceline.Com,https://www.priceline.com/?vrid=5b0366966e01f115e8aa3a82cd601546,553,Do Not Sell My Personal Information
5,,,Lonelyplanet.Com,https://www.lonelyplanet.com/,554,Do Not Sell or Share My Personal Information
6,,,Skyscanner.Net,https://www.skyscanner.com/?previousCultureSource=GEO_LOCATION&redirectedFrom=www.skyscanner.net,555,Do Not Sell My Personal Information
7,,,Hotwire.Com,https://www.hotwire.com/,556,Do Not Sell My Personal Information
8,,,Cheapoair.Com,https://www.cheapoair.com/,557,Do Not Sell My Personal Information
9,,,Bookingbuddy.Com,https://www.bookingbuddy.com/en/,558,
10,,,Travelzoo.Com,https://www.travelzoo.com/,559,DO NOT SELL OR SHARE MY PERSONAL INFORMATION
11,,,Goibibo.Com,https://www.goibibo.com/,560,
12,,,Cleartrip.Com,https://www.cleartrip.com/,561,
13,,,Yatra.Com,https://www.yatra.com/,562,
14,,,Wizzair.Com,https://wizzair.com/,563,
15,,,Airfarewatchdog.Com,https://www.airfarewatchdog.com/,564,
16,,,Seatguru.Com,https://seatguru.com/,565,
17,,,Onetravel.Com,https://www.onetravel.com/,566,Do Not Sell My Personal Information
18,,Hotel Booking,Booking.Com,https://www.booking.com/,567,
19,,,Hotelurbano.Com,https://us.hurb.com/,568,
20,,,Airbnb.Com,https://www.airbnb.com/,569,
21,,,Marriott.Com,https://www.marriott.com/default.mi,570,
22,,,Hilton.Com,https://www.hilton.com/en/,571,Do Not Sell My Personal Information
23,,,Ihg.Com,https://www.ihg.com/hotels/us/en/reservation,572,Do Not Sell or Share My Personal Information
24,,,Vrbo.Com,https://www.vrbo.com/,573,
25,,,Agoda.Com,https://www.agoda.com/,574,Do Not Sell or Share My Personal Information
26,,,Starwoodhotels.Com,https://www.marriott.com/default.mi?redirectFrom=www.starwoodhotels.com,575,
27,,,Choicehotels.Com,https://www.choicehotels.com/,576,Do Not Sell My Personal Information
28,,,Hyatt.Com,https://www.hyatt.com/,577,
29,,,Trivago.Com,https://www.trivago.com/,578,
30,,Travel News,Thrillist.Com,https://www.thrillist.com/,579,Do Not Sell or Share My Personal Information
31,,,Timeout.Com,https://www.timeout.com/,580,Do not sell my information
32,,,Fodors.Com,https://www.fodors.com/,581,
33,,,Travelandleisure.Com,https://www.travelandleisure.com/,582,
34,,,Travelchannel.Com,https://www.travelchannel.com/,583,
35,,,Oyster.Com,https://www.oyster.com/,584,
36,,,Saveur.Com,https://www.saveur.com/,585,
37,,,Cntraveler.Com,https://www.cntraveler.com/,586,
38,,,Boardingarea.Com,https://boardingarea.com/,587,
39,,,Londonist.Com,https://londonist.com/,588,
40,,,Flyertalk.Com,https://www.flyertalk.com/,589,
41,,,Sunset.Com,https://www.sunset.com/,590,
42,,,Coastalliving.Com,https://www.southernliving.com/travel/coastal-living,591,
43,,,Frommers.Com,https://www.frommers.com/,592,
0,Electronics,Appliances Sites,Bestbuy.Com,https://www.bestbuy.com/,593,CA Do Not Sell/Share My Personal Information
1,,,Lg.Com,https://www.lg.com/us,594,Do Not Sell or Share My Personal Information
2,,,Philips.Com,https://www.usa.philips.com/,595,
3,,,Panasonic.Com,https://na.panasonic.com/us/,596,Do Not Sell My Data
4,,,Samsung.Com,https://www.samsung.com/us/,597,Do Not Sell or Share My Personal information
5,,,Keurig.Com,https://www.keurig.com/,598,Do Not Sell or Share My Personal Information
6,,,Geappliances.Com,https://www.geappliances.com/,599,Do Not Sell Or Share My Personal Information
7,,,Hhgregg.Com,https://www.hhgregg.com/,600,
8,,,Dyson.Com,https://www.dyson.com/en,601,
9,,,Whirlpool.Com,https://www.whirlpool.com/,602,Do Not Sell Or Share My Personal Information
10,,,Abt.Com,https://www.abt.com/,603,Do Not Sell My Personal Information
11,,,Bosch-Home.Com,https://www.bosch-home.com/,604,
12,,,Ajmadison.Com,https://www.ajmadison.com/,605,
13,,,Irobot.Com,https://www.irobot.com/,606,
14,,,Delonghi.Com,https://www.delonghi.com/en-us,607,
15,,,Bissell.Com,https://www.bissell.com/,608,
16,,,Sharpusa.Com,https://www.sharpusa.com/,609,
17,,,Tomshardware.Com,https://www.tomshardware.com/,610,Do not sell my info
18,,,Newegg.Com,https://www.newegg.com/,611,
19,,,Bhphotovideo.Com,https://www.bhphotovideo.com/,612,
20,,,Cdw.Com,https://www.cdw.com/,613,Do Not Sell or Share My Personal Information - Currently Sharing
21,,,Pcconnection.Com,https://www.connection.com/,614,
22,,,Intel.Com,https://www.intel.com/content/www/us/en/homepage.html,615,
23,,,Nvidia.Com,https://www.nvidia.com/en-us/,616,
24,,,Computerhope.Com,https://www.computerhope.com/,617,
25,,,Logitech.Com,https://www.logitech.com/,618,
26,,,Amd.Com,https://www.amd.com/en,619,
27,,,Tigerdirect.Com,https://www.tigerdirect.com/,620,
28,,,Pcpartpicker.Com,https://pcpartpicker.com/,621,
29,,,Microcenter.Com,https://www.microcenter.com/,622,Do Not Sell My Information
30,,,Adorama.Com,https://www.adorama.com/,623,
31,,,Seagate.Com,https://www.seagate.com/,624,
32,,,Acer.Com,https://www.acer.com/us-en/,625,
33,,,Epson.Com,https://epson.com/usa,626,
34,,,1Ink.Com,https://www.1ink.com/,627,
35,,Top Computer Security Software,Avg.Com,https://www.avg.com/en-us/homepage#mac,628,Do not sell my info
36,,,Norton.Com,https://us.norton.com/,629,Do Not Sell or Share My Personal Data
37,,,Mcafee.Com,https://www.mcafee.com/,630,
38,,,Avast.Com,https://www.avast.com/en-us/index#mac,631,Do not sell my info
39,,,Truste.Com,https://trustarc.com/,632,Do Not Sell My Personal Information request
40,,,Kaspersky.Com,https://usa.kaspersky.com/,633,
41,,,Iobit.Com,https://www.macbooster.net/,634,
42,,,Eset.Com,https://www.eset.com/us/,635,Do not sell or share my personal information
43,,,Avira.Com,https://www.avira.com/,636,Do Not Sell or Share My Personal Data
44,,,Symantec.Com,https://www.broadcom.com/products/cybersecurity,637,
45,,,Opendns.Com,https://www.opendns.com/,638,
46,,,Malwarebytes.Org,https://www.malwarebytes.com/,639,
47,,,Virustotal.Com,https://www.virustotal.com/gui/home/upload,640,
48,,,Bitdefender.Com,https://www.bitdefender.com/,641,
49,,,Comodo.Com,https://www.comodo.com/,642,
0,,,Betradar.Com,https://betradar.com/,50,Do Not Sell My Personal Information – CA Residents Only
1,Heath & Fitness,Diet Websites,Livestrong.Com,https://www.livestrong.com/,51,
2,,,Myfitnesspal.Com,https://www.myfitnesspal.com/,52,Do Not Sell My Personal Information
3,,,Authoritynutrition.Com,https://www.healthline.com/,53,Do Not Sell My Info
4,,,Weightwatchers.Com,https://www.weightwatchers.com/us/welcome,54,Do Not Sell My Personal Info
5,,,Healthypage.Com,https://healthypage.com/,55,
6,,,Nutrisystem.Com,https://www.nutrisystem.com/,56,
7,,,Sparkpeople.Com,https://www.sparkpeople.com/index.asp,57,
8,,,Calorieking.Com,https://www.calorieking.com/us/en/,58,
9,,,Fooducate.Com,https://www.calorieking.com/us/en/,59,
10,,,Choosemyplate.Gov,https://www.myplate.gov/,60,
11,,Healthcare Websites,Healthcare.Gov,https://www.healthcare.gov/,61,
12,,,Healthgrades.Com,https://www.healthgrades.com/,62,Do Not Sell My Personal Information
13,,,Kaiserpermanente.Org,https://healthy.kaiserpermanente.org/front-door,63,
14,,,Questdiagnostics.Com,https://www.questdiagnostics.com/,64,
15,,,Zocdoc.Com,https://www.zocdoc.com/,65,
16,,Medical Websites,Webmd.Com,https://www.webmd.com/,66,Do Not Sell My Personal Information
17,,,Nih.Gov,https://www.nih.gov/,67,
18,,,Mayoclinic.Org,https://www.mayoclinic.org/,68,
19,,,Medicinenet.Com,https://www.medicinenet.com/,69,Do Not Sell My Personal Information
20,,,Cdc.Gov,https://www.cdc.gov/,70,
21,,,Medscape.Com,https://www.medscape.com/,71,Do Not Sell My Personal Information
22,,,Patient.Info,https://patient.info/,72,
23,,,Curejoy.Com,https://curejoy.com/,73,
24,,,Everydayhealth.Com,https://www.everydayhealth.com/,74,Do Not Sell My Personal Information
25,,Online Pharmacies Websites,Drugs.Com,https://www.drugs.com/,75,"Ad Choices
Do not sell my personal information"
26,,,Walgreens.Com,https://www.walgreens.com/,76,Do Not Sell or Share My Personal Information
27,,,Cvs.Com,https://www.cvs.com/,77,
28,,,Rxlist.Com,https://www.rxlist.com/,78,Do Not Sell My Personal Information
29,,,Goodrx.Com,https://www.goodrx.com/,79,
30,,,Riteaid.Com,https://www.riteaid.com/,80,Do Not Sell or Share My Personal Information
31,,,Express-Scripts.Com,https://www.express-scripts.com/,81,
32,,,Clinicaltrials.Gov,https://clinicaltrials.gov/,82,
33,,,Optumrx.Com,https://www.optumrx.com/public/landing,83,
34,,,Mims.Com,https://www.mims.com/,84,
35,,women’s health Websites,Womenshealthmag.Com,https://www.womenshealthmag.com/,85,
36,,,Mindbodygreen.Com,https://www.mindbodygreen.com/,86,
37,,,Lifescript.Com,https://www.everydayhealth.com/,87,Do Not Sell My Personal Information
38,,,Shape.Com,https://www.shape.com/,88,
39,,,Mom365.Com,https://www.mom365.com/,89,
40,,,Scarymommy.Com,https://www.scarymommy.com/,90,
41,,,Womenshealth.Gov,https://www.womenshealth.gov/,91,
42,,,Empowher.Com,https://empowher.com/,92,
43,,,Skinnyms.Com,https://skinnyms.com/,93,Do not sell or share my personal information.
44,,,Youngwomenshealth.Org,https://youngwomenshealth.org/,94,
45,Home & Garden,Buy Art Online Websites,Etsy.Com,https://www.etsy.com/,95,Privacy / Do not sell my personal info
46,,,Deviantart.Com,https://www.deviantart.com/,96,
47,,,Redbubble.Com,https://www.redbubble.com/,97,Do not sell my personal information
48,,,1Stdibs.Com,https://www.1stdibs.com/,98,Do Not Sell My Info
49,,,Society6.Com,https://society6.com/,99,Do Not Sell My Personal Information
0,,,Lynda.Com,https://www.linkedin.com/learning/?trk=lynda_redirect_learning,943,
1,,,Codecademy.Com,https://www.codecademy.com/,944,Do Not Sell My Personal Information
2,,,Code.Org,https://code.org/,945,
3,,,Udacity.Com,https://www.udacity.com/,946,
4,,,Wonderhowto.Com,https://www.wonderhowto.com/,947,
5,,,Doityourself.Com,https://www.doityourself.com/,948,
6,,,Brainpop.Com,https://www.brainpop.com/,949,
7,,,Memrise.Com,https://www.memrise.com/,950,
8,,,Bigthink.Com,https://bigthink.com/,951,
9,,,Pluralsight.Com,https://www.pluralsight.com/,952,Do Not Sell or Share My Personal Data
10,,,Alison.Com,https://alison.com/,953,
11,,,Tympanus.Net,https://tympanus.net/codrops/,954,
12,,,K12.Com,https://www.k12.com/,955,
13,Entertainment,Entertainment Websites,Youtube.Com,https://www.youtube.com/,956,
14,,,Imdb.Com,https://www.imdb.com/,957,
15,,,Cnn.Com,https://www.cnn.com/,958,
16,,,Netflix.Com,https://www.netflix.com/,959,Do Not Sell or Share My Personal Information
17,,,Weather.Com,https://weather.com/,960,Do Not Sell or Share My Personal Information
18,,,Twitch.Tv,https://www.twitch.tv/,961,
19,,,Bbc.Com,https://www.bbc.com/,962,AdChoices / Do Not Sell My Info
20,,,Soundcloud.Com,https://soundcloud.com/,963,Do Not Sell or Share My Personal Information
21,,,Etsy.Com,https://www.etsy.com/,964,Privacy / Do not sell my personal info
22,,,Azlyrics.Com,https://www.azlyrics.com/,965,
23,,,Foxnews.Com,https://www.foxnews.com/,966,
24,,,Vimeo.Com,https://vimeo.com/,967,Do Not Sell My Personal Information
25,,,Deviantart.Com,https://www.deviantart.com/,968,
26,,,Spotify.Com,https://open.spotify.com/,969,
27,,,Dailymotion.Com,https://www.dailymotion.com/us,970,
28,,,Foodnetwork.Com,https://www.foodnetwork.com/,971,
29,,,Foxsports.Com,https://www.foxsports.com/,972,
30,,,Genius.Com,https://genius.com/,973,
31,,,Pandora.Com,https://www.pandora.com/,974,
32,,,Gfycat.Com,https://gfycat.com/,975,
33,,,Npr.Org,https://www.npr.org/,976,
34,,,Billboard.Com,https://www.billboard.com/,977,
35,,,Allmusic.Com,https://www.allmusic.com/,978,
36,,,Discogs.Com,https://www.discogs.com/,979,
37,,,Bandcamp.Com,https://bandcamp.com/,980,
38,,,Pitchfork.Com,https://pitchfork.com/,981,
39,,,Last.Fm,https://www.last.fm/,982,Do Not Sell My Personal Information
40,,,Deezer.Com,https://www.deezer.com/us/,983,
41,,,Tunein.Com,https://tunein.com/,984,Do Not Sell or Share My Personal Info
42,,,Lyricsfreak.Com,https://www.lyricsfreak.com/,985,
43,,Ticket Brokers,Fandango.Com,https://www.fandango.com/,986,
44,,,Ticketmaster.Com,https://www.ticketmaster.com/,987,
45,,,Eventbrite.Com,https://www.eventbrite.com/,988,
46,,,Amctheatres.Com,https://www.amctheatres.com/,989,
47,,,Stubhub.Com,https://www.stubhub.com/,990,
48,,,Cinemark.Com,https://www.cinemark.com/,991,Do Not Sell My Personal Information
49,,,Songkick.Com,https://www.songkick.com/,992,
0,,,Livenation.Com,https://www.livenation.com/,993,
1,,,Vividseats.Com,https://www.vividseats.com/,994,Do Not Sell or Share My Information
2,,,Skiddle.Com,https://www.skiddle.com/,995,
3,,,Residentadvisor.Net,https://ra.co/,996,
4,,,Seatgeek.Com,https://seatgeek.com/,997,
5,,,Broadway.Com,https://www.broadway.com/,998,
6,,,Cirquedusoleil.Com,https://www.cirquedusoleil.com/,999,
7,,,Goldstar.Com,https://www.goldstar.com/,1000,
8,,,Ticketcity.Com,https://www.ticketcity.com/,1001,
9,,,Theatermania.Com,https://www.theatermania.com/,1002,
10,,,Etix.Com,https://www.etix.com/ticket/online/?,1003,
11,,,Digitick.Com,https://www.seetickets.com/fr/,1004,
12,,Stock Photo Websites,Shutterstock.Com,https://www.shutterstock.com/,1005,
13,,,Pixabay.Com,https://pixabay.com/,1006,
14,,,Gettyimages.Com,https://www.gettyimages.com/,1007,
15,,,123Rf.Com,https://www.123rf.com/,1008,
16,,,Istockphoto.Com,https://www.istockphoto.com/,1009,
17,,,Dreamstime.Com,https://www.dreamstime.com/,1010,
18,,,All-Free-Download.Com,https://all-free-download.com/,1011,
19,,,Depositphotos.Com,https://depositphotos.com/,1012,
20,,,500Px.Com,https://500px.com/,1013,
21,,,Creativemarket.Com,https://creativemarket.com/,1014,
22,Finance,Business News Websites,Forbes.Com,https://www.forbes.com/?sh=112eecaf2254,1015,Do Not Sell or Share My Personal Information
23,,,Businessinsider.Com,https://www.businessinsider.com/,1016,
24,,,Wsj.Com,https://www.wsj.com/,1017,Do Not Sell or Share My Personal Information
25,,,Bloomberg.Com,https://www.bloomberg.com/,1018,
26,,,Reuters.Com,https://www.reuters.com/,1019,
27,,,Finance.Yahoo.Com,https://finance.yahoo.com/?guccounter=1,1020,
28,,,Money.Cnn.Com,https://www.cnn.com/business,1021,
29,,,Cnbc.Com,https://www.cnbc.com/,1022,Do Not Sell My Personal Information
30,,,Entrepreneur.Com,https://www.entrepreneur.com/,1023,
31,,,Ibtimes.Com,https://www.ibtimes.com/,1024,
32,,,Bizjournals.Com,https://www.bizjournals.com/,1025,
33,,,Seekingalpha.Com,https://seekingalpha.com/,1026,Do Not Sell My Personal Information
34,,,Fortune.Com,https://fortune.com/,1027,Do Not Sell/Share My Personal Information
35,,,Inc.Com,https://www.inc.com/,1028,DO NOT SELL MY DATA
36,,,Economist.Com,https://www.economist.com/,1029,
37,,,Ft.Com,https://www.ft.com/,1030,
38,,,Fastcompany.Com,https://www.fastcompany.com/,1031,
39,,,Foxbusiness.Com,https://www.foxbusiness.com/,1032,
40,,,Thestreet.Com,http://hestreet.com/,1033,
41,,,Business-Standard.Com,https://www.business-standard.com/,1034,
42,,Bank Websites,Chase.Com,https://www.chase.com/,1035,
43,,,Wellsfargo.Com,https://www.wellsfargo.com/,1036,
44,,,Bankofamerica.Com,https://www.bankofamerica.com/,1037,
45,,,Americanexpress.Com,https://www.americanexpress.com/,1038,
46,,,Capitalone.Com,https://www.capitalone.com/,1039,
47,,,Hdfcbank.Com,https://www.hdfcbank.com/,1040,
48,,,Citi.Com,https://www.citi.com/,1041,Do Not Sell or Share My Personal Information
49,,,Icicibank.Com,https://www.icicibank.com/,1042,
0,,,Enotes.Com,https://www.enotes.com/,893,
1,,,Education.Com,https://www.education.com/,894,
2,,,Mheducation.Com,https://www.mheducation.com/,895,
3,,,Lynda.Com,https://www.linkedin.com/learning/?trk=lynda_redirect_learning,896,
4,,Best Freelance Websites,Fiverr.Com,https://www.fiverr.com/,897,
5,,,Behance.Net,https://www.behance.net/,898,Do not sell or share my personal information
6,,,Upwork.Com,https://www.behance.net/,899,Do not sell or share my personal information
7,,,Dribbble.Com,https://dribbble.com/,900,
8,,,Freelancer.Com,https://www.freelancer.com/,901,
9,,,Justanswer.Com,https://www.justanswer.com/,902,
10,,,Peopleperhour.Com,https://www.peopleperhour.com/,903,
11,,,Dice.Com,https://www.dice.com/,904,Do Not Sell My Personal Information
12,,,Mturk.Com,https://www.mturk.com/,905,
13,,,Toptal.Com,https://www.toptal.com/,906,
14,,,Guru.Com,https://www.guru.com/,907,
15,,,Flexjobs.Com,https://www.flexjobs.com/,908,
16,,,Designcrowd.Com,https://www.designcrowd.com/,909,
17,,,Seoclerks.Com,https://www.seoclerks.com/,910,
18,,,Topcoder.Com,https://www.topcoder.com/,911,
19,,,Microworkers.Com,https://www.microworkers.com/,912,
20,,,Coroflot.Com,https://www.coroflot.com/,913,
21,,,Airpair.Com,https://www.airpair.com/,914,
22,,,Weworkremotely.Com,https://weworkremotely.com/,915,
23,,,Textbroker.Com,https://www.textbroker.com/best-content-writing-service,916,
24,,Job Search Websites,Linkedin.Com,https://www.linkedin.com/feed/,917,
25,,,Indeed.Com,https://www.indeed.com/,918,
26,,,Glassdoor.Com,https://www.glassdoor.com/index.htm,919,Do Not Sell Or Share My Information
27,,,Behance.Net,https://www.behance.net/,920,Do not sell or share my personal information
28,,,Monster.Com,https://www.monster.com/,921,
29,,,Upwork.Com,https://www.upwork.com/,922,Do not sell or share my personal info
30,,,Freejobalert.Com,https://www.freejobalert.com/,923,
31,,,Snagajob.Com,https://www.snagajob.com/,924,Do Not Sell or Share My Personal Information
32,,,Careerbuilder.Com,https://www.careerbuilder.com/,925,Do Not Sell My Personal Information
33,,,Salary.Com,https://www.salary.com/,926,Do Not Sell or Share My Information
34,,,Payscale.Com,https://www.payscale.com/,927,
35,,,Angel.Co,https://angel.co/,928,
36,,,Freelancer.Com,https://www.freelancer.com/,929,
37,,,Jobrapido.Com,https://us.jobrapido.com/,930,
38,,,Usajobs.Gov,https://www.usajobs.gov/,931,
39,,,Ziprecruiter.Com,https://www.ziprecruiter.com/,932,
40,,,Governmentjobs.Com,https://www.governmentjobs.com/,933,Do not sell my personal information
41,,,Livecareer.Com,https://www.livecareer.com/,934,Do Not Sell or Share My Info
42,,,Geeksforgeeks.Org,https://www.geeksforgeeks.org/,935,
43,,Online Learning Sites,Stackexchange.Com,https://stackexchange.com/,936,
44,,,Instructables.Com,https://www.instructables.com/,937,
45,,,Khanacademy.Org,https://www.khanacademy.org/,938,
46,,,Udemy.Com,https://www.udemy.com/,939,
47,,,Howstuffworks.Com,https://www.howstuffworks.com/,940,
48,,,Coursera.Org,https://www.coursera.org/,941,
49,,,Edx.Org,https://www.edx.org/,942,Do Not Sell My Personal Information
0,,,Foodnetwork.Com,https://www.foodnetwork.com/,0,
1,,,Thekitchn.Com,https://www.thekitchn.com/,1,
2,,,Food.Com,https://www.food.com/,2,
3,,,Sallysbakingaddiction.Com,https://sallysbakingaddiction.com/,3,Do not sell or share my personal information.
4,,,Plated.Com,https://www.safeway.com/,4,
5,,,Seriouseats.Com,https://www.seriouseats.com/,5,Do Not Sell My Personal Information
6,,,Epicurious.Com,https://www.epicurious.com/,6,
7,,,Eater.Com,https://www.eater.com/,7,Do Not Sell or Share My Personal Info
8,,,Thrillist.Com,https://www.thrillist.com/,8,Do Not Sell or Share My Personal Information
9,,,Myrecipes.Com,https://www.myrecipes.com/,9,California Do Not Sell
10,,,Cookpad.Com,https://cookpad.com/us?via=jp,10,
11,,,Tasteofhome.Com,https://www.tasteofhome.com/,11,
12,,,Delish.Com,https://www.delish.com/,12,
13,,,Marthastewart.Com,https://www.marthastewart.com/,13,California Do Not Sell
14,,,Mindbodygreen.Com,https://www.mindbodygreen.com/,14,
15,,,Thepioneerwoman.Com,https://www.thepioneerwoman.com/,15,
16,,,Bonappetit.Com,https://www.bonappetit.com/,16,
17,,Food Delivery Websites,Grubhub.Com,https://www.grubhub.com/,17,Do Not Sell My Information
18,,,Eat24Hours.Com,https://www.grubhub.com/?utm_source=eat24hours.com&utm_medium=grubhub-owned-delivery-properties&utm_campaign=growth_redirect-eat24-legacy_201811&utm_content=nopromo_,18,Do Not Sell My Information
19,,,Seamless.Com,https://www.seamless.com/,19,Do Not Sell My Information
20,,,Delivery.Com,https://www.delivery.com/,20,
21,,,Postmates.Com,https://postmates.com/,21,Do not sell or share my personal information
22,,,Doordash.Com,https://www.doordash.com/,22,Do Not Sell or Share My Personal Information
23,,,Orderup.Com,https://www.orderup.com.au/,23,
24,,,Trycaviar.Com,https://www.trycaviar.com/,24,Do Not Sell or Share My Personal Information
25,,,Beyondmenu.Com,https://www.beyondmenu.com/,25,
26,,Online Grocery Shopping Stores,Plated.Com,https://www.safeway.com/,26,
27,,,Asda.Com,https://www.asda.com/,27,
28,,,Delivery.Com,https://www.delivery.com/,28,
29,,,Heb.Com,https://www.heb.com/,29,
30,,,Blueapron.Com,http://lueapron.com/,30,
31,,,Berries.Com,https://www.berries.com/,31,Do Not Sell My Personal Information
32,,,Harryanddavid.Com,https://www.harryanddavid.com/,32,
33,,,Ocado.Com,https://www.ocado.com/webshop/startWebshop.do,33,
34,,,Albertsons.Com,https://www.albertsons.com/,34,
35,,Restaurants Websites,Dominos.Com,https://www.dominos.com/,35,
36,,,Starbucks.Com,https://www.starbucks.com/,36,
37,,,Papajohns.Com,https://www.papajohns.com/,37,
38,,,Pizzahut.Com,https://www.pizzahut.com/,38,
39,,,Mcdonalds.Com,https://www.mcdonalds.com/us/en-us.html,39,Do Not Sell or Share My Personal Information
40,,,Subway.Com,https://order.subway.com/en-US,40,
41,,,Olivegarden.Com,https://www.olivegarden.com/home,41,
42,,,Panerabread.Com,https://www.panerabread.com/en-us/home.html,42,
43,,,Jimmyjohns.Com,https://www.jimmyjohns.com/,43,Do Not Sell My Info
44,,,Tacobell.Com,https://www.tacobell.com/,44,
45,Gambling,Gambling Websites,Bet365.Com,https://www.nj.bet365.com/?_h=fKLugCH5idsD_yZ-Lq4vdA%3D%3D#/HO/,45,
46,,,Flashscore.Com,https://www.flashscore.com/,46,
47,,,Bet9Ja.Com,https://www.bet9ja.com/,47,
48,,,Bet-At-Home.Com,https://www.bet-at-home.com/,48,
49,,,Williamhill.Com,https://www.williamhill.com/us/il/bet/,49,
0,,,Tenlinks.Com,http://tenlinks.com/,449,
1,,,Technologyreview.Com,https://www.technologyreview.com/,450,
2,,,Alldatasheet.Com,https://www.alldatasheet.com/,451,
3,,,Iso.Org,https://www.iso.org/home.html,452,
4,,,Globalspec.Com,https://www.globalspec.com/,453,
5,,,Brightspace.Com,https://www.d2l.com/,454,Do Not Sell My PI
6,,,Esa.Int,https://www.esa.int/,455,
7,,,Allaboutcircuits.Com,https://www.allaboutcircuits.com/,456,
8,,,Solidworks.Com,https://www.solidworks.com/,457,
9,,,Energystar.Gov,https://www.energystar.gov/,458,
10,,,Engineering.Com,https://www.engineering.com/home,459,
11,,Math,Mathsisfun.Com,https://mathsisfun.com/,460,
12,,,Rapidtables.Com,https://www.rapidtables.com/,461,
13,,,Inverse.Com,https://www.inverse.com/,462,
14,,,Asknumbers.Com,https://www.asknumbers.com/,463,
15,,,Mathforum.Org,https://www.nctm.org/classroomresources/,464,
16,,,Learner.Org,https://www.learner.org/,465,
17,,,Mathworks.Com,https://www.mathworks.com/,466,
18,,,Convertunits.Com,https://www.convertunits.com/,467,
19,,,Ixl.Com,https://www.ixl.com/,468,
20,,,0Calc.Com,https://web2.0calc.com/,469,
21,,,Abcya.Com,https://www.abcya.com/,470,
22,,,Wolfram.Com,https://www.wolfram.com/,471,
23,,,Metric-Conversions.Org,https://www.metric-conversions.org/,472,
24,,,Xkcd.Com,https://xkcd.com/,473,
25,,,Purplemath.Com,https://www.purplemath.com/,474,
26,,,Gcflearnfree.Org,https://edu.gcfglobal.org/en/,475,
27,,,Symbolab.Com,https://www.symbolab.com/,476,
28,,,Calculatorsoup.Com,https://www.calculatorsoup.com/,477,
29,Sports,Basketbal,Nba.Com,https://www.nba.com/,478,
30,,,Basketball-Reference.Com,https://www.basketball-reference.com/,479,
31,,,Realgm.Com,https://basketball.realgm.com/,480,
32,,,Clutchpoints.Com,https://clutchpoints.com/,481,Do not sell or share my personal information.
33,,,Cavsnation.Com,https://cavsnation.com/,482,Do not sell or share my personal information.
34,,,Hoopshype.Com,https://hoopshype.com/,483,
35,,,Basketball.Realgm.Com,https://basketball.realgm.com/,484,
36,,Football,Nfl.Com,https://www.nfl.com/,485,
37,,,Pro-Football-Reference.Com,https://www.pro-football-reference.com/,486,
38,,,Profootballtalk.Nbcsports.Com,https://profootballtalk.nbcsports.com/,487,Do Not Sell My Personal Information
39,,,Patriots.Com,https://www.patriots.com/,488,
40,,,Dallascowboys.Com,https://www.dallascowboys.com/,489,
41,,,Nflshop.Com,https://www.nflshop.com/,490,Do Not Sell or Share My Personal Information
42,,Runners,Strava.Com,https://www.strava.com/,491,
43,,,Runnersworld.Com,https://www.runnersworld.com/,492,
44,,,Active.Com,https://www.active.com/,493,Do Not Sell My Personal Information
45,,,Runtastic.Com,https://www.runtastic.com/,494,
46,,,Runsignup.Com,https://runsignup.com/,495,
47,,,Competitor.Com,https://www.competitor.com/,496,
48,,,Letsrun.Com,https://www.letsrun.com/,497,
49,,,Mapmyrun.Com,https://www.mapmyrun.com/,498,Do Not Sell My Personal Information
0,,,Thetiebar.Com,https://thetiebar.com/,743,
1,,,Karmaloop.Com,https://www.karmaloop.com/,744,
2,,,Kingsizedirect.Com,https://www.kingsize.com/,745,
3,,,Ties.Com,https://www.ties.com/,746,
4,,,Paulfredrick.Com,https://www.paulfredrick.com/,747,Do Not Sell or Share My Personal Information
5,,,Perryellis.Com,https://www.perryellis.com/,748,
6,,,Frankandoak.Com,https://www.frankandoak.com/?,749,
7,,,Kennethcole.Com,https://www.kennethcole.com/,750,
8,,,Mrporter.Com,https://www.mrporter.com/en-us/,751,
9,,,Johnvarvatos.Com,https://www.johnvarvatos.com/,752,
10,,,Paulevansny.Com,https://www.paulevansny.com/,753,
11,,,Sprezzabox.Com,https://www.sprezzabox.com/,754,
12,,,Haggar.Com,https://www.haggar.com/,755,Do Not Sell or Share My Personal Information
13,,Shoe Websites,Heels.Com,https://www.heels.com/,756,
14,,,Sorel.Com,https://www.sorel.com/,757,Do Not Sell or Share My Information
15,,,Underarmour.Com,https://www.underarmour.com/en-us/,758,Do Not Sell My Personal Information
16,,,Dsw.Com,https://www.dsw.com/,759,Do Not Sell or Share My Personal Information
17,,,Prana.Com,https://www.prana.com/,760,Do Not Sell or Share My Information
18,,,Finishline.Com,https://www.finishline.com/,761,Do Not Sell or Share My Personal Information
19,,,Famousfootwear.Com,https://www.famousfootwear.com/,762,
20,,,Vans.Com,https://www.vans.com/en-us,763,
21,,,Kicksonfire.Com,https://www.kicksonfire.com/,764,
22,,,Payless.Com,https://www.payless.com/,765,
23,,,Colehaan.Com,https://www.colehaan.com/,766,Do not sell my info
24,,,Journeys.Com,https://www.journeys.com/,767,
25,,Sunglasses Websites,Ray-Ban.Com,https://www.ray-ban.com/usa,768,DO NOT SELL MY PERSONAL INFORMATION
26,,,Sunglasshut.Com,https://www.sunglasshut.com/,769,Do Not Sell My Personal Information
27,,,Framesdirect.Com,https://www.framesdirect.com/,770,
28,,,Oakley.Com,https://www.oakley.com/en-us,771,Do not sell my personal information
29,,,Eyebuydirect.Com,https://www.eyebuydirect.com/,772,
30,,,Prada.Com,https://www.prada.com/us/en.html,773,
31,,,Coastal.Com,https://www.eyebuydirect.com/,774,
32,,,Glasses.Com,https://www.glasses.com/,775,Do Not Sell My Personal Information
33,,,Luxottica.Com,https://www.luxottica.com/en,776,
34,,,Smartbuyglasses.Com,https://www.smartbuyglasses.com/,777,
35,,,Totalicare.Com,https://www.totalicare.com/,778,
36,,,Allynscura.Com,https://allynscura.com/,779,
37,Automative,Top Aviation,Flightaware.Com,https://flightaware.com/,780,
38,,,Flightradar24.Com,https://www.flightradar24.com/,781,
39,,,Ww2Aircraft.Net,https://ww2aircraft.net/forum/,782,
40,,,Boeing.Com,https://www.boeing.com/,783,
41,,,Airliners.Net,https://www.airliners.net/,784,DO NOT SELL MY DATA
42,,,Aviationweather.Gov,https://aviationweather.gov/,785,
43,,,Airforce.Com,https://www.airforce.com/,786,
44,,,Vansairforce.Net,https://vansairforce.net/,787,
45,,,Airnav.Com,http://airnav.com/,788,
46,,,Airbus.Com,https://www.airbus.com/en,789,
47,,Car Buying Sites,Kbb.Com,https://www.kbb.com/,790,Do Not Sell My Personal Information
48,,,Edmunds.Com,https://www.edmunds.com/,791,Do Not Sell or Share My Personal Information
49,,,Cargurus.Com,https://www.cargurus.com/,792,Do Not Sell My Personal Information
0,,,Autotrader.Com,https://www.autotrader.com/,793,
1,,,Caranddriver.Com,https://www.caranddriver.com/,794,
2,,,Cars.Com,https://www.cars.com/,795,Do Not Sell My Personal Information
3,,,Carmax.Com,https://www.carmax.com/,796,Do Not Sell or Share My Information
4,,,Carsforsale.Com,https://www.carsforsale.com/,797,
5,,,"
Truecar.Com",https://www.truecar.com/,798,Do Not Sell My Personal Information
6,,,Carfax.Com,https://www.carfax.com/,799,
7,,,Nadaguides.Com,https://www.jdpower.com/cars,800,CA Do Not Sell or Share My Information
8,,,Thecarconnection.Com,https://www.thecarconnection.com/,801,Do Not Sell My Personal Information
9,,,Carwale.Com,https://www.carwale.com/,802,
10,,,Classiccars.Com,https://classiccars.com/,803,
11,,,Autobytel.Com,https://www.autobytel.com/,804,Do Not Sell My Information
12,,,Rvtrader.Com,https://www.rvtrader.com/,805,
13,,,Copart.Com,https://www.copart.com/,806,
14,,,Hemmings.Com,https://www.hemmings.com/,807,
15,,Car Brands,Ford.Com,https://www.ford.com/,808,
16,,,Honda.Com,http://www.honda.com/,809,
17,,,Chevrolet.Com,https://www.chevrolet.com/,810,
18,,,Toyota.Com,https://www.toyota.com/,811,
19,,,Nissanusa.Com,https://www.nissanusa.com/,812,Do Not Sell My Personal Information
20,,,Mbusa.Com,https://www.mbusa.com/en/home,813,Do Not Sell My Personal Information
21,,,Jeep.Com,https://www.jeep.com/,814,
22,,,Kia.Com,https://www.kia.com/us/en,815,
23,,,Bmwusa.Com,https://www.bmwusa.com/,816,Do Not Sell My Personal Information
24,,,Gm.Com,https://www.gm.com/,817,
25,,,Hyundaiusa.Com,https://www.hyundaiusa.com/us/en,818,
26,,,Lexus.Com,https://www.lexus.com/,819,
27,,,Audiusa.Com,https://www.audiusa.com/us/web/en.html,820,Do Not Sell or Share My Personal Information
28,,,Porsche.Com,https://www.porsche.com/usa/,821,
29,,,Dodge.Com,https://www.dodge.com/,822,
30,,,Subaru.Com,https://www.subaru.com/index.html,823,Do Not Sell or Share My Personal Information
31,,,Vw.Com,https://www.vw.com/en.html,824,Do Not Sell or Share My Personal Information
32,,,Mazdausa.Com,https://www.mazdausa.com/,825,DO NOT SELL OR SHARE MY PERSONAL INFORMATION
33,,,Volvocars.Com,https://www.volvocars.com/us/,826,Do Not Sell or Share My Personal Information
34,,,Gmc.Com,https://www.gmc.com/,827,
35,,Best Motorcycle,Harley-Davidson.Com,https://www.harley-davidson.com/us/en/index.html,828,
36,,,Vitalmx.Com,https://www.vitalmx.com/,829,
37,,,Cycletrader.Com,https://www.cycletrader.com/,830,
38,,,Revzilla.Com,https://www.revzilla.com/,831,
39,,,Zigwheels.Com,https://www.zigwheels.com/,832,
40,,Buy a Boat Websites,Boatshop24.Com,https://www.boatshop24.com/,833,Do Not Sell My Personal Information
41,,,Boattrader.Com,https://www.boattrader.com/,834,Do Not Sell My Personal Information
42,,,Pursuitboats.Com,https://www.pursuitboats.com/,835,
43,,,Yachtworld.Com,https://www.yachtworld.com/,836,Do Not Sell My Personal Information
44,,,Westmarine.Com,https://www.westmarine.com/,837,
45,,Beauty,Ulta.Com,https://www.ulta.com/,838,Do Not Sell My Personal Information
46,,,Sephora.Com,https://www.sephora.com/,839,
47,,,Fragrantica.Com,https://www.fragrantica.com/,840,
48,,,Elle.Com,https://www.elle.com/,841,
49,,,Self.Com,https://www.self.com/,842,
0,,,Aliexpress.Com,https://www.aliexpress.us/?gatewayAdapt=glo2usa&_randl_shipto=US,349,
1,,,Diy.Com,https://www.diy.com/,350,
2,,,Bestbuy.Com,https://www.bestbuy.com/,351,CA Do Not Sell/Share My Personal Information
3,,,Target.Com,https://www.target.com/,352,
4,,,Homedepot.Com,https://www.homedepot.com/,353,Do Not Sell or Share My Personal Information
5,,,Etsy.Com,https://www.etsy.com/,354,Privacy / Do not sell my personal info
6,,,Alibaba.Com,https://www.alibaba.com/,355,
7,,,Groupon.Com,https://www.groupon.com/,356,Do Not Sell or Share My Personal Information
8,,,Macys.Com,https://www.macys.com/,357,Do Not Sell or Share My Personal Information
9,,,Slickdeals.Net,https://slickdeals.net/,358,Do Not Sell My Personal Information
10,,,Lowes.Com,https://www.lowes.com/,359,Do Not Sell/Share My Personal Information
11,,,Nordstrom.Com,https://www.nordstrom.com/,360,
12,,,Flipkart.Com,https://www.flipkart.com/,361,
13,,,Microsoftstore.Com,https://www.microsoft.com/en-us/store/b/sale?rtc=1,362,
14,,Department Stores,Nordstrom.Com,https://www.nordstrom.com/,363,
15,,,Kohls.Com,https://www.kohls.com/,364,DO NOT SELL OR SHARE MY PERSONAL INFORMATION
16,,,Jcpenney.Com,https://www.jcpenney.com/,365,Do Not Sell My Personal Information
17,,,Sears.Com,https://www.sears.com/,366,
18,,,Dickssportinggoods.Com,https://www.dickssportinggoods.com/,367,
19,,,Cabelas.Com,https://www.cabelas.com/shop/en#,368,Do Not Sell Or Share My Personal Information
20,,,Jabong.Com,https://www.myntra.com/myntra-fashion-store,369,
21,,,Llbean.Com,https://www.llbean.com/,370,
22,,,Dillards.Com,https://www.dillards.com/,371,
23,,,Bloomingdales.Com,https://www.bloomingdales.com/,372,Do Not Sell or Share My Personal Information
24,,,Neimanmarcus.Com,https://www.neimanmarcus.com/,373,
25,,,Hsn.Com,https://www.hsn.com/,374,
26,,,Biglots.Com,https://www.biglots.com/,375,California Customers Only: Do Not Sell My Info
27,,,Saksfifthavenue.Com,https://www.saksfifthavenue.com/,376,
28,,,Belk.Com,https://www.belk.com/,377,
29,,,Burlingtoncoatfactory.Com,https://www.burlington.com/,378,Do Not Sell or Share My Personal Information
30,,,Lordandtaylor.Com,https://lordandtaylor.com/,379,
31,Science & Math,Astrology,Horoscope.Com,https://www.horoscope.com/us/horoscopes/general/horoscope-general-daily-today.aspx?sign=1,380,Do Not Sell My Info
32,,,Space.Com,https://www.space.com/,381,Do not sell my info
33,,,Astrology.Com,https://www.astrology.com/us/home.aspx,382,DO NOT SELL MY INFO
34,,,Astrologyanswers.Com,https://www.astrologyanswers.com/,383,
35,,,Ganeshaspeaks.Com,https://www.ganeshaspeaks.com/,384,
36,,,Cafeastrology.Com,https://cafeastrology.com/,385,
37,,,Universetoday.Com,https://www.universetoday.com/,386,
38,,,Tarot.Com,https://www.tarot.com/,387,Do Not Sell My Personal Information
39,,,Astro.Com,https://www.astro.com/horoscope,388,
40,,,Astrosage.Com,http://astrosage.com/,389,
41,,,Esa.Int,https://www.esa.int/,390,
42,,,Astrostyle.Com,https://astrostyle.com/,391,
43,,,Hubblesite.Org,https://hubblesite.org/,392,
44,,,Jpl.Nasa.Gov,https://www.jpl.nasa.gov/,393,
45,,,Windows2Universe.Org,https://windows2universe.org/,394,
46,,,Astrocenter.Com,https://www.sunsigns.com/,395,Do Not Sell My Info
47,,,Earthsky.Org,https://earthsky.org/,396,Do not sell or share my personal information.
48,,,Futurescopes.Com,https://futurescopes.com/,397,
49,,,Apod.Nasa.Gov,https://apod.nasa.gov/apod/astropix.html,398,
0,,,Zonealarm.Com,https://www.zonealarm.com/,643,
1,,,Sophos.Com,https://www.sophos.com/en-us,644,
2,,,Trendmicro.Com,https://www.trendmicro.com/en_us/business.html,645,
3,,Software Company,Microsoft.Com,https://www.microsoft.com/en-us/?ql=3,646,
4,,,Adobe.Com,https://www.adobe.com/,647,Do not sell or share my personal information
5,,,Github.Com,https://github.com/,648,
6,,,Spotify.Com,https://open.spotify.com/,649,
7,,,Utorrent.Com,https://www.utorrent.com/,650,
8,,,Softonic.Com,https://en.softonic.com/,651,
9,,,Uptodown.Com,https://en.uptodown.com/mac,652,
10,,,Mozilla.Org,https://www.mozilla.org/en-US/,653,
11,,,Intuit.Com,https://www.intuit.com/,654,
12,,,Steamcommunity.Com,https://steamcommunity.com/,655,
13,,,Oracle.Com,https://www.oracle.com/,656,Do Not Sell My Info
14,,,Sourceforge.Net,https://sourceforge.net/,657,
15,,,Office365.Com,https://www.microsoft.com/en-us/microsoft-365?ms.url=office365com&rtc=1,658,
16,,,Filehippo.Com,https://filehippo.com/,659,
17,,,Evernote.Com,https://evernote.com/,660,
18,,,Prezi.Com,https://prezi.com/,661,
19,,,Qiita.Com,https://qiita.com/,662,
20,,,Telegram.Org,https://telegram.org/,663,
21,,Tech Review,Cnet.Com,https://www.cnet.com/,664,Do Not Sell or Share My Personal Information
22,,,Tomshardware.Com,https://www.tomshardware.com/,665,Do not sell my info
23,,,Theverge.Com,https://www.theverge.com/,666,DO NOT SELL OR SHARE MY PERSONAL INFO
24,,,Gsmarena.Com,https://www.gsmarena.com/,667,
25,,,Pcmag.Com,https://www.pcmag.com/,668,"Do Not Sell My Personal Information
(Opens in a new window)"
26,,,Engadget.Com,https://www.engadget.com/,669,
27,,,Digitaltrends.Com,https://www.digitaltrends.com/,670,Do Not Sell or Share My Information
28,,,Imore.Com,https://www.imore.com/,671,Do not sell my info
29,,,Wired.Com,https://www.wired.com/,672,
30,,,Tomsguide.Com,https://www.tomsguide.com/,673,Do not sell my info
31,,,Pcworld.Com,https://www.pcworld.com/,674,
32,,,Consumerreports.Org,https://www.consumerreports.org/,675,Do Not Sell or Share My Personal Information
33,,,Trustedreviews.Com,https://www.techadvisor.com/,676,
34,,,Toptenreviews.Com,https://www.toptenreviews.com/,677,Do not sell my info
35,,,Dpreview.Com,https://www.dpreview.com/,678,
36,,,Zdnet.Com,https://www.zdnet.com/,679,
37,,,Recode.Net,https://www.vox.com/recode,680,Do Not Sell or Share My Personal Info
38,,,Boingboing.Net,https://boingboing.net/,681,Do Not Sell My Data
39,,,Sammobile.Com,https://www.sammobile.com/,682,
40,Apparel,Apparel Websites,Nordstrom.Com,https://www.nordstrom.com/,683,
41,,,Nike.Com,https://www.nike.com/,684,
42,,,Asos.Com,https://www.asos.com/,685,
43,,,Zappos.Com,https://www.zappos.com/,686,
44,,,Hm.Com,https://www2.hm.com/en_us/index.html,687,Do Not Sell Or Share My Personal Data
45,,,Victoriassecret.Com,https://www.victoriassecret.com/us/,688,Do Not Sell or Share My Personal Information
46,,,Footlocker.Com,https://www.footlocker.com/,689,
47,,,Forever21.Com,https://www.forever21.com/,690,Do Not Sell My Info
48,,,Gap.Com,https://www.gap.com/,691,
49,,,Zara.Com,https://www.zara.com/us/en/woman-new-in-l1180.html?v1=2111785&page=8,692,
0,,,Womanwithin.Com,https://www.womanwithin.com/,693,
1,,,Urbanoutfitters.Com,https://www.urbanoutfitters.com/,694,Do Not Sell My Info
2,,,6Pm.Com,https://www.6pm.com/,695,
3,,,Ninewest.Com,https://ninewest.com/,696,
4,,,Polyvore.Com,https://www.ssense.com/?utm_source=polyvore.com&utm_medium=redirect&utm_campaign=301_Redirect,697,
5,,,Flightclub.Com,https://www.flightclub.com/,698,
6,,,Llbean.Com,https://www.llbean.com/,699,
7,,,Ae.Com,https://www.ae.com/us/en,700,Do Not Sell or Share My Personal Information
8,,,Myntra.Com,https://www.myntra.com/,701,
9,,,Zulily.Com,https://www.zulily.com/,702,Do Not Sell or Share My Personal Information
10,,Online Accessory Shop,Pandora.Net,https://us.pandora.net/,703,Do Not Sell or Share My Personal Information
11,,,Ralphlauren.Com,https://www.ralphlauren.com/,704,Do Not Sell My Personal Information
12,,,Louisvuitton.Com,https://www.louisvuitton.com/dispatch,705,
13,,,Zales.Com,https://www.zales.com/,706,
14,,,Thenorthface.Com,https://www.thenorthface.com/en-us?_sr=1,707,
15,,,Kay.Com,https://www.kay.com/,708,
16,,,Fossil.Com,https://www.fossil.com/en-us/,709,Do Not Sell My Info
17,,,Toryburch.Com,https://www.toryburch.com/en-us/,710,
18,,,Helzberg.Com,https://www.helzberg.com/,711,
19,,,Bluenile.Com,https://www.bluenile.com/,712,
20,,,Swarovski.Com,https://www.swarovski.com/en-US/,713,
21,,,Gucci.Com,https://www.gucci.com/us/en/,714,
22,,,Katespade.Com,https://www.katespade.com/,715,
23,,,Ashford.Com,https://www.ashford.com/,716,
24,,,Coach.Com,https://www.coach.com/,717,
25,,,Jared.Com,https://www.jared.com/,718,
26,,,Tiffany.Com,https://www.tiffany.com/,719,Do Not Sell My Personal Information
27,,,Glassesusa.Com,https://www.glassesusa.com/,720,Do Not Sell or Share My Personal Information
28,,Lingerie Stores,Victoriassecret.Com,https://www.victoriassecret.com/us/,721,Do Not Sell or Share My Personal Information
29,,,Yandy.Com,https://www.yandy.com/,722,Do Not Sell or Share My Personal Information
30,,,Venus.Com,https://www.venus.com/,723,CALIFORNIA - DO NOT SELL MY PERSONAL INFO
31,,,Herroom.Com,https://www.herroom.com/,724,
32,,,Fredericks.Com,https://www.fredericks.com/,725,
33,,,Soma.Com,https://www.soma.com/store/,726,
34,,,Leonisa.Com,https://www.leonisa.com/en/,727,
35,,,Zivame.Com,https://www.zivame.com/,728,
36,,,Lingeriediva.Com,https://www.lingeriediva.com/,729,
37,,,Lasenza.Com,https://www.lasenza.com/,730,
38,,,Forplaycatalog.Com,https://www.forplaycatalog.com/,731,
39,,,Brastop.Com,https://www.brastop.com/,732,
40,,,3Wishes.Com,https://www.3wishes.com/,733,Do not sell my personal information
41,,,Secretsinlace.Com,https://www.secretsinlace.com/,734,
42,,,Journelle.Com,https://www.journelle.com/,735,
43,,,Bravissimo.Com,https://www.bravissimo.com/,736,
44,,,Trashy.Com,https://trashy.com/,737,Do not sell my personal information
45,,Men’s Clothing,Josbank,https://www.josbank.com/?utm_source=&account_id=582&brand=JAB&source=google&campaign=647557330&campaign_type=Brand&adgroup_id=132061103017&keyword=kwd-501326182752&ad_id=619412024628&match_type=e&channel=SEM&utm_id=go_cmp-647557330_adg-132061103017_ad-619412024628_kwd-501326182752_dev-c_ext-_prd-_mca-_sig-CjwKCAjwh4ObBhAzEiwAHzZYU9Kl1sBYAYwoN_GfPdktdbIO2sP4fIx4-VWMlGG28eeIY8WhZ9zBYhoCcTMQAvD_BwE&gclid=CjwKCAjwh4ObBhAzEiwAHzZYU9Kl1sBYAYwoN_GfPdktdbIO2sP4fIx4-VWMlGG28eeIY8WhZ9zBYhoCcTMQAvD_BwE,738,DO NOT SELL OR SHARE MY PERSONAL INFORMATION
46,,,Menswearhouse.Com,https://www.menswearhouse.com/,739,
47,,,Jackthreads.Com,https://www.jackthreads.com/,740,
48,,,Eastdane.Com,https://www.shopbop.com/men?wasEastdane=true&,741,
49,,,Destinationxl.Com,https://www.dxl.com/,742,
0,,,Bookbub.Com,https://www.bookbub.com/welcome,250,
1,,,Gutenberg.Org,https://gutenberg.org/,251,
2,,,Kobo.Com,https://www.kobo.com/,252,Do Not Sell or Share My Personal Information (Personal Data Opt-out)
3,,,Calibre-Ebook.Com,https://calibre-ebook.com/,253,
4,,,Openlibrary.Org,https://openlibrary.org/,254,
5,,,Openculture.Com,https://openculture.com/,255,Do not sell my personal information
6,,Text book Websites,Elsevier.Com,https://www.elsevier.com/,256,
7,,,Abebooks.Com,https://www.abebooks.com/,257,
8,,,Safaribooksonline.Com,https://www.oreilly.com/,258,DO NOT SELL MY PERSONAL INFORMATION
9,,,Bkstr.Com,https://www.bkstr.com/efollettstore/home,259,
10,,,Vitalsource.Com,https://www.vitalsource.com/,260,
11,,,Cengagebrain.Com,https://www.cengage.com/,261,DO NOT SELL
12,,,Valorebooks.Com,https://www.valorebooks.com/,262,
13,Reference,Business Listing Websites,Google.Com,https://www.google.com/,263,
14,,,Facebook.Com,https://www.facebook.com/,264,
15,,,Twitter.Com,https://twitter.com/,265,
16,,,Bing.Com,https://www.bing.com/?toWww=1&redig=8F827FD0A844443AAEB29DB3234E0048,266,
17,,,Linkedin.Com,https://www.linkedin.com/,267,
18,,,Yelp.Com,https://www.yelp.com/,268,
19,,,Yellowpages.Com,https://www.yellowpages.com/,269,Do Not Sell My Personal Information
20,,,Whitepages.Com,https://www.whitepages.com/,270,
21,,,Foursquare.Com,https://foursquare.com/,271,
22,,,Bbb.Org,https://www.bbb.org/,272,
23,,,Manta.Com,https://www.manta.com/,273,Do Not Sell My Personal Information
24,,,Angieslist.Com,https://www.angi.com/,274,Do Not Sell
25,,,Homeadvisor.Com,https://www.homeadvisor.com/,275,Do Not Sell
26,,,Superpages.Com,https://www.superpages.com/,276,Do Not Sell My Personal Information
27,,,Thumbtack.Com,https://www.thumbtack.com/,277,
28,,,Area-Codes.Com,https://www.area-codes.com/,278,
29,,,Local.Com,https://www.local.com/,279,
30,,,Addresses.Com,https://www.addresses.com/,280,Do not sell my info
31,,,Yell.Com,https://www.yell.com/,281,
32,Retail,Top Classifieds,Craigslist.Org,https://chicago.craigslist.org/,282,
33,,,Manta.Com,https://www.manta.com/,283,Do Not Sell My Personal Information
34,,,Gumtree.Com,https://www.gumtree.com/,284,
35,,,Quikr.Com,https://www.quikr.com/,285,
36,,,Sulekha.Com,https://us.sulekha.com/,286,
37,,,Corotos.Com.Do,https://www.corotos.com.do/,287,
38,,,Expatriates.Com,https://www.expatriates.com/,288,
39,,,Boattrader.Com,https://www.boattrader.com/,289,Do Not Sell My Personal Information
40,,,Claz.Org,https://claz.org/,290,
41,,,Hoobly.Com,https://www.hoobly.com/s/us,291,
42,,,Bookoo.Com,http://bookoo.com/,292,
43,,,Elclasificado.Com,https://elclasificado.com/,293,Do Not Sell My Information
44,,Coupon Sites,Groupon.Com,https://www.groupon.com/,294,Do Not Sell or Share My Personal Information
45,,,Slickdeals.Net,https://slickdeals.net/,295,Do Not Sell My Personal Information
46,,,Retailmenot.Com,https://www.retailmenot.com/,296,Do Not Sell My Personal Infomation
47,,,Snapdeal.Com,https://www.snapdeal.com/,297,
48,,,Coupons.Com,https://www.coupons.com/,298,
0,,,Minq.Com,https://www.minq.com/,843,Do Not Sell My Data
1,,,Maccosmetics.Com,https://www.maccosmetics.com/,844,DO NOT SELL OR SHARE MY PERSONAL INFORMATION / TARGETED ADS
2,,,Racked.Com,https://www.racked.com/,845,Do Not Sell or Share My Personal Info
3,,,Avon.Com,https://www.avon.com/,846,
4,,,Gilt.Com,https://www.gilt.com/boutique/,847,
5,,,Toryburch.Com,https://www.toryburch.com/en-us/,848,
6,,,Herbeauty.Co,https://herbeauty.co/en/,849,
7,,,Greatclips.Com,https://www.greatclips.com/,850,Do Not Sell or Share My Personal Information
8,,,Naturallycurly.Com,https://www.naturallycurly.com/,851,
9,,,Lushusa.Com,https://www.lushusa.com/,852,
10,,,Totalbeauty.Com,https://www.totalbeauty.com/,853,
11,,,Birchbox.Com,https://www.birchbox.com/,854,
12,,,Ipsy.Com,https://www.ipsy.com/,855,Do Not Sell
13,,,Makeupalley.Com,https://www.makeupalley.com/,856,
14,,Best Fashion Websites,Refinery29.Com,https://www.refinery29.com/en-us,857,Do Not Sell or Share My Info
15,,,Cosmopolitan.Com,https://www.cosmopolitan.com/,858,
16,,,Fashionbeans.Com,https://www.fashionbeans.com/,859,Do not sell or share my personal information.
17,,,Elle.Com,https://www.elle.com/,860,
18,,,Gq.Com,https://www.gq.com/,861,
19,,,Marieclaire.Com,https://www.marieclaire.com/,862,DO NOT SELL MY INFO
20,,,Vogue.Com,https://www.vogue.com/,863,
21,,,Stylebistro.Com,https://stylebistro.com/,864,California Notice / Do Not Sell My Personal Information
22,,,Instyle.Com,https://www.instyle.com/,865,
23,,,Harpersbazaar.Com,https://www.harpersbazaar.com/,866,
24,,,Boldsky.Com,https://www.boldsky.com/,867,
25,,,Glamour.Com,https://www.glamour.com/,868,
26,,,Seventeen.Com,https://www.seventeen.com/,869,
27,,,Teenvogue.Com,https://www.teenvogue.com/,870,
28,,,Stylecaster.Com,https://stylecaster.com/,871,
29,,,Lifeandstylemag.Com,https://www.lifeandstylemag.com/,872,Do Not Sell
30,,,Highsnobiety.Com,https://www.highsnobiety.com/,873,
31,,,Allure.Com,https://www.allure.com/,874,
32,,,Hypebeast.Com,https://hypebeast.com/,875,
33,,,Racked.Com,https://www.racked.com/,876,Do Not Sell or Share My Personal Info
34,Career & Education,Best Educational Websites for Teaching & Learning,Quizlet.Com,https://quizlet.com/,877,
35,,,W3Schools.Com,https://www.w3schools.com/,878,
36,,,Khanacademy.Org,https://www.khanacademy.org/,879,
37,,,Blackboard.Com,https://www.blackboard.com/,880,Do Not Sell My PI
38,,,Tutorialspoint.Com,https://www.tutorialspoint.com/index.htm,881,
39,,,Researchgate.Net,https://www.researchgate.net/,882,
40,,,Study.Com,https://study.com/,883,
41,,,Shmoop.Com,https://www.shmoop.com/,884,
42,,,"
Udemy.Com",https://www.udemy.com/,885,
43,,,Coursera.Org,https://www.coursera.org/,886,
44,,,Ted.Com,https://www.ted.com/,887,
45,,,Sparknotes.Com,https://www.sparknotes.com/,888,Do Not Sell My Personal Information
46,,,Academia.Edu,https://www.academia.edu/,889,
47,,,Collegeboard.Org,https://www.collegeboard.org/,890,
48,,,Greatschools.Org,https://www.greatschools.org/,891,
49,,,Chegg.Com,https://www.chegg.com/,892,DO NOT SELL MY INFO
0,,,Usaa.Com,https://www.usaa.com/,1043,
1,,,Discover.Com,https://www.discover.com/,1044,
2,,,Usbank.Com,https://www.usbank.com/index.html,1045,
3,,,Citibankonline.Com,https://www.citi.com/,1046,Do Not Sell or Share My Personal Information
4,,,Pnc.Com,https://www.pnc.com/en/personal-banking.html,1047,
5,,,Capitalone360.Com,https://www.capitalone.com/bank/,1048,
6,,,Schwab.Com,https://www.schwab.com/,1049,
7,,,Tdbank.Com,https://www.td.com/us/en/personal-banking,1050,
8,,Finance Websites,Paypal.Com,https://www.paypal.com/us/home,1051,
9,,,Hrblock.Com,https://www.hrblock.com/,1052,
10,,,Chase.Com,https://www.chase.com/,1053,
11,,,Forbes.Com,https://www.forbes.com/?sh=112eecaf2254,1054,Do Not Sell or Share My Personal Information
12,,,Wellsfargo.Com,https://www.wellsfargo.com/,1055,
13,,,Intuit.Com,https://www.intuit.com/,1056,
14,,,Irs.Gov,https://www.irs.gov/,1057,
15,,,Marketwatch.Com,https://www.marketwatch.com/,1058,Do Not Sell or Share My Personal Information
16,,,Libertymutual.Com,https://www.libertymutual.com/,1059,
17,,,Fidelity.Com,https://www.fidelity.com/,1060,
18,,Best Insurance Websites,https://www.libertymutual.com/,https://www.libertymutual.com/,1061,
19,,,Usaa.Com,https://www.usaa.com/,1062,
20,,,Statefarm.Com,https://www.statefarm.com/,1063,Do Not Sell or Share My Personal Information (CA residents only)
21,,,Kaiserpermanente.Org,https://healthy.kaiserpermanente.org/front-door,1064,
22,,,Aaa.Com,https://member.acg.aaa.com/il.html,1065,
23,,,Progressive.Com,https://www.progressive.com/,1066,Do Not Sell or Share My Personal Information (CA Residents Only)
24,,,Bcbs.Com,https://www.bcbs.com/,1067,
25,,,Aetna.Com,https://www.aetna.com/,1068,
26,,,Humana.Com,https://www.humana.com/,1069,
27,,,Allstate.Com,https://www.allstate.com/,1070,
28,,,Cigna.Com,https://www.cigna.com/,1071,
29,,,Anthem.Com,https://www.anthem.com/,1072,
30,,,Uhc.Com,https://www.uhc.com/,1073,
31,,,Farmers.Com,https://www.farmers.com/,1074,"Do Not Sell/Share My Personal Information
opens in new window"
32,,,Metlife.Com,https://www.metlife.com/,1075,
33,,,Hcsc.Net,https://www.hcsc.com/,1076,
34,,,Comparisons.Org,https://comparisons.org/,1077,Do Not Sell My Personal Information
35,,,Esurance.Com,https://www.esurance.com/,1078,
36,,,Ehealthinsurance.Com,https://www.ehealthinsurance.com/,1079,
37,,Scholarship Websites,Collegeboard.Org,https://www.collegeboard.org/,1080,
38,,,Ed.Gov,https://www.ed.gov/,1081,
39,,,Mygreatlakes.Org,https://mygreatlakes.org/,1082,
40,,,Studentloans.Gov,https://studentaid.gov/,1083,
41,,,Colleges.Niche.Com,https://www.niche.com/colleges/search/best-colleges/,1084,Do Not Sell My Personal Information
42,,,Aessuccess.Org,http://www.aessuccess.org/,1085,
43,,,Salliemae.Com,https://www.salliemae.com/,1086,Do not sell or share my personal information
44,,,Fastweb.Com,https://www.fastweb.com/,1087,
45,,,Collegenet.Com,https://collegenet.com/,1088,
46,,Food Websites,Allrecipes.Com,https://www.allrecipes.com/,1089,
