,Index,Check,filename,Number translated,step1 present,Text translated,Text present,Presence confirm,Text
0,0,True,,,,,,,
1,1,True,,,,,,,
2,2,True,,,,,,,
3,3,True,com_3,1,Yes,ellor share my personalinformation| 1/1,Yes,Yes,Do not sell or share my personal information
4,4,True,,,,,,,
5,5,True,seriouseats_5,1,Yes,Do Not Sell My Personal Information| 1/1,Yes,Yes,Do not sell my personal information
6,6,True,,,,,,,
7,7,True,eater_7,1,Yes,o Not Sell or Share My Personal nfo| 1/1,Yes,Yes,Do not sell or share my personal information
8,8,True,thrillist_8,1,Yes,ell or Share My Personal Information| 1/1,Yes,Yes,Do not sell or share my personal information
9,9,True,myrecipes_9,1,Yes,"Californ ""1",Yes,Yes,California residents: do not sell my info
10,10,True,,,,,,,
11,11,True,,,,,,,
12,12,True,,,,,,,
13,13,True,marthastewart_13,1,Yes,"Califor ""1",Yes,Yes,California residents: do not sell my info
14,14,True,,,,,,,
15,15,True,,,,,,,
16,16,True,,,,,,,
17,17,True,grubhub_17,1,Yes,Do Not Sell My information| Wi,Yes,Yes,Do not sell my personal information
18,18,True,grubhub_18,1,Yes,Do Not Sell My information| Wi,Yes,Yes,Do not sell my personal information
19,19,True,seamless_19,1,Yes,Do Not Sell My information| Wi,Yes,Yes,Do not sell my personal information
20,20,True,,,,,,,
21,21,True,com_21,1,Yes,iell or share my personal information| 1/1,Yes,Yes,Do not sell or share my personal information
22,22,True,doordash_22,1,Yes,ell or Share My Personal Information| 1/1,Yes,Yes,Do not sell or share my personal information
23,23,True,,,,,,,
24,24,True,trycaviar_24,1,Yes,ell or Share My Personal Information| 1/1,Yes,Yes,Do not sell or share my personal information
25,25,True,,,,,,,
26,26,True,,,,,,,
27,27,True,,,,,,,
28,28,True,,,,,,,
29,29,True,,,,,,,
30,30,True,,,,,,,
31,31,True,berries_31,1,Yes,Do Not Sell My Personal Information| 1/1,Yes,Yes,Do not sell my personal information
32,32,True,,,,,,,
33,33,True,,,,,,,
34,34,True,,,,,,,
35,35,True,,,,,,,
36,36,True,,,,,,,
37,37,True,,,,,,,
38,38,True,,,,,,,
39,39,True,mcdonalds_39,1,Yes,ell or Share My Personal Information| 1/1,Yes,Yes,Do not sell or share my personal information
40,40,False,,,,,,,
41,41,True,olivegarden_41,1,Yes,ell or Share My Personal Information| 1/1,Yes,Yes,Do not sell or share my personal information
42,42,True,,,,,,,
43,43,True,jimmyjohns_43,1,Yes,Do Not Sell My Info| Wi,Yes,Yes,Do not sell my personal information
44,44,True,,,,,,,
45,45,True,,,,,,,
46,46,True,,,,,,,
47,47,True,,,,,,,
48,48,True,,,,,,,
49,49,True,,,,,,,
50,50,True,,,,,,,
51,51,True,,,,,,,
52,52,True,myfitnesspal_52,1,Yes,Do Not Sell My Personal Information| 1/1,Yes,Yes,Do not sell my personal information
53,53,True,healthline_53,1,Yes,Do Not Sell My Info| Wi,Yes,Yes,Do not sell my personal information
54,54,True,weightwatchers_54,1,Yes,Do Not Sell My Personal Info| Wi,Yes,Yes,Do not sell my personal information
55,55,True,,,,,,,
56,56,True,,,,,,,
57,57,True,,,,,,,
58,58,True,,,,,,,
59,59,True,,,,,,,
60,60,True,,,,,,,
61,61,True,,,,,,,
62,62,True,healthgrades_62,1,Yes,Do Not Sell My Personal Information| 1/1,Yes,Yes,Do not sell my personal information
63,63,True,,,,,,,
64,64,True,,,,,,,
65,65,True,,,,,,,
66,66,True,,,,,,,
67,67,True,,,,,,,
68,68,True,,,,,,,
69,69,True,medicinenet_69,1,Yes,Do Not Sell My Personal Information| 1/1,Yes,Yes,Do not sell my personal information
70,70,True,,,,,,,
71,71,True,,,,,,,
72,72,True,,,,,,,
73,73,True,,,,,,,
74,74,True,everydayhealth_74,1,Yes,"Do Not Sell ""1",Yes,Yes,Do not sell my personal information
75,75,True,,,,,,,
76,76,True,walgreens_76,1,Yes,ell or Share My Personal Information| 1/1,Yes,Yes,Do not sell or share my personal information
77,77,True,,,,,,,
78,78,True,rxlist_78,1,Yes,Do Not Sell My Personal Information| 1/1,Yes,Yes,Do not sell my personal information
79,79,True,,,,,,,
80,80,True,riteaid_80,1,Yes,ell or Share My Personal Information| 1/1,Yes,Yes,Do not sell or share my personal information
81,81,True,,,,,,,
82,82,True,,,,,,,
83,83,True,,,,,,,
84,84,True,,,,,,,
85,85,True,,,,,,,
86,86,True,,,,,,,
87,87,True,everydayhealth_87,1,Yes,Do Not Sell My Personal Information| 1/1,Yes,Yes,Do not sell my personal information
88,88,True,shape_88,1,Yes,Do Not Sell My Personal Information| 1/1,Yes,Yes,Do not sell my personal information
89,89,True,,,,,,,
90,90,True,,,,,,,
91,91,True,,,,,,,
92,92,True,,,,,,,
93,93,True,com_93,1,Yes,ellor share my personalinformation| 1/1,Yes,Yes,Do not sell or share my personal information
94,94,True,,,,,,,
95,95,True,,,,,,,
96,96,True,,,,,,,
97,97,True,redbubble_97,1,Yes,Do not sell my personal information| 1/1,Yes,Yes,Do not sell my personal information
98,98,True,1stdibs_98,1,Yes,Do Not Sell My Info| Wi,Yes,Yes,Do not sell my personal information
99,99,True,,,,,,,
100,100,True,,,,,,,
101,101,True,,,,,,,
102,102,True,,,,,,,
103,103,True,,,,,,,
104,104,True,saatchiart_104,1,Yes,Do Not Sell My Personal Information| 1/1,Yes,Yes,Do not sell my personal information
105,105,True,,,,,,,
106,106,True,,,,,,,
107,107,True,,,,,,,
108,108,True,,,,,,,
109,109,True,,,,,,,
110,110,False,,,,,,,
111,111,True,worldmarket_111,1,Yes,ell or Share My Personal Information| 1/1,Yes,Yes,Do not sell or share my personal information
112,112,True,,,,,,,
113,113,True,,,,,,,
114,114,True,anthropologie_114,1,Yes,Do Not Sell My Info| Wi,Yes,Yes,Do not sell my personal information
115,115,True,gardeningknowhow_115,1,Yes,ellor share my personalinformation| 1/1,Yes,Yes,Do not sell or share my personal information
116,116,True,treehugger_116,1,Yes,Do Not Sell My Personal Information| 1/1,Yes,Yes,Do not sell my personal information
117,117,True,gardenweb_117,1,Yes,Do not sell my info Wi,Yes,Yes,Do not sell my personal information
118,118,True,,,,,,,
119,119,True,houzz_119,1,Yes,Do not sell my info Wi,Yes,Yes,Do not sell my personal information
120,120,True,,,,,,,
121,121,True,,,,,,,
122,122,True,urbanoutfitters_122,1,Yes,Do Not Sell My Info| Wi,Yes,Yes,Do not sell my personal information
123,123,True,marthastewart_123,1,Yes,"Californ ""1",Yes,Yes,California residents: do not sell my info
124,124,True,,,,,,,
125,125,True,bhg_125,1,Yes,Do Not Sell My Personal Information| 1/1,Yes,Yes,Do not sell my personal information
126,126,True,curbed_126,1,Yes,sHARE MY PERSONAL INFORMATION| 1/1,Yes,Yes,Do not sell or share my personal information
127,127,True,,,,,,,
128,128,True,,,,,,,
129,129,True,,,,,,,
130,130,True,hobbylobby_130,1,Yes,ell or Share My Personal Information| 1/1,Yes,Yes,Do not sell or share my personal information
131,131,True,,,,,,,
132,132,True,craftsy_132,1,Yes,Do Not Sell My Info| Wi,Yes,Yes,Do not sell my personal information
133,133,True,,,,,,,
134,134,True,,,,,,,
135,135,True,officedepot_135,1,Yes,Do Not Sell My Personal Information| 1/1,Yes,Yes,Do not sell my personal information
136,136,True,staples_136,1,Yes,ell or Share My Personal Information| 1/1,Yes,Yes,Do not sell or share my personal information
137,137,True,vistaprint_137,1,Yes,Do not sell my info Wi,Yes,Yes,Do not sell my personal information
138,138,True,,,,,,,
139,139,True,,,,,,,
140,140,True,,,,,,,
141,141,True,com_141,1,Yes,sHARE MY PERSONAL INFORMATION| 1/1,Yes,Yes,Do not sell or share my personal information
142,142,True,dailywire_142,1,Yes,ell or Share My Personal Information| 1/1,Yes,Yes,Do not sell or share my personal information
143,143,True,,,,,,,
144,144,True,,,,,,,
145,145,True,,,,,,,
146,146,True,,,,,,,
147,147,True,,,,,,,
148,148,True,com_148,1,Yes,CA: Do Not Sell My Info| Wi,Yes,Yes,California residents: do not sell my info
149,149,True,,,,,,,
150,150,True,theblaze_150,1,Yes,ell or Share My Personal Information| 1/1,Yes,Yes,Do not sell or share my personal information
151,151,True,,,,,,,
152,152,True,com_152,1,Yes,Do Not Sell My information| Wi,Yes,Yes,Do not sell my personal information
153,153,True,,,,,,,
154,154,True,,,,,,,
155,155,True,,,,,,,
156,156,True,,,,,,,
157,157,True,,,,,,,
158,158,True,huffpost_158,1,Yes,sHARE MY PERSONAL INFORMATION| 1/1,Yes,Yes,Do not sell or share my personal information
159,159,True,,,,,,,
160,160,True,politico_160,1,Yes,Do not sell my info Wi,Yes,Yes,Do not sell my personal information
161,161,True,,,,,,,
162,162,True,,,,,,,
163,163,True,go_163,1,Yes,ell or Share My Personal Information| 1/1,Yes,Yes,Do not sell or share my personal information
164,164,True,dailykos_164,1,Yes,Do Not Sell My Info| Wi,Yes,Yes,Do not sell my personal information
165,165,True,,,,,,,
166,166,True,com_166,1,Yes,Do Not Sell My Personal Information| 1/1,Yes,Yes,Do not sell my personal information
167,167,True,theatlantic_167,1,Yes,ell Or Share My Personal Information| 1/1,Yes,Yes,Do not sell or share my personal information
168,168,True,,,,,,,
169,169,True,nbcnews_169,1,Yes,TSELL MY PERSONAL INFORMATION| 1/1,Yes,Yes,Do not sell my personal information
170,170,True,,,,,,,
171,171,True,,,,,,,
172,172,True,,,,,,,
173,173,True,,,,,,,
174,174,True,,,,,,,
175,175,True,,,,,,,
176,176,True,org_176,1,Yes,ellor share my personalinformation| 1/1,Yes,Yes,Do not sell or share my personal information
177,177,True,,,,,,,
178,178,True,dailymail_178,1,Yes,iell or share my personal information| 1/1,Yes,Yes,Do not sell or share my personal information
179,179,True,com_179,1,Yes,sHARE MY PERSONAL INFORMATION| 1/1,Yes,Yes,Do not sell or share my personal information
180,180,True,nydailynews_180,1,Yes,tSell/Share My Personal Information| 1/1,Yes,Yes,Do not sell or share my personal information
181,181,True,,,,,,,
182,182,True,,,,,,,
183,183,True,,,,,,,
184,184,True,latimes_184,1,Yes,ell or Share My Personal Information| 1/1,Yes,Yes,Do not sell or share my personal information
185,185,True,,,,,,,
186,186,True,kickstarter_186,1,Yes,Do Not Sell My Personal Information| 1/1,Yes,Yes,Do not sell my personal information
187,187,True,,,,,,,
188,188,True,,,,,,,
189,189,True,,,,,,,
190,190,True,,,,,,,
191,191,True,,,,,,,
192,192,True,,,,,,,
193,193,True,,,,,,,
194,194,True,,,,,,,
195,195,True,,,,,,,
196,196,True,,,,,,,
197,197,True,,,,,,,
198,198,True,hillspet_198,1,Yes,Do Not Sell My Personal Information| 1/1,Yes,Yes,Do not sell my personal information
199,199,True,,,,,,,
200,200,True,,,,,,,
201,201,True,,,,,,,
202,202,True,,,,,,,
203,203,True,,,,,,,
204,204,True,,,,,,,
205,205,True,petfinder_205,1,Yes,sHARE MY PERSONAL INFORMATION| 1/1,Yes,Yes,Do not sell or share my personal information
206,206,True,,,,,,,
207,207,True,,,,,,,
208,208,True,,,,,,,
209,209,True,,,,,,,
210,210,True,,,,,,,
211,211,True,,,,,,,
212,212,True,,,,,,,
213,213,True,,,,,,,
214,214,True,backyardchickens_214,1,Yes,ellor share my personalinformation| 1/1,Yes,Yes,Do not sell or share my personal information
215,215,True,dogster_215,1,Yes,DO NOTSELL MY INFORMATION| 1,Yes,Yes,Do not sell my personal information
216,216,True,,,,,,,
217,217,True,com_217,1,Yes,ellor share my personalinformation| 1/1,Yes,Yes,Do not sell or share my personal information
218,218,True,thedodo_218,1,Yes,ell or Share My Personal Information| 1/1,Yes,Yes,Do not sell or share my personal information
219,219,True,,,,,,,
220,220,True,,,,,,,
221,221,True,,,,,,,
222,222,True,,,,,,,
223,223,True,,,,,,,
224,224,False,,,,,,,
225,225,True,barnesandnoble_225,1,Yes,Do Not Sell My Personal Information| 1/1,Yes,Yes,Do not sell my personal information
226,226,True,,,,,,,
227,227,True,,,,,,,
228,228,True,,,,,,,
229,229,True,,,,,,,
230,230,True,,,,,,,
231,231,True,,,,,,,
232,232,True,,,,,,,
233,233,True,chegg_233,1,Yes,"DO NOTSELL MY INFO| ""1",Yes,Yes,Do not sell my personal information
234,234,True,,,,,,,
235,235,True,scholastic_235,1,Yes,Do Not Sell My Info| Wi,Yes,Yes,Do not sell my personal information
236,236,True,,,,,,,
237,237,True,,,,,,,
238,238,True,publishersweekly_238,1,Yes,Do Not Sell] Wi,Yes,Yes,Do not sell my personal information
239,239,True,,,,,,,
240,240,True,,,,,,,
241,241,True,,,,,,,
242,242,True,,,,,,,
243,243,True,,,,,,,
244,244,True,,,,,,,
245,245,True,,,,,,,
246,246,True,,,,,,,
247,247,True,,,,,,,
248,248,True,,,,,,,
249,249,True,,,,,,,
250,250,True,,,,,,,
251,251,True,,,,,,,
252,252,True,kobo_252,1,Yes,Information (Personal Data Opt-out)| 1/1,Yes,Yes,Do not sell or share my personal information
253,253,True,com_253,,Check,"ot sell]

o/o",Yes,No,
254,254,True,,,,,,,
255,255,True,com_255,1,Yes,Do not sell my personal information| 1/1,Yes,Yes,Do not sell my personal information
256,256,True,,,,,,,
257,257,True,,,,,,,
258,258,True,oreilly_258,1,Yes,TSELL MY PERSONAL INFORMATION| 1/1,Yes,Yes,Do not sell my personal information
259,259,True,bkstr_259,1,Yes,"Do Not Sell My Info - CA only,

""1",Yes,Yes,California residents: do not sell my info
260,260,True,,,,,,,
261,261,True,cengage_261,1,Yes,DO NOTSELL Wi,Yes,Yes,Do not sell my personal information
262,262,True,,,,,,,
263,263,True,,,,,,,
264,264,True,,,,,,,
265,265,True,,,,,,,
266,266,True,,,,,,,
267,267,True,,,,,,,
268,268,True,,,,,,,
269,269,True,yellowpages_269,1,Yes,Do Not Sell My Personal Information| 1/1,Yes,Yes,Do not sell my personal information
270,270,True,,,,,,,
271,271,True,,,,,,,
272,272,True,,,,,,,
273,273,True,,,,,,,
274,274,True,angi_274,1,Yes,Do Not Sell] Wi,Yes,Yes,Do not sell my personal information
275,275,True,homeadvisor_275,1,Yes,Do Not Sell] Wi,Yes,Yes,Do not sell my personal information
276,276,True,superpages_276,1,Yes,Do Not Sell My Personal Information| 1/1,Yes,Yes,Do not sell my personal information
277,277,True,,,,,,,
278,278,True,,,,,,,
279,279,True,,,,,,,
280,280,True,addresses_280,1,Yes,Do not sell my info Wi,Yes,Yes,Do not sell my personal information
281,281,True,,,,,,,
282,282,True,,,,,,,
283,283,True,,,,,,,
284,284,True,,,,,,,
285,285,True,,,,,,,
286,286,True,,,,,,,
287,287,True,,,,,,,
288,288,True,,,,,,,
289,289,True,boattrader_289,1,Yes,Do Not Sell My Personal Information| 1/1,Yes,Yes,Do not sell my personal information
290,290,True,,,,,,,
291,291,True,,,,,,,
292,292,True,,,,,,,
293,293,True,com_293,1,Yes,Do Not Sell My information| Wi,Yes,Yes,Do not sell my personal information
294,294,True,groupon_294,2-Apr,Check,ell or Share My Personal information| 1/2,Yes,Yes,Do not sell or share my personal information
295,295,True,net_295,1,Yes,Do Not Sell My Personal Information| 1/1,Yes,Yes,Do not sell my personal information
296,296,True,retailmenot_296,1,Yes,Do Not Sell My Personal infomation| 1/1,Yes,Yes,Do not sell my personal information
297,297,True,,,,,,,
298,298,True,,,,,,,
299,299,True,rakuten_299,1,Yes,Information / Personal Data Opt-out] 1/1,Yes,Yes,
300,300,True,zulily_300,1,Yes,ell or Share My Personal Information| 1/1,Yes,Yes,Do not sell or share my personal information
301,301,True,com_301,1,Yes,Do not sell my personal information| 1/1,Yes,Yes,Do not sell my personal information
302,302,True,us_302,1,Yes,sHARE MY PERSONAL INFORMATION| 1/1,Yes,Yes,Do not sell or share my personal information
303,303,True,offers_303,1,Yes,Do Not Sell My Personal Information| 1/1,Yes,Yes,Do not sell my personal information
304,304,True,,,,,,,
305,305,True,,,,,,,
306,306,True,,,,,,,
307,307,True,,,,,,,
308,308,True,,,,,,,
309,309,True,,,,,,,
310,310,True,livingsocial_310,2-Apr,Check,ell or Share My Personal information| 1/2,Yes,Yes,Do not sell or share my personal information
311,311,True,net_311,1,Yes,Do Not Sell My Personal Information| 1/1,Yes,Yes,Do not sell my personal information
312,312,True,bizrate_312,1,Yes,Do Not Sell My Personal Information| 1/1,Yes,Yes,Do not sell my personal information
313,313,True,,,,,,,
314,314,True,,,,,,,
315,315,True,,,,,,,
316,316,True,rakuten_316,1,Yes,Information / Personal Data Opt-out] 1/1,Yes,Yes,Do not sell or share my personal information
317,317,True,,,,,,,
318,318,True,,,,,,,
319,319,True,mysimon_319,1,Yes,Do Not Sell My Personal Information| 1/1,Yes,Yes,Do not sell my personal information
320,320,True,,,,,,,
321,321,True,,,,,,,
322,322,True,,,,,,,
323,323,True,,,,,,,
324,324,True,,,,,,,
325,325,True,com_325,1,Yes,Do Not Sell My Personal Information| 1/1,Yes,Yes,Do not sell my personal information
326,326,True,,,,,,,
327,327,True,,,,,,,
328,328,True,,,,,,,
329,329,True,,,,,,,
330,330,True,,,,,,,
331,331,True,,,,,,,
332,332,True,,,,,,,
333,333,True,,,,,,,
334,334,True,dollardays_334,1,Yes,Do Not Sell My information| Wi,Yes,Yes,Do not sell my personal information
335,335,True,,,,,,,
336,336,True,,,,,,,
337,337,False,,,,,,,
338,338,True,,,,,,,
339,339,True,,,,,,,
340,340,True,,,,,,,
341,341,True,,,,,,,
342,342,True,,,,,,,
343,343,True,,,,,,,
344,344,True,,,,,,,
345,345,True,,,,,,,
346,346,True,,,,,,,
347,347,True,netflix_347,1,Yes,ell or Share My Personal Information| 1/1,Yes,Yes,Do not sell or share my personal information
348,348,True,,,,,,,
349,349,True,,,,,,,
350,350,True,,,,,,,
351,351,True,bestbuy_351,1,Yes,tSell/Share My Personal Information| 1/1,Yes,Yes,Do not sell or share my personal information
352,352,True,,,,,,,
353,353,True,homedepot_353,1,Yes,ell or Share My Personal Information| 1/1,Yes,Yes,Do not sell or share my personal information
354,354,True,,,,,,,
355,355,True,,,,,,,
356,356,True,groupon_356,2-Apr,Check,ell or Share My Personal information| 1/2,Yes,Yes,Do not sell or share my personal information
357,357,True,macys_357,1,Yes,ell or Share My Personal Information| 1/1,Yes,Yes,Do not sell or share my personal information
358,358,True,net_358,1,Yes,Do Not Sell My Personal Information| 1/1,Yes,Yes,Do not sell my personal information
359,359,True,lowes_359,1,Yes,tSell/Share My Personal Information| 1/1,Yes,Yes,Do not sell or share my personal information
360,360,True,,,,,,,
361,361,True,,,,,,,
362,362,True,,,,,,,
363,363,True,,,,,,,
364,364,True,kohls_364,1,Yes,sHARE MY PERSONAL INFORMATION| 1/1,Yes,Yes,Do not sell or share my personal information
365,365,True,jcpenney_365,1,Yes,Do Not Sell My Personal Information| 1/1,Yes,Yes,Do not sell my personal information
366,366,True,,,,,,,
367,367,True,,,,,,,
368,368,True,cabelas_368,1,Yes,Do Not Sell My Personal Information| 1/1,Yes,Yes,Do not sell my personal information
369,369,True,,,,,,,
370,370,True,,,,,,,
371,371,True,,,,,,,
372,372,True,bloomingdales_372,1,Yes,ell or Share My Personal Information| 1/1,Yes,Yes,Do not sell or share my personal information
373,373,True,neimanmarcus_373,1,Yes,Do Not Sell My Personal Information| 1/1,Yes,Yes,Do not sell my personal information
374,374,True,hsn_374,1,Yes,Do Not Sell My Personal Information| 1/1,Yes,Yes,Do not sell my personal information
375,375,True,biglots_375,1,Yes,Customers Only: Do Not Sell My Info| 1/1,Yes,Yes,California residents: do not sell my info
376,376,True,,,,,,,
377,377,True,belk_377,1,Yes,ell or Share My Personal Information| 1/1,Yes,Yes,Do not sell or share my personal information
378,378,True,burlington_378,1,Yes,ell or Share My Personal Information| 1/1,Yes,Yes,Do not sell or share my personal information
379,379,True,,,,,,,
380,380,True,horoscope_380,1,Yes,Do Not Sell My Info| Wi,Yes,Yes,Do not sell my personal information
381,381,True,space_381,1,Yes,Do not sell my info Wi,Yes,Yes,Do not sell my personal information
382,382,True,astrology_382,1,Yes,"DO NOTSELL MY INFO| ""1",Yes,Yes,Do not sell my personal information
383,383,True,,,,,,,
384,384,True,,,,,,,
385,385,True,,,,,,,
386,386,True,,,,,,,
387,387,True,tarot_387,1,Yes,Do Not Sell My Personal Information| 1/1,Yes,Yes,Do not sell my personal information
388,388,True,,,,,,,
389,389,True,,,,,,,
390,390,True,,,,,,,
391,391,True,,,,,,,
392,392,True,,,,,,,
393,393,True,,,,,,,
394,394,True,,,,,,,
395,395,True,sunsigns_395,1,Yes,Do Not Sell My Info| Wi,Yes,Yes,Do not sell my personal information
396,396,True,org_396,1,Yes,ellor share my personalinformation| 1/1,Yes,Yes,Do not sell or share my personal information
397,397,True,,,,,,,
398,398,True,,,,,,,
399,399,True,,,,,,,
400,400,True,,,,,,,
401,401,True,,,,,,,
402,402,True,biomedcentral_402,1,Yes,Manage cookies/Do not sell my data|_ 1/1,Yes,Yes,Do not sell my personal information
403,403,True,innerbody_403,1,Yes,Do Not Sell My Info| Wi,Yes,Yes,Do not sell my personal information
404,404,True,,,,,,,
405,405,True,,,,,,,
406,406,True,,,,,,,
407,407,True,,,,,,,
408,408,True,,,,,,,
409,409,True,,,,,,,
410,410,True,,,,,,,
411,411,True,,,,,,,
412,412,True,,,,,,,
413,413,True,,,,,,,
414,414,True,,,,,,,
415,415,True,,,,,,,
416,416,True,,,,,,,
417,417,True,,,,,,,
418,418,True,,,,,,,
419,419,True,,,,,,,
420,420,True,webqc_420,1,Yes,Do Not Sell My Personal Information| 1/1,Yes,Yes,Do not sell my personal information
421,421,True,webqc_421,1,Yes,Do Not Sell My Personal Information| 1/1,Yes,Yes,Do not sell my personal information
422,422,True,,,,,,,
423,423,True,,,,,,,
424,424,True,,,,,,,
425,425,True,livescience_425,1,Yes,Do not sell my info Wi,Yes,Yes,Do not sell my personal information
426,426,True,,,,,,,
427,427,True,,,,,,,
428,428,True,treehugger_428,1,Yes,Do Not Sell My Personal Information| 1/1,Yes,Yes,Do not sell my personal information
429,429,True,,,,,,,
430,430,True,,,,,,,
431,431,True,,,,,,,
432,432,True,,,,,,,
433,433,True,com_433,1,Yes,ell or Share My Personal Information| 1/1,Yes,Yes,Do not sell or share my personal information
434,434,True,,,,,,,
435,435,True,,,,,,,
436,436,True,,,,,,,
437,437,True,,,,,,,
438,438,True,,,,,,,
439,439,True,,,,,,,
440,440,True,,,,,,,
441,441,True,,,,,,,
442,442,True,,,,,,,
443,443,True,,,,,,,
444,444,True,,,,,,,
445,445,True,autodesk_445,1,Yes,iell or share my personal information| 1/1,Yes,Yes,Do not sell or share my personal information
446,446,True,space_446,1,Yes,Do not sell my info Wi,Yes,Yes,Do not sell my personal information
447,447,True,,,,,,,
448,448,True,,,,,,,
449,449,True,,,,,,,
450,450,True,,,,,,,
451,451,True,,,,,,,
452,452,True,,,,,,,
453,453,True,,,,,,,
454,454,True,d2l_454,1,Yes,Do Not Sell My Pl Wi,Yes,Yes,Do not sell my personal information
455,455,True,,,,,,,
456,456,True,,,,,,,
457,457,True,,,,,,,
458,458,True,,,,,,,
459,459,True,,,,,,,
460,460,True,,,,,,,
461,461,True,,,,,,,
462,462,True,,,,,,,
463,463,True,,,,,,,
464,464,True,,,,,,,
465,465,True,,,,,,,
466,466,True,,,,,,,
467,467,True,,,,,,,
468,468,True,,,,,,,
469,469,True,,,,,,,
470,470,True,,,,,,,
471,471,True,,,,,,,
472,472,True,,,,,,,
473,473,True,,,,,,,
474,474,True,,,,,,,
475,475,True,,,,,,,
476,476,True,,,,,,,
477,477,True,,,,,,,
478,478,True,,,,,,,
479,479,True,,,,,,,
480,480,True,,,,,,,
481,481,True,com_481,1,Yes,ellor share my personalinformation| 1/1,Yes,Yes,Do not sell or share my personal information
482,482,True,com_482,1,Yes,ellor share my personalinformation| 1/1,Yes,Yes,Do not sell or share my personal information
483,483,True,,,,,,,
484,484,True,,,,,,,
485,485,True,,,,,,,
486,486,True,,,,,,,
487,487,True,nbcsports_487,1,Yes,Do Not Sell My Personal Information| 1/1,Yes,Yes,Do not sell my personal information
488,488,True,,,,,,,
489,489,True,,,,,,,
490,490,True,nflshop_490,1,Yes,ell or Share My Personal Information| 1/1,Yes,Yes,Do not sell or share my personal information
491,491,True,,,,,,,
492,492,True,,,,,,,
493,493,True,active_493,13,Yes,Do Not Sell My Personal information| 1/3,Yes,Yes,Do not sell my personal information
494,494,True,,,,,,,
495,495,True,,,,,,,
496,496,True,,,,,,,
497,497,True,,,,,,,
498,498,True,mapmyrun_498,1,Yes,Do Not Sell My Personal Information| 1/1,Yes,Yes,Do not sell my personal information
499,499,True,espn_499,2-Apr,Check,ell or Share My Personal information| 1/2,Yes,Yes,Do not sell or share my personal information
500,500,True,,,,,,,
501,501,True,,,,,,,
502,502,True,,,,,,,
503,503,True,,,,,,,
504,504,True,,,,,,,
505,505,True,cbssports_505,1,Yes,TSELL MY PERSONAL INFORMATION| 1/1,Yes,Yes,Do not sell my personal information
506,506,True,,,,,,,
507,507,True,sbnation_507,1,Yes,o Not Sell or Share My Personal nfo| 1/1,Yes,Yes,Do not sell or share my personal information
508,508,True,,,,,,,
509,509,True,,,,,,,
510,510,True,,,,,,,
511,511,True,,,,,,,
512,512,True,,,,,,,
513,513,True,,,,,,,
514,514,True,,,,,,,
515,515,True,,,,,,,
516,516,True,,,,,,,
517,517,True,,,,,,,
518,518,True,,,,,,,
519,519,True,,,,,,,
520,520,True,,,,,,,
521,521,True,,,,,,,
522,522,False,,,,,,,
523,523,True,,,,,,,
524,524,True,,,,,,,
525,525,True,,,,,,,
526,526,True,,,,,,,
527,527,True,,,,,,,
528,528,True,,,,,,,
529,529,True,,,,,,,
530,530,True,,,,,,,
531,531,True,,,,,,,
532,532,True,,,,,,,
533,533,True,,,,,,,
534,534,True,,,,,,,
535,535,True,,,,,,,
536,536,True,,,,,,,
537,537,True,southwest_537,1,Yes,tSell/Share My Personal Information| 1/1,Yes,Yes,Do not sell or share my personal information
538,538,True,,,,,,,
539,539,True,,,,,,,
540,540,True,,,,,,,
541,541,True,,,,,,,
542,542,True,jetblue_542,1,Yes,Do not sell my info Wi,Yes,Yes,Do not sell my personal information
543,543,True,,,,,,,
544,544,True,,,,,,,
545,545,True,,,,,,,
546,546,True,,,,,,,
547,547,True,,,,,,,
548,548,True,,,,,,,
549,549,True,,,,,,,
550,550,True,lufthansa_550,1,Yes,CCPA / Do Not Sell My Info| Wi,Yes,Yes,Do not sell my personal information
551,551,True,,,,,,,
552,552,True,kayak_552,1,Yes,Do Not Sell or Share My Info| Wi,Yes,Yes,Do not sell or share my personal information
553,553,True,,,,,,,
554,554,True,lonelyplanet_554,1,Yes,ell or Share My Personal Information| 1/1,Yes,Yes,Do not sell or share my personal information
555,555,True,skyscanner_555,1,Yes,Do Not Sell My Personal Information| 1/1,Yes,Yes,Do not sell my personal information
556,556,True,hotwire_556,1,Yes,Do Not Sell My Personal Information| 1/1,Yes,Yes,Do not sell my personal information
557,557,True,cheapoair_557,1,Yes,Do Not Sell My Personal Information| 1/1,Yes,Yes,Do not sell my personal information
558,558,True,,,,,,,
559,559,True,travelzoo_559,1,Yes,sHARE MY PERSONAL INFORMATION| 1/1,Yes,Yes,Do not sell or share my personal information
560,560,True,,,,,,,
561,561,True,,,,,,,
562,562,True,,,,,,,
563,563,True,,,,,,,
564,564,True,airfarewatchdog_564,,Check,,Yes,No,
565,565,True,,,,,,,
566,566,True,onetravel_566,1,Yes,Do Not Sell My Personal Information| 1/1,Yes,Yes,Do not sell my personal information
567,567,True,,,,,,,
568,568,True,,,,,,,
569,569,True,,,,,,,
570,570,True,,,,,,,
571,571,True,hilton_571,1,Yes,Do Not Sell My Personal Information| 1/1,Yes,Yes,Do not sell my personal information
572,572,True,ihg_572,1,Yes,ell or Share My Personal Information| 1/1,Yes,Yes,Do not sell or share my personal information
573,573,True,,,,,,,
574,574,True,agoda_574,1,Yes,ell or Share My Personal Information| 1/1,Yes,Yes,Do not sell or share my personal information
575,575,True,,,,,,,
576,576,True,choicehotels_576,1,Yes,Do Not Sell My Personal Information| 1/1,Yes,Yes,Do not sell my personal information
577,577,True,,,,,,,
578,578,True,,,,,,,
579,579,True,thrillist_579,1,Yes,ell or Share My Personal Information| 1/1,Yes,Yes,Do not sell or share my personal information
580,580,True,timeout_580,1,Yes,Do not sell my information| Wi,Yes,Yes,Do not sell my personal information
581,581,True,,,,,,,
582,582,True,travelandleisure_582,1,Yes,"DoNo ""1",Yes,Yes,Do not sell my personal information
583,583,True,,,,,,,
584,584,True,,,,,,,
585,585,True,,,,,,,
586,586,True,,,,,,,
587,587,True,,,,,,,
588,588,True,,,,,,,
589,589,True,,,,,,,
590,590,True,,,,,,,
591,591,True,southernliving_591,1,Yes,Do Not Sell My Personal Information| 1/1,Yes,Yes,Do not sell my personal information
592,592,True,,,,,,,
593,593,True,bestbuy_593,1,Yes,tSell/Share My Personal Information| 1/1,Yes,Yes,Do not sell or share my personal information
594,594,True,lg_594,1,Yes,ell or Share My Personal Information| 1/1,Yes,Yes,Do not sell or share my personal information
595,595,True,,,,,,,
596,596,True,panasonic_596,1,Yes,Do Not Sell My Datal Wi,Yes,Yes,Do not sell my personal information
597,597,True,samsung_597,1,Yes,ell or Share My Personal information| 1/1,Yes,Yes,Do not sell or share my personal information
598,598,True,,,,,,,
599,599,True,geappliances_599,1,Yes,ell Or Share My Personal Information| 1/1,Yes,Yes,Do not sell or share my personal information
600,600,True,,,,,,,
601,601,True,,,,,,,
602,602,True,whirlpool_602,1,Yes,ell Or Share My Personal Information| 1/1,Yes,Yes,Do not sell or share my personal information
603,603,True,abt_603,1,Yes,Do Not Sell My Personal Information| 1/1,Yes,Yes,Do not sell my personal information
604,604,True,,,,,,,
605,605,True,,,,,,,
606,606,True,,,,,,,
607,607,True,,,,,,,
608,608,True,,,,,,,
609,609,True,,,,,,,
610,610,True,,,,,,,
611,611,True,,,,,,,
612,612,True,,,,,,,
613,613,True,cdw_613,1,Yes,sonal Information - Currently Sharing] 1/1,Yes,Yes,Do not sell or share my personal information
614,614,True,,,,,,,
615,615,True,,,,,,,
616,616,True,,,,,,,
617,617,True,,,,,,,
618,618,True,,,,,,,
619,619,True,,,,,,,
620,620,True,,,,,,,
621,621,True,com_621,1,Yes,Do Not Sell My Personal Information| 1/1,Yes,Yes,Do not sell my personal information
622,622,True,microcenter_622,1,Yes,Do Not Sell My information| Wi,Yes,Yes,Do not sell my personal information
623,623,True,,,,,,,
624,624,True,,,,,,,
625,625,True,,,,,,,
626,626,True,,,,,,,
627,627,True,,,,,,,
628,628,True,avg_628,1,Yes,Do not sell my info Wi,Yes,Yes,Do not sell my personal information
629,629,True,norton_629,1,Yes,to Not Sell or Share My Personal Data|_ 1/1,Yes,Yes,Do not sell or share my personal information
630,630,True,,,,,,,
631,631,True,avast_631,1,Yes,Do not sell my info Wi,Yes,Yes,Do not sell my personal information
632,632,True,com_632,1,Yes,3ell My Personal Information request] 1/1,Yes,Yes,
633,633,True,,,,,,,
634,634,True,,,,,,,
635,635,True,eset_635,1,Yes,iell or share my personal information| 1/1,Yes,Yes,Do not sell or share my personal information
636,636,True,avira_636,1,Yes,to Not Sell or Share My Personal Data|_ 1/1,Yes,Yes,Do not sell or share my personal information
637,637,True,,,,,,,
638,638,True,,,,,,,
639,639,True,,,,,,,
640,640,True,,,,,,,
641,641,True,,,,,,,
642,642,True,,,,,,,
643,643,True,,,,,,,
644,644,True,,,,,,,
645,645,True,,,,,,,
646,646,True,,,,,,,
647,647,True,adobe_647,1,Yes,iell or share my personal information| 1/1,Yes,Yes,Do not sell or share my personal information
648,648,True,,,,,,,
649,649,True,,,,,,,
650,650,True,,,,,,,
651,651,True,,,,,,,
652,652,True,,,,,,,
653,653,True,,,,,,,
654,654,True,,,,,,,
655,655,True,,,,,,,
656,656,True,oracle_656,1,Yes,Do Not Sell My Info| Wi,Yes,Yes,Do not sell my personal information
657,657,True,,,,,,,
658,658,True,,,,,,,
659,659,True,,,,,,,
660,660,True,,,,,,,
661,661,True,,,,,,,
662,662,True,,,,,,,
663,663,True,,,,,,,
664,664,True,cnet_664,1,Yes,ell or Share My Personal Information| 1/1,Yes,Yes,Do not sell or share my personal information
665,665,True,,,,,,,
666,666,True,theverge_666,1,Yes,SELL OR SHARE MY PERSONAL INFO| 1/1,Yes,Yes,Do not sell or share my personal information
667,667,True,,,,,,,
668,668,True,,,,,,,
669,669,True,,,,,,,
670,670,True,digitaltrends_670,1,Yes,Do Not Sell or Share My Information| 1/1,Yes,Yes,Do not sell or share my personal information
671,671,True,imore_671,1,Yes,Do not sell my info Wi,Yes,Yes,Do not sell my personal information
672,672,True,,,,,,,
673,673,True,tomsguide_673,1,Yes,Do not sell my info Wi,Yes,Yes,Do not sell my personal information
674,674,True,,,,,,,
675,675,True,consumerreports_675,1,Yes,ell or Share My Personal Information| 1/1,Yes,Yes,Do not sell or share my personal information
676,676,True,,,,,,,
677,677,True,toptenreviews_677,1,Yes,Do not sell my info Wi,Yes,Yes,Do not sell my personal information
678,678,True,,,,,,,
679,679,True,,,,,,,
680,680,True,vox_680,1,Yes,o Not Sell or Share My Personal nfo| 1/1,Yes,Yes,Do not sell or share my personal information
681,681,True,,,,,,,
682,682,True,,,,,,,
683,683,True,,,,,,,
684,684,True,,,,,,,
685,685,True,,,,,,,
686,686,True,,,,,,,
687,687,True,hm_687,1,Yes,Â© Not Sell Or Share My Personal Data| 1/1,Yes,Yes,Do not sell or share my personal information
688,688,True,victoriassecret_688,1,Yes,ell or Share My Personal Information| 1/1,Yes,Yes,Do not sell or share my personal information
689,689,True,footlocker_689,1,Yes,ell or Share my Personal Information| 1/1,Yes,Yes,Do not sell or share my personal information
690,690,True,,,,,,,
691,691,True,,,,,,,
692,692,True,,,,,,,
693,693,True,,,,,,,
694,694,True,urbanoutfitters_694,1,Yes,Do Not Sell My Info| Wi,Yes,Yes,Do not sell my personal information
695,695,True,,,,,,,
696,696,True,,,,,,,
697,697,True,,,,,,,
698,698,True,,,,,,,
699,699,True,,,,,,,
700,700,True,ae_700,1,Yes,ell or Share My Personal Information| 1/1,Yes,Yes,Do not sell or share my personal information
701,701,True,,,,,,,
702,702,True,zulily_702,1,Yes,ell or Share My Personal Information| 1/1,Yes,Yes,Do not sell or share my personal information
703,703,True,pandora_703,1,Yes,ell or Share My Personal Information| 1/1,Yes,Yes,Do not sell or share my personal information
704,704,True,ralphlauren_704,1,Yes,Do Not Sell My Personal Information| 1/1,Yes,Yes,Do not sell my personal information
705,705,True,,,,,,,
706,706,True,,,,,,,
707,707,True,,,,,,,
708,708,True,,,,,,,
709,709,True,fossil_709,1,Yes,Do Not Sell My Info| Wi,Yes,Yes,Do not sell my personal information
710,710,True,,,,,,,
711,711,True,,,,,,,
712,712,True,,,,,,,
713,713,True,,,,,,,
714,714,True,,,,,,,
715,715,True,,,,,,,
716,716,True,,,,,,,
717,717,True,,,,,,,
718,718,True,,,,,,,
719,719,True,tiffany_719,1,Yes,Do Not Sell My Personal Information| 1/1,Yes,Yes,Do not sell my personal information
720,720,True,,,,,,,
721,721,True,victoriassecret_721,1,Yes,ell or Share My Personal Information| 1/1,Yes,Yes,Do not sell or share my personal information
722,722,True,yandy_722,1,Yes,ell or Share My Personal Information| 1/1,Yes,Yes,Do not sell or share my personal information
723,723,True,venus_723,1,Yes,\-DO NOTSELL MY PERSONAL INFO| 1/1,Yes,Yes,Do not sell my personal information
724,724,True,,,,,,,
725,725,True,,,,,,,
726,726,True,,,,,,,
727,727,True,,,,,,,
728,728,True,,,,,,,
729,729,True,,,,,,,
730,730,True,,,,,,,
731,731,True,,,,,,,
732,732,True,,,,,,,
733,733,True,3wishes_733,1,Yes,not sell my personal information| Wi,Yes,Yes,Do not sell my personal information
734,734,True,,,,,,,
735,735,True,,,,,,,
736,736,True,,,,,,,
737,737,True,com_737,1,Yes,Do not sell my personal information| 1/1,Yes,Yes,Do not sell my personal information
738,738,True,josbank_738,1,Yes,sHARE MY PERSONAL INFORMATION| 1/1,Yes,Yes,Do not sell or share my personal information
739,739,True,,,,,,,
740,740,True,,,,,,,
741,741,True,,,,,,,
742,742,True,,,,,,,
743,743,True,,,,,,,
744,744,True,,,,,,,
745,745,True,,,,,,,
746,746,True,,,,,,,
747,747,True,,,,,,,
748,748,False,,,,,,,
749,749,True,,,,,,,
750,750,True,,,,,,,
751,751,True,,,,,,,
752,752,True,,,,,,,
753,753,True,,,,,,,
754,754,True,,,,,,,
755,755,True,haggar_755,1,Yes,ell or Share My Personal Information| 1/1,Yes,Yes,Do not sell or share my personal information
756,756,True,,,,,,,
757,757,True,sorel_757,1,Yes,fornia Residents: Do Not Sell My Info| 1/1,Yes,Yes,California residents: do not sell my info
758,758,True,underarmour_758,1,Yes,Do Not Sell My Personal Information| 1/1,Yes,Yes,Do not sell my personal information
759,759,True,dsw_759,1,Yes,ell or Share My Personal Information| 1/1,Yes,Yes,Do not sell or share my personal information
760,760,True,prana_760,1,Yes,fornia Residents: Do Not Sell My Info| 1/1,Yes,Yes,California residents: do not sell my info
761,761,True,finishline_761,1,Yes,ell or Share My Personal Information| 1/1,Yes,Yes,Do not sell or share my personal information
762,762,True,famousfootwear_762,1,Yes,ell or Share My Personal Information| 1/1,Yes,Yes,Do not sell or share my personal information
763,763,True,,,,,,,
764,764,True,,,,,,,
765,765,True,,,,,,,
766,766,True,colehaan_766,1,Yes,Do not sell my info Wi,Yes,Yes,Do not sell my personal information
767,767,True,,,,,,,
768,768,True,ray-ban_768,1,Yes,TSELL MY PERSONAL INFORMATION| 1/1,Yes,Yes,Do not sell my personal information
769,769,True,sunglasshut_769,1,Yes,Do Not Sell My Personal Information| 1/1,Yes,Yes,Do not sell my personal information
770,770,True,,,,,,,
771,771,True,oakley_771,1,Yes,Do not sell my personal information| 1/1,Yes,Yes,Do not sell my personal information
772,772,True,,,,,,,
773,773,True,,,,,,,
774,774,True,,,,,,,
775,775,True,glasses_775,1,Yes,Do Not Sell My Personal Information| 1/1,Yes,Yes,Do not sell my personal information
776,776,True,,,,,,,
777,777,True,,,,,,,
778,778,True,,,,,,,
779,779,True,,,,,,,
780,780,True,,,,,,,
781,781,True,,,,,,,
782,782,True,,,,,,,
783,783,True,,,,,,,
784,784,True,,,,,,,
785,785,True,,,,,,,
786,786,True,airforce_786,2-Apr,Check,ell or Share My Personal information| 1/2,Yes,Yes,Do not sell or share my personal information
787,787,True,,,,,,,
788,788,True,,,,,,,
789,789,True,,,,,,,
790,790,True,kbb_790,1,Yes,Do Not Sell My Personal Information| 1/1,Yes,Yes,Do not sell my personal information
791,791,True,edmunds_791,1,Yes,ell or Share My Personal Information| 1/1,Yes,Yes,Do not sell or share my personal information
792,792,True,cargurus_792,1,Yes,Do Not Sell My Personal Information| 1/1,Yes,Yes,Do not sell my personal information
793,793,True,,,,,,,
794,794,True,,,,,,,
795,795,True,cars_795,1,Yes,Do Not Sell My Personal Information| 1/1,Yes,Yes,Do not sell my personal information
796,796,True,carmax_796,1,Yes,Do Not Sell or Share My Information| 1/1,Yes,Yes,Do not sell or share my personal information
797,797,True,,,,,,,
798,798,True,truecar_798,1,Yes,Do Not Sell My Personal Information| 1/1,Yes,Yes,Do not sell my personal information
799,799,True,,,,,,,
800,800,True,jdpower_800,1,Yes,Do Not Sell or Share My Information| 1/1,Yes,Yes,Do not sell or share my personal information
801,801,True,,,,,,,
802,802,True,,,,,,,
803,803,True,,,,,,,
804,804,True,autobytel_804,1,Yes,Do Not Sell My information| Wi,Yes,Yes,Do not sell my personal information
805,805,True,,,,,,,
806,806,True,,,,,,,
807,807,True,,,,,,,
808,808,True,,,,,,,
809,809,True,,,,,,,
810,810,True,,,,,,,
811,811,True,,,,,,,
812,812,True,nissanusa_812,1,Yes,Do Not Sell My Personal Information| 1/1,Yes,Yes,Do not sell my personal information
813,813,True,mbusa_813,1,Yes,Do Not Sell My Personal Information| 1/1,Yes,Yes,Do not sell my personal information
814,814,True,,,,,,,
815,815,True,,,,,,,
816,816,True,bmwusa_816,1,Yes,Do Not Sell My Personal Information| 1/1,Yes,Yes,Do not sell my personal information
817,817,True,,,,,,,
818,818,True,,,,,,,
819,819,True,,,,,,,
820,820,True,audiusa_820,1,Yes,ell or Share My Personal Information| 1/1,Yes,Yes,Do not sell or share my personal information
821,821,True,porsche_821,1,Yes,ell or Share My Personal Information| 1/1,Yes,Yes,Do not sell or share my personal information
822,822,True,,,,,,,
823,823,True,subaru_823,1,Yes,ell or Share My Personal Information| 1/1,Yes,Yes,Do not sell or share my personal information
824,824,True,vw_824,1,Yes,ell or Share My Personal Information| 1/1,Yes,Yes,Do not sell or share my personal information
825,825,True,mazdausa_825,1,Yes,sHARE MY PERSONAL INFORMATION| 1/1,Yes,Yes,Do not sell or share my personal information
826,826,True,volvocars_826,1,Yes,ell or Share My Personal Information| 1/1,Yes,Yes,Do not sell or share my personal information
827,827,True,,,,,,,
828,828,True,,,,,,,
829,829,True,,,,,,,
830,830,True,,,,,,,
831,831,True,,,,,,,
832,832,True,,,,,,,
833,833,True,boatshop24_833,1,Yes,Do Not Sell My Personal Information| 1/1,Yes,Yes,Do not sell my personal information
834,834,True,boattrader_834,1,Yes,Do Not Sell My Personal Information| 1/1,Yes,Yes,Do not sell my personal information
835,835,True,pursuitboats_835,,Check,"ot sell]

o/o",Yes,No,
836,836,True,yachtworld_836,1,Yes,Do Not Sell My Personal Information| 1/1,Yes,Yes,Do not sell my personal information
837,837,True,,,,,,,
838,838,True,ulta_838,1,Yes,Do Not Sell My Personal Information| 1/1,Yes,Yes,Do not sell my personal information
839,839,True,,,,,,,
840,840,True,,,,,,,
841,841,True,,,,,,,
842,842,True,,,,,,,
843,843,True,,,,,,,
844,844,True,maccosmetics_844,1,Yes,NALINFORMATION / TARGETED ADS| 1/1,Yes,Yes,Do not sell or share my personal information
845,845,True,racked_845,1,Yes,o Not Sell or Share My Personal nfo| 1/1,Yes,Yes,Do not sell or share my personal information
846,846,True,,,,,,,
847,847,True,,,,,,,
848,848,True,,,,,,,
849,849,True,,,,,,,
850,850,True,greatclips_850,1,Yes,ell or Share My Personal Information| 1/1,Yes,Yes,Do not sell or share my personal information
851,851,True,,,,,,,
852,852,True,,,,,,,
853,853,True,,,,,,,
854,854,True,,,,,,,
855,855,True,ipsy_855,1,Yes,Do Not Sell] Wi,Yes,Yes,Do not sell my personal information
856,856,True,,,,,,,
857,857,True,refinery29_857,1,Yes,Do Not Sell or Share My Info| Wi,Yes,Yes,Do not sell or share my personal information
858,858,True,,,,,,,
859,859,True,fashionbeans_859,1,Yes,ellor share my personalinformation| 1/1,Yes,Yes,Do not sell or share my personal information
860,860,True,,,,,,,
861,861,True,,,,,,,
862,862,True,marieclaire_862,1,Yes,"DO NOTSELL MY INFO| ""1",Yes,Yes,Do not sell my personal information
863,863,True,,,,,,,
864,864,True,com_864,1,Yes,Do Not Sell My Personal Information| 1/1,Yes,Yes,Do not sell my personal information
865,865,True,instyle_865,1,Yes,Do Not Sell My Personal Information| 1/1,Yes,Yes,Do not sell my personal information
866,866,True,,,,,,,
867,867,True,,,,,,,
868,868,True,,,,,,,
869,869,True,,,,,,,
870,870,True,,,,,,,
871,871,True,,,,,,,
872,872,True,lifeandstylemag_872,1,Yes,Do Not Sell] Wi,Yes,Yes,Do not sell my personal information
873,873,True,,,,,,,
874,874,True,,,,,,,
875,875,True,,,,,,,
876,876,True,racked_876,1,Yes,o Not Sell or Share My Personal nfo| 1/1,Yes,Yes,Do not sell or share my personal information
877,877,True,,,,,,,
878,878,True,,,,,,,
879,879,True,,,,,,,
880,880,True,blackboard_880,1,Yes,Do Not Sell My Pl Wi,Yes,Yes,Do not sell my personal information
881,881,True,,,,,,,
882,882,True,,,,,,,
883,883,True,,,,,,,
884,884,True,,,,,,,
885,885,True,,,,,,,
886,886,True,,,,,,,
887,887,True,,,,,,,
888,888,True,sparknotes_888,1,Yes,Do Not Sell My Personal Information| 1/1,Yes,Yes,Do not sell my personal information
889,889,True,,,,,,,
890,890,True,,,,,,,
891,891,True,,,,,,,
892,892,True,chegg_892,1,Yes,"DO NOTSELL MY INFO| ""1",Yes,Yes,Do not sell my personal information
893,893,True,,,,,,,
894,894,True,,,,,,,
895,895,True,,,,,,,
896,896,True,,,,,,,
897,897,True,,,,,,,
898,898,True,,,,,,,
899,899,True,,,,,,,
900,900,True,,,,,,,
901,901,True,,,,,,,
902,902,True,,,,,,,
903,903,True,,,,,,,
904,904,True,dice_904,1,Yes,Do Not Sell My Personal Information| 1/1,Yes,Yes,Do not sell my personal information
905,905,True,,,,,,,
906,906,True,,,,,,,
907,907,True,,,,,,,
908,908,True,,,,,,,
909,909,True,,,,,,,
910,910,True,,,,,,,
911,911,True,,,,,,,
912,912,True,,,,,,,
913,913,True,,,,,,,
914,914,True,,,,,,,
915,915,True,,,,,,,
916,916,True,,,,,,,
917,917,True,,,,,,,
918,918,True,,,,,,,
919,919,True,glassdoor_919,1,Yes,Do Not Sell Or Share My Information| 1/1,Yes,Yes,Do not sell or share my personal information
920,920,True,,,,,,,
921,921,True,,,,,,,
922,922,True,,,,,,,
923,923,True,,,,,,,
924,924,True,snagajob_924,1,Yes,ell or Share My Personal Information| 1/1,Yes,Yes,Do not sell or share my personal information
925,925,True,careerbuilder_925,1,Yes,Do Not Sell My Personal Information| 1/1,Yes,Yes,Do not sell my personal information
926,926,True,salary_926,1,Yes,Do Not Sell or Share My Information| 1/1,Yes,Yes,Do not sell or share my personal information
927,927,True,,,,,,,
928,928,True,,,,,,,
929,929,True,,,,,,,
930,930,True,,,,,,,
931,931,True,,,,,,,
932,932,True,,,,,,,
933,933,True,governmentjobs_933,1,Yes,Do not sell my personal information| 1/1,Yes,Yes,Do not sell my personal information
934,934,True,livecareer_934,1,Yes,Do Not Sell or Share My Info| Wi,Yes,Yes,Do not sell or share my personal information
935,935,True,,,,,,,
936,936,True,,,,,,,
937,937,True,instructables_937,1,Yes,iell or share my personal information| 1/1,Yes,Yes,Do not sell or share my personal information
938,938,True,,,,,,,
939,939,True,,,,,,,
940,940,True,,,,,,,
941,941,True,,,,,,,
942,942,True,edx_942,1,Yes,Do Not Sell My Personal Information| 1/1,Yes,Yes,Do not sell my personal information
943,943,True,,,,,,,
944,944,True,codecademy_944,1,Yes,Do Not Sell My Personal Information| 1/1,Yes,Yes,Do not sell my personal information
945,945,True,,,,,,,
946,946,True,,,,,,,
947,947,True,,,,,,,
948,948,True,,,,,,,
949,949,True,,,,,,,
950,950,True,,,,,,,
951,951,True,,,,,,,
952,952,True,,,,,,,
953,953,True,,,,,,,
954,954,True,,,,,,,
955,955,True,,,,,,,
956,956,True,,,,,,,
957,957,True,,,,,,,
958,958,True,,,,,,,
959,959,True,netflix_959,1,Yes,ell or Share My Personal Information| 1/1,Yes,Yes,Do not sell or share my personal information
960,960,True,com_960,1,Yes,ell or Share My Personal Information| 1/1,Yes,Yes,Do not sell or share my personal information
961,961,True,twitch_961,,Check,"ot sell]

o/o",Yes,No,
962,962,True,bbc_962,1,Yes,AdChoices / Do Not Sell My Info| Wi,Yes,Yes,Do not sell my personal information
963,963,True,,,,,,,
964,964,True,,,,,,,
965,965,True,,,,,,,
966,966,True,,,,,,,
967,967,True,,,,,,,
968,968,True,,,,,,,
969,969,True,,,,,,,
970,970,True,,,,,,,
971,971,True,,,,,,,
972,972,True,,,,,,,
973,973,True,com_973,1,Yes,Do Not Sell My Personal Information| 1/1,Yes,Yes,Do not sell my personal information
974,974,True,,,,,,,
975,975,True,,,,,,,
976,976,True,,,,,,,
977,977,True,,,,,,,
978,978,True,,,,,,,
979,979,True,,,,,,,
980,980,True,,,,,,,
981,981,True,,,,,,,
982,982,True,last_982,1,Yes,Do Not Sell My Personal Information| 1/1,Yes,Yes,Do not sell my personal information
983,983,True,,,,,,,
984,984,True,,,,,,,
985,985,True,,,,,,,
986,986,True,,,,,,,
987,987,True,,,,,,,
988,988,True,,,,,,,
989,989,True,,,,,,,
990,990,True,,,,,,,
991,991,True,cinemark_991,1,Yes,Do Not Sell My Personal Information| 1/1,Yes,Yes,Do not sell my personal information
992,992,True,,,,,,,
993,993,True,livenation_993,1,Yes,ell or Share My Personal Information| 1/1,Yes,Yes,Do not sell or share my personal information
994,994,True,vividseats_994,1,Yes,Do Not Sell or Share My Information| 1/1,Yes,Yes,Do not sell or share my personal information
995,995,True,,,,,,,
996,996,True,,,,,,,
997,997,True,,,,,,,
998,998,True,,,,,,,
999,999,True,,,,,,,
1000,1000,True,,,,,,,
1001,1001,True,,,,,,,
1002,1002,True,,,,,,,
1003,1003,True,,,,,,,
1004,1004,True,,,,,,,
1005,1005,True,,,,,,,
1006,1006,True,,,,,,,
1007,1007,True,,,,,,,
1008,1008,True,,,,,,,
1009,1009,True,,,,,,,
1010,1010,True,,,,,,,
1011,1011,True,,,,,,,
1012,1012,True,,,,,,,
1013,1013,True,,,,,,,
1014,1014,True,,,,,,,
1015,1015,True,forbes_1015,1,Yes,ell or Share My Personal Information| 1/1,Yes,Yes,Do not sell or share my personal information
1016,1016,True,,,,,,,
1017,1017,True,wsj_1017,1,Yes,ell or Share My Personal Information| 1/1,Yes,Yes,Do not sell or share my personal information
1018,1018,True,,,,,,,
1019,1019,True,,,,,,,
1020,1020,True,,,,,,,
1021,1021,True,,,,,,,
1022,1022,True,cnbc_1022,1,Yes,Do Not Sell My Personal Information| 1/1,Yes,Yes,Do not sell my personal information
1023,1023,True,,,,,,,
1024,1024,True,,,,,,,
1025,1025,True,,,,,,,
1026,1026,True,com_1026,1,Yes,Do Not Sell My Personal Information| 1/1,Yes,Yes,Do not sell my personal information
1027,1027,True,com_1027,1,Yes,tSell/Share My Personal Information| 1/1,Yes,Yes,Do not sell or share my personal information
1028,1028,True,inc_1028,1,Yes,"DO NOTSELL MY DATA ""1",Yes,Yes,Do not sell my personal information
1029,1029,True,,,,,,,
1030,1030,True,,,,,,,
1031,1031,True,,,,,,,
1032,1032,True,,,,,,,
1033,1033,True,,,,,,,
1034,1034,True,,,,,,,
1035,1035,True,,,,,,,
1036,1036,True,,,,,,,
1037,1037,True,,,,,,,
1038,1038,True,,,,,,,
1039,1039,True,,,,,,,
1040,1040,True,,,,,,,
1041,1041,True,citi_1041,1,Yes,ell or Share My Personal Information| 1/1,Yes,Yes,Do not sell or share my personal information
1042,1042,True,,,,,,,
1043,1043,True,,,,,,,
1044,1044,True,,,,,,,
1045,1045,True,,,,,,,
1046,1046,True,citi_1046,1,Yes,ell or Share My Personal Information| 1/1,Yes,Yes,Do not sell or share my personal information
1047,1047,True,,,,,,,
1048,1048,True,,,,,,,
1049,1049,True,,,,,,,
1050,1050,True,,,,,,,
1051,1051,True,,,,,,,
1052,1052,True,,,,,,,
1053,1053,True,,,,,,,
1054,1054,True,forbes_1054,1,Yes,ell or Share My Personal Information| 1/1,Yes,Yes,Do not sell or share my personal information
1055,1055,True,,,,,,,
1056,1056,True,,,,,,,
1057,1057,True,,,,,,,
1058,1058,True,,,,,,,
1059,1059,True,,,,,,,
1060,1060,True,,,,,,,
1061,1061,True,,,,,,,
1062,1062,True,,,,,,,
1063,1063,True,statefarm_1063,2-Feb,Check,onal Information (CA residents only)|_ 2/2,Yes,Yes,Do not sell or share my personal information(CA residents only)
1064,1064,True,,,,,,,
1065,1065,True,,,,,,,
1066,1066,True,progressive_1066,1,Yes,onal Information (CA Residents Only)| 1/1,Yes,Yes,Do not sell or share my personal information(CA residents only)
1067,1067,True,,,,,,,
1068,1068,True,,,,,,,
1069,1069,True,,,,,,,
1070,1070,True,,,,,,,
1071,1071,True,,,,,,,
1072,1072,True,,,,,,,
1073,1073,True,,,,,,,
1074,1074,True,,,,,,,
1075,1075,True,,,,,,,
1076,1076,True,,,,,,,
1077,1077,True,org_1077,1,Yes,Do Not Sell My Personal Information| 1/1,Yes,Yes,Do not sell my personal information
1078,1078,True,,,,,,,
1079,1079,True,,,,,,,
1080,1080,True,,,,,,,
1081,1081,True,,,,,,,
1082,1082,True,,,,,,,
1083,1083,True,,,,,,,
1084,1084,True,niche_1084,1,Yes,Do Not Sell My Personal Information| 1/1,Yes,Yes,Do not sell my personal information
1085,1085,True,,,,,,,
1086,1086,True,salliemae_1086,1,Yes,iell or share my personal information| 1/1,Yes,Yes,Do not sell or share my personal information
1087,1087,True,,,,,,,
1088,1088,True,,,,,,,
1089,1089,True,allrecipes_1089,1,Yes,Do Not Sell My Personal Information| 1/1,Yes,Yes,Do not sell my personal information
