,Index,Word list,Present in div
0,825,['Do not sell or share my personal information'],True
1,981,['Do Not Sell My Personal Info'],True
2,373,"['Do Not Sell My Personal Information', 'Do Not Sell My Personal Information|']",True
3,145,[],False
4,201,[],False
5,726,"['Your Privacy Choices', 'Do Not Share/Sell my Personal Information']",True
6,1052,['Your Opt Out Preference Signal is Honored'],True
7,3,['Do not sell or share my personal information'],True
8,310,['Do Not Sell or Share My Personal Information'],True
9,347,['Do Not Sell or Share My Personal Information'],True
10,524,['Your Privacy Choices'],True
11,916,[],False
12,64,['Your Privacy Choices'],True
13,757,[],False
14,666,['Do Not Sell Or Share My Personal Info'],True
15,534,[],False
16,567,"[""Don't sell or share my personal information""]",True
17,1010,[],False
18,396,['Do not sell or share my personal information'],True
19,69,['Do Not Sell or Share My Personal Information'],True
20,1073,[],False
21,486,[],False
22,506,[],False
23,819,['YOUR PRIVACY CHOICES'],True
24,1044,[],False
25,443,[],False
26,378,"['Do Not Sell or Share My Personal Information', 'Do Not Sell My Personal Information']",True
27,830,[],False
28,1017,['Do Not Sell or Share My Personal Information'],True
29,446,['Do not sell or share my personal information'],True
30,992,[],False
31,762,[],False
32,414,[],False
33,1078,[],False
34,236,[],False
35,965,[],False
36,196,"['Your Privacy Choices', 'Do Not Sell/Do Not Share or Opt-Out of Targeted Advertising']",True
37,169,['Your Privacy Choices'],True
38,386,[],False
39,862,['Do not sell or share my personal information'],True
40,305,[],False
41,171,['Your Privacy Choices'],True
42,1034,[],False
43,718,"['Do Not Sell My InformationThis action will open modal dialog', 'Privacy Policy \xa0\xa0\xa0 | \xa0\xa0\xa0 Do Not Sell My InformationThis action will open modal dialog']",True
44,501,['Do Not Sell My Personal Information'],True
45,226,[],False
46,18,"['Do Not Sell My Information', 'Terms of UsePrivacy PolicyNotice of Financial IncentiveDo Not Sell My InformationUnited States', 'Terms of UsePrivacy PolicyNotice of Financial IncentiveDo Not Sell My Information']",True
47,889,[],False
48,881,[],False
49,857,['Do Not Sell or Share My Info'],True
50,210,[],False
51,450,[],True
52,714,[],False
53,266,['Your California Privacy Choices'],True
54,204,[],False
55,404,"['Cookie settings | Your Privacy Choices', 'Cookie settings | Your Privacy Choices for this site']",True
56,929,[],False
57,502,[],False
58,649,['Your Privacy Choices'],True
59,339,[],False
60,400,['Manage cookies/Do not sell my data'],True
61,184,['Do Not Sell or Share My Personal Information'],True
62,865,['Do Not Sell My Personal Information'],True
63,410,[],False
64,146,['Do Not Sell or Share My Personal Information'],True
65,1039,[],False
66,547,[],False
67,1057,[],False
68,752,[],False
69,21,['Do not sell or share my personal information'],True
70,1084,['Do Not Sell My Personal Information'],True
71,182,"['Do Not Sell My Info/Cookie Policy', 'Do Not Sell My Data']",True
72,1016,['Your Privacy Choices'],True
73,672,['Do Not Sell My Personal Info'],True
74,882,[],True
75,926,['Do Not Sell or Share My Information'],True
76,626,['Your Privacy Choices'],True
77,616,[],False
78,391,[],False
79,808,['Your Privacy Choices'],True
80,455,[],False
81,763,['Your Privacy Choices'],True
82,601,[],False
83,57,[],False
84,1028,['do not sell my data'],True
85,685,['Do Not Sell My Personal Information'],True
86,487,['Your Privacy Choices'],True
87,425,['Do not sell or share my personal information'],True
88,979,['Do Not Sell or Share My Personal Information'],True
89,978,[],False
90,518,[],False
91,803,[],True
92,133,[],False
93,76,"['Your Privacy Choices', 'Do Not Sell or Share My Personal Information']",True
94,1025,['Your Privacy Choices'],True
95,453,[],False
96,688,['Do Not Sell or Share My Personal Information'],True
97,511,[],False
98,260,[],False
99,510,"['Do Not Sell or Share My Personal Information', 'Your Opt Out Preference Signal is Honored']",True
100,888,['Do Not Sell My Personal Information'],True
101,303,['Do Not Sell My Personal Information'],True
102,208,['Your privacy choices'],True
103,1060,[],False
104,141,['Do Not Sell or Share My Personal Information'],True
105,905,[],False
106,313,[],False
107,39,['Do Not Sell or Share My Personal Information'],True
108,536,[],False
109,816,['Do Not Sell My Personal Information'],True
110,956,[],False
111,51,['Do Not Sell My Personal Information'],True
112,50,['Do Not Sell or Share My Personal Information or Limit the Use of My Sensitive Personal Information'],True
113,827,[],False
114,218,['Do Not Sell or Share My Personal Information'],True
115,472,['Do not sell my info:'],True
116,864,['California Notice / Do Not Sell My Personal Information'],True
117,62,['Do Not Sell My Personal Information'],True
118,1080,[],False
119,982,['Do Not Sell My Personal Information'],True
120,811,"['YOUR PRIVACY CHOICES', 'YOUR PRIVACY CHOICES']",True
121,32,['Do Not Sell or Share My Personal Information'],True
122,82,[],False
123,445,['Do not sell or share my personal information'],True
124,696,[],False
125,227,[],False
126,759,['Do Not Sell or Share My Personal Information'],True
127,503,"['Do not Sell or Share My Personal Data', 'Do Not Sell My Personal Information']",True
128,739,['Do Not Sell or Share My Personal Information'],True
129,505,['Do Not Sell My Personal Information'],True
130,413,[],False
131,537,"['Do Not Sell/Share My Personal Information', 'Privacy Policy Trademarks Do Not Sell/Share My Personal Information']",True
132,1043,['Do Not Share My Personal Information'],True
133,904,[],False
134,532,[],False
135,689,[],False
136,994,['Do Not Sell or Share My Information'],True
137,13,['Do Not Sell My Personal Information'],True
138,25,[],False
139,350,[],False
140,1003,[],False
141,441,[],False
142,366,"['Do not Sell or Share My Personal Information', 'Your Privacy Choices and Cookie Preferences [`dialog closed`]']",True
143,130,['Do Not Sell or Share My Personal Information'],True
144,1036,[],False
145,496,['Do Not Sell My Personal Information'],True
146,154,[],False
147,267,['Your California Privacy Choices'],True
148,584,[],False
149,280,['Do not sell my info'],True
150,669,['Your Privacy Choices'],True
151,583,['Do Not Sell or Share My Personal Information'],True
152,977,"['Your Privacy Choices', 'Your Opt Out Preference Signal is Honored']",True
153,324,[],False
154,943,['Your California Privacy Choices'],True
155,314,[],False
156,951,[],False
157,142,['Do Not Sell or Share My Personal Information'],True
158,967,['Do Not Sell My Personal Information'],True
159,71,['Do Not Sell or Share My Personal Information'],True
160,407,['Cookie settings | Your Privacy Choices'],True
161,783,[],False
162,75,['Do not sell my personal information'],True
163,954,[],False
164,124,"['Your Privacy Choices', 'DAA Industry Opt Out', 'Your Privacy Choices: Opt Out of Sale/Targeted Ads']",True
165,613,['Do Not Sell or Share My Personal Information - Currently Sharing'],True
166,522,[],False
167,548,[],False
168,648,[],False
169,252,['Do Not Sell or Share My Personal Information (Personal Data Opt-out)'],True
170,439,[],False
171,144,[],False
172,602,['Do Not Sell Or Share My Personal Information'],True
173,908,[],False
174,357,"['Do Not Sell or Share My Personal Information', 'Your Opt Out Preference Signal is Honored']",True
175,878,[],True
176,903,[],False
177,612,[],False
178,234,[],False
179,394,[],False
180,899,[],False
181,751,[],False
182,775,['Do Not Sell My Personal Information'],True
183,774,['Do Not Sell or Share My Personal Information'],True
184,624,[],False
185,436,[],True
186,438,[],False
187,126,['Do Not Sell or Share My Personal Information'],True
188,390,[],False
189,116,['Do Not Sell My Personal Information'],True
190,721,['Do Not Sell or Share My Personal Information'],True
191,296,['Do Not Sell My Personal Infomation'],True
192,202,[],False
193,1088,[],False
194,131,"['Do Not Sell My Info |', 'Help Center | Terms & Conditions | Privacy Policy | California Privacy Policy | California Notice of Collection | Do Not Sell My Info | California Supply Chain Disclosure']",True
195,630,['Your Privacy Choices'],True
196,958,['Do Not Sell Or Share My Personal Information'],True
197,480,[],False
198,34,"['Do Not Sell or Share My Personal Information', 'You can opt out of receiving promotional emails by clicking My Account and changing your email']",True
199,898,[],False
200,1050,[],False
201,294,"['Do Not Sell or Share My Personal Information', 'Terms of Use | Privacy Policy | Interest-Based Ads | Licenses | Accessibility | Do Not Sell or Share My Personal InformationDo Not Sell or Share My Personal Information | Sitemap']",True
202,119,['Do not sell or share my info'],True
203,168,"['Do Not Sell or Share My Personal Information', 'Opt out']",True
204,411,[],False
205,621,[],False
206,998,[],False
207,1074,['Do Not Sell/Share My Personal Information opens in new window'],True
208,67,[],False
209,382,['Do Not Sell My Info'],True
210,346,['Do Not Sell My Personal Information'],True
211,727,[],False
212,766,['Do not sell my info'],True
213,493,['Do Not Sell My Personal Information'],True
214,166,['Do Not Sell My Personal Information'],True
215,482,['Do not sell or share my personal information'],True
216,678,[],False
217,297,[],False
218,699,"['Targeted Advertising Opt Out', 'Do Not Sell or Share My Information']",True
219,1072,[],False
220,1018,['Do Not Sell or Share My Personal Information'],True
221,333,[],False
222,417,[],False
223,340,[],False
224,631,['Do not sell my info'],True
225,512,[],False
226,651,[],False
227,485,"['Your Privacy Choices', 'Your Opt Out Preference Signal is Honored']",True
228,1002,[],False
229,426,['Manage cookies/Do not sell my data'],True
230,654,[],False
231,217,['Do not sell or share my personal information'],True
232,12,"['Your Privacy Choices', 'DAA Industry Opt Out', 'Your Privacy Choices: Opt Out of Sale/Targeted Ads']",True
233,952,['Do Not Sell or Share My Personal Data'],True
234,618,[],False
235,931,[],False
236,768,['Do Not Sell My Personal Information'],True
237,1027,['Do Not Sell/Share My Personal Information'],True
238,1076,[],False
239,681,[],False
240,312,['Ad Opt out/ Do Not Sell My Personal Information'],True
241,483,['Do Not Sell My Data'],True
242,300,['Do Not Sell or Share My Personal Information'],True
243,463,['Do not sell my info:'],True
244,160,"['Do not sell my info', 'Do Not Sell My Information']",True
245,833,['Do Not Sell My Personal Information'],True
246,489,"['Your Privacy Choices', 'Your Opt Out Preference Signal is Honored']",True
247,190,['Your Privacy Choices'],True
248,223,['Do Not Share My Information/SPI'],True
249,523,[],False
250,321,[],False
251,625,[],False
252,263,[],False
253,603,['Do Not Sell My Personal Information'],True
254,782,[],False
255,909,[],False
256,858,"['Your Privacy Choices', 'DAA Industry Opt Out', 'Your Privacy Choices: Opt Out of Sale/Targeted Ads']",True
257,969,['Your Privacy Choices'],True
258,254,[],False
259,520,[],False
260,434,[],False
261,698,['Your Privacy Choices'],True
262,644,[],False
263,731,[],False
264,514,[],False
265,565,[],False
266,529,[],False
267,694,['Do Not Sell My Personal Info'],True
268,70,[],False
269,376,"['Do Not Sell or Share My Personal Information', 'request for further opt out of sale of your personal information']",True
270,769,['Do Not Sell My Personal Information'],True
271,97,['Do not sell my personal information'],True
272,230,['Manage cookies / Do not sell my data'],True
273,1058,[],False
274,84,[],False
275,995,[],False
276,798,['Do Not Sell My Personal Information'],True
277,773,[],False
278,95,['Privacy / Do not sell my personal info'],True
279,799,[],True
280,1001,[],False
281,1085,[],False
282,1070,[],False
283,356,"['Do Not Sell or Share My Personal Information', 'Terms of Use | Privacy Policy | Interest-Based Ads | Licenses | Accessibility | Do Not Sell or Share My Personal InformationDo Not Sell or Share My Personal Information | Sitemap']",True
284,549,[],False
285,114,['Do Not Sell My Personal Info'],True
286,335,[],False
287,756,[],False
288,755,['Do Not Sell or Share My Personal Information'],True
289,658,['Your California Privacy Choices'],True
290,421,['Do Not Sell My Personal Information'],True
291,851,[],False
292,112,[],False
293,1056,[],False
294,815,['Your Privacy Choices'],True
295,359,['Do Not Sell/Share My Personal Information'],True
296,338,[],False
297,991,[],False
298,679,['Do Not Sell or Share My Personal Information'],True
299,331,[],False
300,29,[],False
301,578,['Do not sell my personal information'],True
302,253,[],False
303,113,['Do Not Sell or Share My Personal Information'],True
304,656,['Do Not Sell My'],True
305,957,['Your Ads Privacy Choices'],True
306,358,['Do Not Sell or Share My Personal Information'],True
307,750,['Opt Out'],True
308,348,[],False
309,887,[],False
310,643,[],False
311,1035,[],False
312,697,[],False
313,839,['Your Privacy Choices'],True
314,953,[],False
315,834,['Do Not Sell My Personal Information'],True
316,24,['Do Not Sell or Share My Personal Information'],True
317,281,[],False
318,701,[],False
319,934,['Do Not Sell or Share My Info'],True
320,304,['DO NOT SELL MY DATA'],True
321,479,[],False
322,843,['Do Not Sell My Personal Information'],True
323,83,[],False
324,708,"['Do Not Sell My InformationThis action will open modal dialog', 'Privacy Policy  | Do Not Sell My InformationThis action will open modal dialog']",True
325,452,[],False
326,1033,[],False
327,849,['Do Not Sell My Personal Information'],True
328,564,[],False
329,1064,[],False
330,561,[],False
331,786,['Do Not Sell or Share My Personal Information'],True
332,693,['Your Privacy Choices'],True
333,206,[],False
334,605,[],False
335,918,['Your Privacy Choices'],True
336,735,[],False
337,1019,[],True
338,692,['Do Not Sell Or Share My Personal Information'],True
339,558,[],False
340,657,['Do Not Sell My Personal Information'],True
341,344,['Your Privacy Choices'],True
342,364,['Do Not Sell or Share My Personal Information'],True
343,976,['Your Privacy Choices'],True
344,399,[],False
345,855,['Do Not Sell'],True
346,494,[],False
347,577,[],False
348,996,[],False
349,876,['Do Not Sell or Share My Personal Info'],True
350,1069,[],False
351,709,['Do Not Sell My Info'],True
352,180,['Do Not Sell/Share My Personal Information'],True
353,779,[],False
354,968,['Do Not Sell My Personal Information'],True
355,233,[],False
356,23,[],False
357,572,"['Do Not Sell or Share My Personal Information', '""Do Not Sell or Share My Personal Information""']",True
358,164,['Do Not Sell My Info'],True
359,289,['Do Not Sell My Personal Information'],True
360,355,[],False
361,42,['Your Privacy Choices'],True
362,877,[],False
363,642,[],False
364,711,[],False
365,622,['Do Not Sell My Information'],True
366,11,['Do not Sell or Share My Personal Information'],True
367,398,[],False
368,545,[],False
369,250,['Your Privacy Choices'],True
370,900,[],False
371,56,['Do Not Sell My Personal Information'],True
372,770,[],False
373,290,[],False
374,65,"['Manage your privacy choices', 'Your privacy choices']",True
375,901,[],False
376,539,[],False
377,161,['Do Not Sell or Share My Personal Information'],True
378,789,[],False
379,188,[],False
380,824,['Do Not Sell or Share My Personal Information'],True
381,542,['Do not sell my info'],True
382,422,[],False
383,632,['Do Not Sell or Share My Personal Information'],True
384,629,['Do Not Sell or Share My Personal Data'],True
385,222,[],False
386,673,['Do not sell or share my personal information'],True
387,845,['Do Not Sell or Share My Personal Info'],True
388,270,['Do Not Sell My Personal Information'],True
389,645,['Do Not Sell My Personal Information'],True
390,60,[],False
391,469,[],False
392,53,[],False
393,93,['Do not sell or share my personal information'],True
394,980,[],False
395,5,['Do Not Sell My Personal Information'],True
396,924,['Do Not Sell or Share My Personal Information'],True
397,1065,[],False
398,63,[],False
399,840,[],False
400,213,[],False
401,221,[],False
402,1071,[],False
403,794,"['Your Privacy Choices', 'DAA Industry Opt Out', 'Your Privacy Choices: Opt Out of Sale/Targeted Ads']",True
404,33,[],False
405,550,['CCPA / Do Not Sell My Info'],True
406,1029,['California: Do Not Sell My Personal Information'],True
407,509,[],False
408,527,['Opt Out of Third-Party Targeting Cookies'],True
409,610,['Do not sell or share my personal information'],True
410,235,['Do Not Sell My Info'],True
411,922,['Do not sell or share my personal info'],True
412,499,"['Do Not Sell or Share My Personal Information', '""Do Not Sell or Share My Personal Information"" and ""Targeted Advertising"" Opt-Out Rights']",True
413,397,[],False
414,277,['Do not Sell or Share My Personal Information'],True
415,989,[],False
416,384,[],False
417,1,['Do Not Sell My Personal Information'],True
418,573,['Your Privacy Choices'],True
419,586,['Your Privacy Choices'],True
420,374,['Your Privacy Choices'],True
421,420,['Do Not Sell My Personal Information'],True
422,286,[],False
423,650,[],True
424,530,['Your Privacy Choices'],True
425,109,['Do not sell or share my personal information'],True
426,288,[],False
427,429,[],False
428,797,[],False
429,589,[],False
430,559,['DO NOT SELL OR SHARE MY PERSONAL INFORMATION'],True
431,670,['Do Not Sell or Share My Information'],True
432,801,['Do Not Sell My Personal Information'],True
433,986,['Your Privacy Choices'],True
434,278,[],False
435,165,['Your Privacy Choices'],True
436,349,[],False
437,724,[],False
438,117,['Do not sell or share my info'],True
439,863,['Your Privacy Choices'],True
440,1024,[],False
441,327,[],False
442,848,"['Do Not Sell or Share My Personal Information', 'Opt Out of Third-Party Targeting Cookies']",True
443,325,['Do Not Sell My Personal Information'],True
444,687,['Do Not Sell Or Share My Personal Data'],True
445,372,"['Do Not Sell or Share My Personal Information', 'Your Opt Out Preference Signal is Honored']",True
446,1051,[],False
447,189,[],False
448,459,[],False
449,31,['Do Not Sell My Personal Information'],True
450,1079,[],False
451,362,['Your California Privacy Choices'],True
452,507,['Do Not Sell or Share My Personal Info'],True
453,205,['Do Not Sell Or Share My Personal Information'],True
454,465,[],False
455,148,[],False
456,8,['Do Not Sell or Share My Personal Information'],True
457,686,[],False
458,4,"['Do Not Sell or Share My Personal Information', 'You can opt out of receiving promotional emails by clicking My Account and changing your email']",True
459,268,['Your Privacy Choices'],True
460,594,['Do Not Sell or Share My Personal Information'],True
461,705,[],False
462,970,['Do not Sell My Personal Info'],True
463,596,[],False
464,1013,[],False
465,262,[],False
466,664,['Do Not Sell or Share My Personal Information'],True
467,315,[],False
468,780,[],False
469,28,[],False
470,1089,['Do Not Sell My Personal Information'],True
471,1075,[],False
472,301,['Do not sell my personal information'],True
473,513,[],False
474,1059,"['Your California Privacy Choices', 'Do Not Sell or Share My Personal Information (CA Residents Only)']",True
475,412,[],False
476,1007,[],False
477,760,[],False
478,597,['Do Not Sell or Share My Personal information'],True
479,734,[],False
480,691,['Do Not Sell or Share My Personal Info'],True
481,716,[],False
482,921,['Your Privacy Choices'],True
483,720,['Do Not Sell or Share My Personal Information'],True
484,800,"['CA Do Not Sell or Share My Information', 'Offline Do Not Sell or Share My Information', 'Online Do Not Sell or Share My Information', 'Your Opt Out Preference Signal is Honored']",True
485,599,['Do Not Sell Or Share My Personal Information'],True
486,910,[],False
487,990,[],False
488,155,[],False
489,478,['Do Not Sell My Personal Information'],True
490,950,[],False
491,633,['Do not sell or share my personal information'],True
492,1061,"['Your California Privacy Choices', 'Do Not Sell or Share My Personal Information (CA Residents Only)']",True
493,743,[],False
494,569,"['Your Privacy Choices', 'Terms··Sitemap··Privacy··Your Privacy Choices']",True
495,94,[],False
496,191,[],True
497,418,[],False
498,476,[],False
499,939,['Do not sell or share my personal information'],True
500,92,[],False
501,591,['Do Not Sell My Personal Information'],True
502,744,[],False
503,923,[],False
504,107,"['Do Not Sell My Personal Information', 'Do Not Sell Your Info', 'You can request that we Do Not Sell Your Info']",True
505,211,[],False
506,1022,['Do Not Sell My Personal Information'],True
507,984,['Do Not Sell or Share My Personal Info'],True
508,495,[],False
509,707,"['Your Privacy Choices', 'Your Privacy Choices']",True
510,323,[],False
511,1000,[],False
512,528,[],True
513,961,[],False
514,519,[],False
515,490,['Do Not Sell or Share My Personal Information'],True
516,181,[],False
517,237,[],False
518,245,[],False
519,257,[],False
520,317,[],False
521,1008,[],False
522,810,[],False
523,655,[],False
524,607,[],True
525,535,[],False
526,717,['DO NOT SELL OR SHARE MY PERSONAL INFO'],True
527,997,['Do Not Sell'],True
528,677,['Do not sell or share my personal information'],True
529,608,['Your Opt Out Preference Signal is Honored'],True
530,174,[],False
531,635,['Do not sell or share my personal information'],True
532,48,[],False
533,342,[],False
534,937,[],False
535,81,[],False
536,466,[],False
537,531,[],False
538,817,['Your Privacy Choices & Opt-Out Rights'],True
539,869,"['Your Privacy Choices', 'DAA Industry Opt Out', 'Your Privacy Choices: Opt Out of Sale/Targeted Ads']",True
540,828,[],False
541,1086,['Do not sell or share my personal information'],True
542,43,['Do Not Sell My Info'],True
543,715,['DO NOT SELL OR SHARE MY PERSONAL INFO'],True
544,809,['Your Privacy Choices'],True
545,703,['Do Not Sell or Share My Personal Information'],True
546,872,['Do Not Sell'],True
547,207,"['My Privacy Choices', 'Do Not Sell/Do Not Share or Opt-Out of Targeted Advertising [PetMD]']",True
548,777,[],False
549,932,['Your Privacy Choices'],True
550,475,[],False
551,831,[],False
552,464,[],False
553,292,[],False
554,432,[],False
555,68,[],False
556,883,[],False
557,947,[],True
558,1011,[],False
559,7,['Do Not Sell or Share My Personal Info'],True
560,792,['Do Not Sell or Share My Personal Information'],True
561,975,[],True
562,945,[],False
563,37,[],True
564,836,['Do not sell my personal information'],True
565,802,[],False
566,369,[],False
567,246,[],False
568,371,[],False
569,402,['Manage cookies/Do not sell my data'],True
570,172,"['Do Not Sell or Share My Personal Information', 'Your Opt Out Preference Signal is Honored']",True
571,26,"['Do Not Sell or Share My Personal Information', 'You can opt out of receiving promotional emails by clicking My Account and changing your email']",True
572,742,['Do Not Sell My Personal Information'],True
573,638,[],False
574,209,[],False
575,232,['Your Ads Privacy Choices'],True
576,311,['Do Not Sell or Share My Personal Information'],True
577,219,[],False
578,332,[],False
579,653,[],False
580,55,[],False
581,100,['Your Privacy Choices'],True
582,329,[],False
583,1042,[],False
584,249,[],False
585,925,['Do Not Sell My Personal Information'],True
586,562,[],False
587,761,['Do Not Sell or Share My Personal Information'],True
588,87,['Do Not Sell My Personal Information'],True
589,556,['Do Not Sell My Personal Information'],True
590,251,[],False
591,914,[],False
592,30,[],False
593,1026,['Do Not Sell My Personal Information'],True
594,1004,[],False
595,517,[],False
596,370,"['Targeted Advertising Opt Out', 'Do Not Sell or Share My Information']",True
597,907,['Do Not Sell My Personal Information'],True
598,806,[],False
599,785,[],False
600,54,['Do Not Sell My Personal Info'],True
601,879,[],False
602,1082,[],True
603,135,['Do Not Sell My Personal Information'],True
604,405,[],False
605,516,[],False
606,949,"['Do not sell or share my personal information', 'Do Not Sell My Personal Information']",True
607,108,[],False
608,946,['Do Not Sell My Data'],True
609,244,[],False
610,192,[],False
611,637,"['Do Not Sell or Share My Personal Information', 'Do Not Sell or Share My Personal Data Settings']",True
612,838,"['Do Not Sell My Personal Information', 'Do Not Sell My Info']",True
613,712,[],False
614,619,[],False
615,273,['Do Not Sell My Personal Information'],True
616,365,['Do Not Sell or Share My Personal Information'],True
617,987,[],False
618,98,['Do Not Sell My Info'],True
619,675,"['Do Not Sell or Share My Personal Information', 'Opt Out of Facebook Commenting', 'Directions to Opt Out of Facebook Commenting']",True
620,159,['Do Not Sell/Share My Personal Information'],True
621,1045,['Your California privacy choices'],True
622,194,[],False
623,284,[],False
624,912,[],False
625,894,['Opt Out'],True
626,0,['Do Not Sell or Share My Personal Information'],True
627,993,['Do Not Sell or Share My Personal Information'],True
628,732,[],False
629,832,[],False
630,971,['Do Not Sell or Share My Personal Information'],True
631,353,['Do Not Sell or Share My Personal Information'],True
632,203,[],False
633,2,['Do Not Sell or Share My Personal Information'],True
634,186,['Do Not Sell My Personal Information'],True
635,136,['Do Not Sell or Share My Personal Information'],True
636,552,['Do Not Sell or Share My Info'],True
637,46,['Do Not Sell My Personal Information'],True
638,680,['Do Not Sell or Share My Personal Info'],True
639,433,['Do Not Sell or Share My Personal Information'],True
640,571,"['Do Not Sell My Personal Information', 'Opt Out']",True
641,776,['Do not sell or share my personal information'],True
642,392,[],False
643,842,['Your Privacy Choices'],True
644,959,['Do Not Sell or Share My Personal Information'],True
645,885,['Do not sell or share my personal information'],True
646,960,['Do Not Sell or Share My Personal Information'],True
647,173,"['Do Not Sell or Share My Personal Information', 'Opt out']",True
648,538,[],False
649,22,['Do Not Sell or Share My Personal Information'],True
650,1055,[],False
651,101,[],False
652,461,"['Do Not Sell or Share My Personal Information', 'Opt out']",True
653,440,[],False
654,447,"['Your Privacy Choices', 'DAA Industry Opt Out', 'Your Privacy Choices: Opt Out of Sale/Targeted Ads']",True
655,788,[],False
656,854,[],False
657,255,[],False
658,662,[],False
659,963,['Do Not Sell or Share My Personal Information'],True
660,640,[],False
661,401,[],False
662,185,['Your Privacy Choices'],True
663,1054,"['Do Not Sell or Share My Personal Information', 'Do Not Sell My Info']",True
664,663,[],False
665,449,[],False
666,933,"['Do not sell my personal information', 'Do not sell my information']",True
667,454,['Do Not Sell My PI'],True
668,580,['Do not sell my information'],True
669,1077,['Do Not Sell My Personal Information'],True
670,706,"['Do Not Sell My InformationThis action will open modal dialog', 'Privacy Policy \xa0\xa0\xa0 | \xa0\xa0\xa0 Do Not Sell My InformationThis action will open modal dialog']",True
671,1006,['Do Not Sell My Personal Information'],True
672,856,['DO NOT SELL OR SHARE MY INFORMATION'],True
673,248,[],False
674,574,['Do Not Sell or Share My Personal Information'],True
675,1014,[],False
676,1046,['Do Not Sell or Share My Personal Information'],True
677,279,[],False
678,702,['Do Not Sell or Share My Personal Information'],True
679,823,"['Do Not Sell or Share My Personal Information', 'Do Not Sell or Share My Personal Information']",True
680,467,"['Do Not Sell or Share My Personal Information', 'Opt out']",True
681,665,['Do not sell or share my personal information'],True
682,431,[],False
683,1083,[],False
684,10,[],False
685,944,['Do Not Sell My Personal Information'],True
686,614,[],False
687,893,[],False
688,1063,['Do Not Sell or Share My Personal Information (CA residents only)'],True
689,89,[],False
690,261,['Do Not Sell'],True
691,700,[],False
692,941,[],True
693,820,['Do Not Sell or Share My Personal Information'],True
694,91,[],False
695,163,"['Do Not Sell or Share My Personal Information', '""Do Not Sell or Share My Personal Information"" and ""Targeted Advertising"" Opt-Out Rights']",True
696,175,[],False
697,620,[],False
698,795,['Do Not Sell My Personal Information'],True
699,121,['Do Not Sell My Personal Information'],True
700,940,['Do Not Sell My Info'],True
701,220,[],False
702,138,[],False
703,730,[],False
704,634,[],False
705,875,[],True
706,229,[],True
707,778,[],False
708,214,[],False
709,628,['Do not sell or share my info'],True
710,492,"['Your Privacy Choices', 'DAA Industry Opt Out', 'Your Privacy Choices: Opt Out of Sale/Targeted Ads']",True
711,1081,[],False
712,458,[],False
713,258,['Do not sell my personal information'],True
714,435,[],False
715,884,[],False
716,176,['Do not sell or share my personal information'],True
717,66,[],True
718,111,['Do Not Sell or Share My Personal Information'],True
719,880,"['Do Not Sell My PI', 'Do Not Sell My Personal Information']",True
720,733,['Do not sell my personal information'],True
721,430,[],False
722,930,[],False
723,200,[],False
724,852,"['Your Privacy Choices', 'You may opt out at any time', 'Your Opt Out Preference Signal is Honored', 'Opt Out of Sales, Sharing, and Targeted Advertising']",True
725,274,[],False
726,818,['Your Privacy Choices'],True
727,847,"['Do Not Sell or Share My Personal Information', 'Your Opt Out Preference Signal is Honored']",True
728,579,['Do Not Sell or Share My Personal Information'],True
729,78,['Do Not Sell or Share My Personal Information'],True
730,985,[],False
731,460,[],False
732,380,[],False
733,593,"['CA Do Not Sell/Share My Personal Information', 'Targeted Advertising Opt Out']",True
734,1009,[],False
735,955,[],False
736,474,[],True
737,781,[],False
738,526,[],True
739,576,['Do Not Sell My Personal Information'],True
740,1021,['Do Not Sell Or Share My Personal Information'],True
741,533,[],False
742,282,[],False
743,383,['Do Not Sell My Personal Information'],True
744,79,['Your Privacy Choices'],True
745,725,['Opt Out'],True
746,156,['Your Privacy Choice'],True
747,983,[],False
748,298,['Your Privacy Choices'],True
749,508,['Do Not Sell or Share My Personal Information'],True
750,710,"['Do Not Sell or Share My Personal Information', 'Opt Out of Third-Party Targeting Cookies']",True
751,543,[],False
752,241,[],False
753,551,['Do Not Sell My Personal Information'],True
754,102,['Do not sell my personal information'],True
755,741,[],False
756,132,['Do Not Sell My Info'],True
757,197,"['""Do Not Sell My Personal Information""']",True
758,264,[],False
759,457,[],False
760,328,[],False
761,240,[],False
762,684,['Your Privacy Choices'],True
763,729,[],False
764,293,['Do Not Sell My Information'],True
765,746,[],False
766,363,[],False
767,500,['Your Privacy Choices'],True
768,790,['Do Not Sell My Personal Information'],True
769,178,['Do not sell or share my personal information'],True
770,1049,['Do Not Sell or Share My Personal Information'],True
771,659,[],False
772,647,['Do not sell or share my personal information'],True
773,345,[],False
774,671,['Do not sell or share my personal information'],True
775,216,[],False
776,354,['Privacy / Do not sell my personal info'],True
777,902,[],False
778,106,"[""Don't Sell My Personal Information""]",True
779,938,[],False
780,581,['Do Not Sell or Share My Personal Information'],True
781,1053,[],False
782,9,"['California Do Not Sell', 'Go to Opt Out Form', 'Privacy Policythis link opens in a new tab  Terms of Servicethis link opens in a new tab  Ad Choicesthis link opens in a new tab  California Do Not Sell  Web Accessibilitythis link opens in a new tab', 'Privacy Policythis link opens in a new tab  Terms of Servicethis link opens in a new tab  Ad Choicesthis link opens in a new tab  California Do Not Sell  Web Accessibilitythis link opens in a new tab', 'California Do Not Sell', 'Opt Out of Targeting Cookies']",True
783,1031,[],False
784,470,[],False
785,47,[],False
786,821,[],False
787,737,['Do not sell my personal information'],True
788,275,['Do Not Sell'],True
789,787,[],False
790,86,"['Do Not Sell or Share My Personal Information', 'Opt out']",True
791,568,[],False
792,722,['Do Not Sell or Share My Personal Information'],True
793,841,"['Your Privacy Choices', 'DAA Industry Opt Out', 'Your Privacy Choices: Opt Out of Sale/Targeted Ads']",True
794,582,['Do Not Sell My Personal Information'],True
795,1030,['Do Not Sell or Share My Personal Information'],True
796,764,[],False
797,307,['Your Privacy Choices'],True
798,247,[],False
799,360,['Do Not Sell My Personal Information'],True
800,228,[],False
801,272,[],False
802,570,[],False
803,385,[],False
804,320,[],False
805,15,"['Your Privacy Choices', 'DAA Industry Opt Out', 'Your Privacy Choices: Opt Out of Sale/Targeted Ads']",True
806,1032,['Your Privacy Choices'],True
807,352,['Your Privacy Choices - CA'],True
808,917,['Your California Privacy Choices'],True
809,318,[],False
810,1040,[],False
811,928,[],False
812,555,['Do Not Sell My Personal Information'],True
813,623,[],False
814,351,"['CA Do Not Sell/Share My Personal Information', 'Targeted Advertising Opt Out']",True
815,682,['Do not sell or share my personal information'],True
816,20,[],False
817,683,[],False
818,988,[],False
819,387,['Do Not Sell My Personal Information'],True
820,437,[],False
821,150,"['Do Not Sell or Share My Personal Information', 'For more information about our use of cookies, our collection, use, and disclosure of personal information generally, and any rights you may have to access, delete, or opt out of the sale of your personal information, please view our']",True
822,822,"['Manage Your Privacy Choices(Open in a new window)', 'Manage Your Privacy Choices']",True
823,740,[],False
824,611,[],False
825,408,[],False
826,736,[],False
827,468,[],False
828,368,['Do Not Sell Or Share My Personal Information'],True
829,652,[],False
830,1066,['Do Not Sell or Share My Personal Information (CA Residents Only)'],True
831,844,"['Do Not Sell or Share My Personal Information / Targeted Ads', 'DO NOT SELL OR SHARE MY PERSONAL INFORMATION / TARGETED ADS']",True
832,473,[],False
833,636,['Do Not Sell or Share My Personal Data'],True
834,805,[],False
835,326,[],False
836,72,[],False
837,41,"['Do Not Sell or Share My Personal Information', 'My Privacy Choices']",True
838,560,[],False
839,118,['Your Privacy Choices'],True
840,641,[],False
841,812,['Do Not Sell My Personal Information'],True
842,807,"['CCPA Sale Opt Out Form', 'Do Not Sell My Personal Information']",True
843,676,['California: Do not Sell my Personal Info'],True
844,88,['Do Not Sell My Personal Information'],True
845,728,[],False
846,419,"['Do not sell my personal data', 'Do not sell my personal information']",True
847,134,['DO NOT SELL OR SHARE MY INFORMATION'],True
848,541,[],False
849,77,[],False
850,285,[],False
851,874,['Your Privacy Choices'],True
852,271,"['Your Privacy Choices', 'Your Opt Out Preference Signal is Honored']",True
853,890,[],False
854,829,[],False
855,595,[],False
856,187,[],True
857,704,['Do Not Sell My Personal Information'],True
858,886,[],True
859,377,['Do Not Sell or Share My Personal Information'],True
860,58,[],False
861,964,['Privacy / Do not sell my personal info'],True
862,853,[],False
863,588,[],False
864,504,['Your Privacy Choices |'],True
865,367,['Your Privacy Choices'],True
866,835,[],False
867,35,['Do Not Sell/Share My Info'],True
868,442,[],False
869,306,[],False
870,592,[],False
871,920,[],False
872,44,[],False
873,660,[],False
874,137,['Do Not Sell or Share My Info'],True
875,212,[],True
876,167,['Do Not Sell Or Share My Personal Information'],True
877,892,[],False
878,891,[],False
879,389,[],False
880,158,['Do Not Sell or Share My Personal Information'],True
881,870,['Your Privacy Choices'],True
882,151,[],True
883,1087,['Your Privacy Choices'],True
884,723,"['PS: You can opt out at any time', 'Do Not Sell My Personal Info']",True
885,243,[],False
886,1023,"['Do Not Sell or Otherwise Share My Personal Information You Collect', 'Opt out']",True
887,451,[],False
888,767,[],False
889,162,"['Your Privacy Choices', 'Your Opt Out Preference Signal is Honored']",True
890,110,['California Customers Only: Do Not Sell My Info'],True
891,668,['Do Not Sell My Personal Information(Opens in a new window)'],True
892,256,['Cookie settings | Your Privacy Choices'],True
893,895,[],False
894,170,"['Do Not Sell or Share My Personal Information', 'Opt out']",True
895,74,['Do Not Sell My Personal Information'],True
896,972,['Your Privacy Choices |'],True
897,199,[],False
898,758,['Do Not Sell My Personal Information'],True
899,1015,"['Do Not Sell or Share My Personal Information', 'Do Not Sell My Info']",True
900,462,[],False
901,837,"['Do Not Sell Or Share My Personal Information', 'Do Not Sell Or Share My Personal Information /']",True
902,646,['Your California Privacy Choices'],True
903,456,[],False
904,784,['Do Not Sell My Data'],True
905,796,['Do Not Sell or Share My Information'],True
906,1037,['opt out of online behavioral advertising'],True
907,299,['Do Not Sell or Share My Personal Information / Personal Data Opt-out'],True
908,120,['Do Not Sell or Share My Personal Information'],True
909,242,[],False
910,38,[],False
911,749,[],False
912,19,"['Do Not Sell My Information', 'Terms of UsePrivacy PolicyNotice of Financial IncentiveDo Not Sell My InformationUnited States', 'Terms of UsePrivacy PolicyNotice of Financial IncentiveDo Not Sell My Information']",True
913,913,[],False
914,481,['Do not sell or share my personal information'],True
915,1041,['Do Not Sell or Share My Personal Information'],True
916,388,[],False
917,265,[],False
918,791,['Do Not Sell or Share My Personal Information'],True
919,239,[],False
920,90,[],False
921,334,['Do Not Sell My Information'],True
922,49,[],False
923,423,[],False
924,936,[],False
925,598,['Do Not Sell or Share My Personal Information'],True
926,183,[],False
927,488,"['Your Privacy Choices', 'Your Opt Out Preference Signal is Honored']",True
928,661,[],False
929,935,[],False
930,195,"['Your Privacy Choices', 'Do Not Sell or Share My Personal Information for Targeted Advertising']",True
931,52,['Do Not Sell My Personal Information'],True
932,942,['Do Not Sell My Personal Information'],True
933,80,['Do Not Sell or Share My Personal Information'],True
934,427,[],False
935,1068,[],False
936,1020,['Your Privacy Choices'],True
937,911,[],False
938,6,"['Your Privacy Choices', 'Patrick’s Day RecipesEaster Recipes4th of July RecipesHalloween RecipesThanksgiving RecipesChristmas RecipesEpicurious ClassicsBeef RecipesChicken RecipesSeafood RecipesPasta RecipesSalad RecipesPork RecipesFish RecipesEpicurious LinksConnect with EpicuriousLike Epicurious on FacebookFollow Epicurious on TwitterFollow Epicurious on PinterestFollow Epicurious on TumblrWatch Epicurious on YouTubeFollow Epicurious on Google+Follow Epicurious on InstagramSubscribe to Epicurious RSS feedsSite MapRecipes & MenusExpert AdviceIngredientsHolidays & EventsVideoHelpful LinksSubscription FAQsContact UsMastheadAccessibility HelpAdvertisingPress CenterNewslettersFood Innovation GroupThe Epicurious AppBon AppétitEpicuriousGourmetCondé NastCondé Nast WebsitesAllureArchitectural DigestArs TechnicaBon AppétitCondé Nast TravelerConciergeDetailsGlamourGQHotel ChatterJauntedLuckyNutritionDataRedditSelfStyleTeen VogueThe New YorkerThe SceneVanity FairVegas ChatterVogueWiredCondé Nast ServicesCareersCondé Nast StoreReprints/PermissionsLegal NoticeYour Privacy Choices© 2023 Condé Nast', 'Condé NastCondé Nast WebsitesAllureArchitectural DigestArs TechnicaBon AppétitCondé Nast TravelerConciergeDetailsGlamourGQHotel ChatterJauntedLuckyNutritionDataRedditSelfStyleTeen VogueThe New YorkerThe SceneVanity FairVegas ChatterVogueWiredCondé Nast ServicesCareersCondé Nast StoreReprints/PermissionsLegal NoticeYour Privacy Choices© 2023 Condé Nast']",True
939,966,['Your Privacy Choices'],True
940,604,[],False
941,316,['Do Not Sell or Share My Personal Information / Personal Data Opt-out'],True
942,771,['Do not sell my personal information'],True
943,747,"['Do Not Sell or Share My Personal Information', 'Opt Out']",True
944,105,[],False
945,61,[],False
946,123,['Do Not Sell My Personal Information'],True
947,804,['Do Not Sell My Information'],True
948,690,['Do Not Sell My Info'],True
949,615,"['Do Not Share My Personal Information', 'submit a Do Not Share request']",True
950,231,[],False
951,319,['Do Not Sell My Personal Information'],True
952,308,[],True
953,999,['Do Not Sell or Share My Personal Information'],True
954,962,['AdChoices / Do Not Sell My Info'],True
955,813,['Do Not Sell My Personal Information'],True
956,973,[],False
957,393,[],False
958,861,['Your Privacy Choices'],True
959,867,"['Do Not Sell or Share My Personal Information', 'Opt out']",True
960,617,[],False
961,152,['Do Not Sell My Information'],True
962,330,[],False
963,546,[],False
964,127,[],False
965,695,[],False
966,606,[],False
967,99,['Do Not Sell or Share My Personal Information'],True
968,238,['Do Not Sell'],True
969,193,[],False
970,627,[],True
971,846,[],False
972,104,['Do Not Sell or Share My Personal Information'],True
973,609,[],False
974,198,['Do Not Sell My Personal Information'],True
975,147,[],False
976,667,['Do not sell my data'],True
977,477,[],False
978,765,[],False
979,871,"['Your Privacy Choices', 'Do Not Sell My Personal Information', 'Your Opt Out Preference Signal is Honored']",True
980,713,[],False
981,859,['Do not sell or share my personal information'],True
982,566,['Do Not Sell My Personal Information'],True
983,544,"['Your Privacy Choices', 'Your Opt Out Preference is Honored']",True
984,590,[],False
985,1047,[],False
986,587,"['Do Not Sell or Share My Personal Information', 'Opt out']",True
987,873,[],False
988,1062,['Do Not Share My Personal Information'],True
989,753,[],False
990,309,[],False
991,428,['Do Not Sell My Personal Information'],True
992,96,['Do Not Sell My Personal Information'],True
993,772,['Do Not Sell or Share My Personal Information'],True
994,375,['California Customers Only: Do Not Sell My Info'],True
995,215,"['DO NOT SELL MY INFORMATION', 'DO NOT SELL MY INFORMATION']",True
996,860,"['Your Privacy Choices', 'DAA Industry Opt Out', 'Your Privacy Choices: Opt Out of Sale/Targeted Ads']",True
997,128,['Privacy / Do not sell my personal info'],True
998,915,[],False
999,906,[],False
1000,409,[],False
1001,416,[],False
1002,515,[],False
1003,1038,[],False
1004,448,['Do not share objects or tools between workers without appropriately disinfecting them'],True
1005,343,[],False
1006,553,"['Do Not Sell My Personal Information', 'Do Not Sell My Personal Information', 'Do Not Sell']",True
1007,585,['Do Not Sell My Personal Information'],True
1008,868,['Your Privacy Choices'],True
1009,1005,['Do Not Sell My Personal Information'],True
1010,322,[],False
1011,639,['Do Not Sell or Share My Personal Information'],True
1012,103,['Your Privacy Choices'],True
1013,600,[],False
1014,814,"['Manage Your Privacy Choices(Open in a new window)', 'Manage Your Privacy Choices']",True
1015,948,[],False
1016,381,['Do not sell or share my personal information'],True
1017,295,['Do Not Sell or Share My Personal Information'],True
1018,974,['Your Privacy Choices'],True
1019,45,[],False
1020,793,[],False
1021,379,[],False
1022,521,[],False
1023,896,['Your California Privacy Choices'],True
1024,85,"['Your Privacy Choices', 'DAA Industry Opt Out', 'Your Privacy Choices: Opt Out of Sale/Targeted Ads']",True
1025,177,['Do Not Sell/Share My Personal Information'],True
1026,927,['Do Not Sell My Personal Information'],True
1027,36,['Do Not Share My Personal Information'],True
1028,719,"['Do Not Sell or Share My Info', 'Do Not Sell or Share My Personal Information']",True
1029,575,[],False
1030,14,"['Do Not Sell or Share My Personal Information', 'Opt out']",True
1031,471,[],False
1032,1048,[],False
1033,140,['Your Privacy Choices'],True
1034,361,[],False
1035,484,[],False
1036,498,['Do Not Sell My Personal Information'],True
1037,341,[],False
1038,897,[],False
1039,16,['Your Privacy Choices'],True
1040,1067,[],False
1041,157,['Do Not Sell Or Share My Personal Information'],True
1042,525,['Your California Privacy Choices'],True
1043,73,[],True
1044,139,[],False
1045,754,[],False
1046,563,[],False
1047,554,['Do Not Sell or Share My Personal Information'],True
1048,153,[],False
1049,336,[],False
1050,919,['Do Not Sell Or Share My Information'],True
1051,27,[],False
1052,406,[],False
1053,403,['Do Not Sell My Info'],True
1054,866,"['Your Privacy Choices', 'DAA Industry Opt Out', 'Your Privacy Choices: Opt Out of Sale/Targeted Ads']",True
1055,424,[],False
1056,125,['Do Not Sell My Personal Information'],True
1057,415,[],False
1058,143,[],False
1059,745,['Your Privacy Choices'],True
1060,291,[],False
1061,674,"['California: Do not Sell my Personal Info', 'Do Not Sell My Info']",True
1062,497,[],False
1063,17,"['Do Not Sell My Information', 'Terms of UsePrivacy PolicyNotice of Financial IncentiveDo Not Sell My InformationUnited States', 'Terms of UsePrivacy PolicyNotice of Financial IncentiveDo Not Sell My Information']",True
1064,149,"['Submit an Opt Out Request', 'Do Not Sell or Share My Personal Information', 'Do Not Sell or Share My Personal Information only for NYP Print Subscribers', 'Do Not Sell or Share My Personal Information for NYP Internet and Mobile Users']",True
1065,491,['Do Not Share My Personal Information'],True
1066,179,['Do Not Sell or Share My Personal Information'],True
1067,557,['Do Not Sell My Personal Information'],True
1068,122,['Do Not Sell My Personal Info'],True
1069,738,['Do Not Sell or Share My Personal Information'],True
1070,444,['Do Not Sell My Info'],True
1071,826,"['Do Not Sell or Share My Personal Information', 'CookiesLegalPrivacyAccessibilityRecall InformationDo Not Sell or Share My Personal Information']",True
1072,115,['Do not sell or share my personal information'],True
1073,59,[],False
1074,302,"['CA Consumers: DO NOT SELL OR SHARE MY PERSONAL INFORMATION', 'Nevada Consumers: DO NOT SELL MY PERSONAL INFORMATION']",True
1075,850,"['Do Not Sell or Share My Personal Information', 'Your Opt Out Preference Signal is Honored']",True
1076,540,[],False
1077,129,[],False
1078,283,['Do Not Sell My Personal Information'],True
