,filename,Number translated,step1 present,Text translated,Text present,Presence confirm,Text,Index
0,mazdausa_825,1,Yes,sHARE MY PERSONAL INFORMATION| 1/1,Yes,Yes,Do not sell or share my personal information,825
1,neimanmarcus_373,1,Yes,Do Not Sell My Personal Information| 1/1,Yes,Yes,Do not sell my personal information,373
2,com_3,1,Yes,ellor share my personalinformation| 1/1,Yes,Yes,Do not sell or share my personal information,3
3,livingsocial_310,2-Apr,Check,ell or Share My Personal information| 1/2,Yes,Yes,Do not sell or share my personal information,310
4,netflix_347,1,Yes,ell or Share My Personal Information| 1/1,Yes,Yes,Do not sell or share my personal information,347
5,sorel_757,1,Yes,Do Not Sell or Share My Information| 1/1,Yes,Yes,Do not sell or share my personal information,757
6,superpages_276,1,Yes,Do Not Sell My Personal Information| 1/1,Yes,Yes,Do not sell my personal information,276
7,theverge_666,1,Yes,SELL OR SHARE MY PERSONAL INFO| 1/1,Yes,Yes,Do not sell or share my personal information,666
8,org_396,1,Yes,ellor share my personalinformation| 1/1,Yes,Yes,Do not sell or share my personal information,396
9,medicinenet_69,1,Yes,Do Not Sell My Personal Information| 1/1,Yes,Yes,Do not sell my personal information,69
10,burlington_378,1,Yes,ell or Share My Personal Information| 1/1,Yes,Yes,Do not sell or share my personal information,378
11,wsj_1017,1,Yes,ell or Share My Personal Information| 1/1,Yes,Yes,Do not sell or share my personal information,1017
12,space_446,1,Yes,Do not sell my info Wi,Yes,Yes,Do not sell my personal information,446
13,nbcnews_169,1,Yes,TSELL MY PERSONAL INFORMATION| 1/1,Yes,Yes,Do not sell my personal information,169
14,marieclaire_862,1,Yes,"DO NOTSELL MY INFO| ""1",Yes,Yes,Do not sell my personal information,862
15,grubhub_18,1,Yes,Do Not Sell My information| Wi,Yes,Yes,Do not sell my personal information,18
16,refinery29_857,1,Yes,Do Not Sell or Share My Info| Wi,Yes,Yes,Do not sell or share my personal information,857
17,latimes_184,1,Yes,ell or Share My Personal Information| 1/1,Yes,Yes,Do not sell or share my personal information,184
18,instyle_865,1,Yes,Do Not Sell My Personal Information| 1/1,Yes,Yes,Do not sell my personal information,865
19,wsj_146,1,Yes,ell or Share My Personal Information| 1/1,Yes,Yes,Do not sell or share my personal information,146
20,com_21,1,Yes,iell or share my personal information| 1/1,Yes,Yes,Do not sell or share my personal information,21
21,niche_1084,1,Yes,Do Not Sell My Personal Information| 1/1,Yes,Yes,Do not sell my personal information,1084
22,salary_926,1,Yes,Do Not Sell or Share My Information| 1/1,Yes,Yes,Do not sell or share my personal information,926
23,inc_1028,1,Yes,"DO NOTSELL MY DATA ""1",Yes,Yes,Do not sell my personal information,1028
24,nbcsports_487,1,Yes,Do Not Sell My Personal Information| 1/1,Yes,Yes,Do not sell my personal information,487
25,livescience_425,1,Yes,Do not sell my info Wi,Yes,Yes,Do not sell my personal information,425
26,walgreens_76,1,Yes,ell or Share My Personal Information| 1/1,Yes,Yes,Do not sell or share my personal information,76
27,victoriassecret_688,1,Yes,ell or Share My Personal Information| 1/1,Yes,Yes,Do not sell or share my personal information,688
28,sparknotes_888,1,Yes,Do Not Sell My Personal Information| 1/1,Yes,Yes,Do not sell my personal information,888
29,offers_303,1,Yes,Do Not Sell My Personal Information| 1/1,Yes,Yes,Do not sell my personal information,303
30,com_141,1,Yes,sHARE MY PERSONAL INFORMATION| 1/1,Yes,Yes,Do not sell or share my personal information,141
31,mcdonalds_39,1,Yes,ell or Share My Personal Information| 1/1,Yes,Yes,Do not sell or share my personal information,39
32,bmwusa_816,1,Yes,Do Not Sell My Personal Information| 1/1,Yes,Yes,Do not sell my personal information,816
33,thedodo_218,1,Yes,ell or Share My Personal Information| 1/1,Yes,Yes,Do not sell or share my personal information,218
34,com_864,1,Yes,Do Not Sell My Personal Information| 1/1,Yes,Yes,Do not sell my personal information,864
35,healthgrades_62,1,Yes,Do Not Sell My Personal Information| 1/1,Yes,Yes,Do not sell my personal information,62
36,subway_40,1,Yes,Do Not Sell My Personal Information| 1/1,Yes,Yes,Do not sell my personal information,40
37,last_982,1,Yes,Do Not Sell My Personal Information| 1/1,Yes,Yes,Do not sell my personal information,982
38,autodesk_445,1,Yes,iell or share my personal information| 1/1,Yes,Yes,Do not sell or share my personal information,445
39,dsw_759,1,Yes,ell or Share My Personal Information| 1/1,Yes,Yes,Do not sell or share my personal information,759
40,cbssports_505,1,Yes,TSELL MY PERSONAL INFORMATION| 1/1,Yes,Yes,Do not sell my personal information,505
41,southwest_537,1,Yes,tSell/Share My Personal Information| 1/1,Yes,Yes,Do not sell or share my personal information,537
42,dice_904,1,Yes,Do Not Sell My Personal Information| 1/1,Yes,Yes,Do not sell my personal information,904
43,footlocker_689,1,Yes,ell or Share my Personal Information| 1/1,Yes,Yes,Do not sell or share my personal information,689
44,vividseats_994,1,Yes,Do Not Sell or Share My Information| 1/1,Yes,Yes,Do not sell or share my personal information,994
45,marthastewart_13,1,Yes,californi nM,Yes,Yes,California residents: do not sell my info,13
46,hobbylobby_130,1,Yes,ell or Share My Personal Information| 1/1,Yes,Yes,Do not sell or share my personal information,130
47,addresses_280,1,Yes,Do not sell my info Wi,Yes,Yes,Do not sell my personal information,280
48,dailywire_142,1,Yes,ell or Share My Personal Information| 1/1,Yes,Yes,Do not sell or share my personal information,142
49,com_967,1,Yes,Do Not Sell My Personal Information| 1/1,Yes,Yes,Do not sell my personal information,967
50,medscape_71,1,Yes,Do Not Sell My Personal Information| 1/1,Yes,Yes,Do not sell my personal information,71
51,cdw_613,1,Yes,sonal Information - Currently Sharing] 1/1,Yes,Yes,Do not sell or share my personal information,613
52,kobo_252,1,Yes,Information (Personal Data Opt-out)| 1/1,Yes,Yes,Do not sell or share my personal information,252
53,whirlpool_602,1,Yes,ell Or Share My Personal Information| 1/1,Yes,Yes,Do not sell or share my personal information,602
54,macys_357,1,Yes,ell or Share My Personal Information| 1/1,Yes,Yes,Do not sell or share my personal information,357
55,glasses_775,1,Yes,Do Not Sell My Personal Information| 1/1,Yes,Yes,Do not sell my personal information,775
56,curbed_126,1,Yes,sHARE MY PERSONAL INFORMATION| 1/1,Yes,Yes,Do not sell or share my personal information,126
57,treehugger_116,1,Yes,Do Not Sell My Personal Information| 1/1,Yes,Yes,Do not sell my personal information,116
58,victoriassecret_721,1,Yes,ell or Share My Personal Information| 1/1,Yes,Yes,Do not sell or share my personal information,721
59,retailmenot_296,1,Yes,Do Not Sell My Personal infomation| 1/1,Yes,Yes,Do not sell my personal information,296
60,groupon_294,2-Apr,Check,ell or Share My Personal information| 1/2,Yes,Yes,Do not sell or share my personal information,294
61,astrology_382,1,Yes,"DO NOTSELL MY INFO| ""1",Yes,Yes,Do not sell my personal information,382
62,colehaan_766,1,Yes,Do not sell my info Wi,Yes,Yes,Do not sell my personal information,766
63,active_493,13,Yes,Do Not Sell My Personal information| 1/3,Yes,Yes,Do not sell my personal information,493
64,com_166,1,Yes,Do Not Sell My Personal Information| 1/1,Yes,Yes,Do not sell my personal information,166
65,com_482,1,Yes,ellor share my personalinformation| 1/1,Yes,Yes,Do not sell or share my personal information,482
66,avast_631,1,Yes,Do not sell my info Wi,Yes,Yes,Do not sell my personal information,631
67,com_217,1,Yes,ellor share my personalinformation| 1/1,Yes,Yes,Do not sell or share my personal information,217
68,ray-ban_768,1,Yes,TSELL MY PERSONAL INFORMATION| 1/1,Yes,Yes,Do not sell my personal information,768
69,com_1027,1,Yes,tSell/Share My Personal Information| 1/1,Yes,Yes,Do not sell or share my personal information,1027
70,bizrate_312,1,Yes,Do Not Sell My Personal Information| 1/1,Yes,Yes,Do not sell my personal information,312
71,zulily_300,1,Yes,ell or Share My Personal Information| 1/1,Yes,Yes,Do not sell or share my personal information,300
72,politico_160,1,Yes,Do not sell my info Wi,Yes,Yes,Do not sell my personal information,160
73,boatshop24_833,1,Yes,Do Not Sell My Personal Information| 1/1,Yes,Yes,Do not sell my personal information,833
74,shop_321,1,Yes,Do Not Sell My information| Wi,Yes,Yes,Do not sell my personal information,321
75,abt_603,1,Yes,Do Not Sell My Personal Information| 1/1,Yes,Yes,Do not sell my personal information,603
76,sunglasshut_769,1,Yes,Do Not Sell My Personal Information| 1/1,Yes,Yes,Do not sell my personal information,769
77,redbubble_97,1,Yes,Do not sell my personal information| 1/1,Yes,Yes,Do not sell my personal information,97
78,marketwatch_1058,1,Yes,ell or Share My Personal Information| 1/1,Yes,Yes,Do not sell or share my personal information,1058
79,truecar_798,1,Yes,Do Not Sell My Personal Information| 1/1,Yes,Yes,Do not sell my personal information,798
80,groupon_356,2-Apr,Check,ell or Share My Personal information| 1/2,Yes,Yes,Do not sell or share my personal information,356
81,haggar_755,1,Yes,ell or Share My Personal Information| 1/1,Yes,Yes,Do not sell or share my personal information,755
82,webqc_421,1,Yes,Do Not Sell My Personal Information| 1/1,Yes,Yes,Do not sell my personal information,421
83,lowes_359,1,Yes,tSell/Share My Personal Information| 1/1,Yes,Yes,Do not sell or share my personal information,359
84,cinemark_991,1,Yes,Do Not Sell My Personal Information| 1/1,Yes,Yes,Do not sell my personal information,991
85,com_253,,Check,"ot sell]

o/o",Yes,No,,253
86,oracle_656,1,Yes,Do Not Sell My Info| Wi,Yes,Yes,Do not sell my personal information,656
87,net_358,1,Yes,Do Not Sell My Personal Information| 1/1,Yes,Yes,Do not sell my personal information,358
88,boattrader_834,1,Yes,Do Not Sell My Personal Information| 1/1,Yes,Yes,Do not sell my personal information,834
89,trycaviar_24,1,Yes,ell or Share My Personal Information| 1/1,Yes,Yes,Do not sell or share my personal information,24
90,livecareer_934,1,Yes,Do Not Sell or Share My Info| Wi,Yes,Yes,Do not sell or share my personal information,934
91,airfarewatchdog_564,,Check,,Yes,No,,564
92,kohls_364,1,Yes,sHARE MY PERSONAL INFORMATION| 1/1,Yes,Yes,Do not sell or share my personal information,364
93,ipsy_855,1,Yes,Do Not Sell] Wi,Yes,Yes,Do not sell my personal information,855
94,racked_876,1,Yes,o Not Sell or Share My Personal nfo| 1/1,Yes,Yes,Do not sell or share my personal information,876
95,fossil_709,1,Yes,Do Not Sell My Info| Wi,Yes,Yes,Do not sell my personal information,709
96,nydailynews_180,1,Yes,tSell/Share My Personal Information| 1/1,Yes,Yes,Do not sell or share my personal information,180
97,chegg_233,1,Yes,"DO NOTSELL MY INFO| ""1",Yes,Yes,Do not sell my personal information,233
98,ihg_572,2-Apr,Check,ell or Share My Personal information| 1/2,Yes,Yes,Do not sell or share my personal information,572
99,dailykos_164,1,Yes,Do Not Sell My Info| Wi,Yes,Yes,Do not sell my personal information,164
100,boattrader_289,1,Yes,Do Not Sell My Personal Information| 1/1,Yes,Yes,Do not sell my personal information,289
101,microcenter_622,1,Yes,Do Not Sell My information| Wi,Yes,Yes,Do not sell my personal information,622
102,vw_824,1,Yes,ell or Share My Personal Information| 1/1,Yes,Yes,Do not sell or share my personal information,824
103,jetblue_542,1,Yes,Do not sell my info Wi,Yes,Yes,Do not sell my personal information,542
104,com_632,1,Yes,3ell My Personal Information request] 1/1,Yes,Yes,Do not sell my personal information,632
105,norton_629,1,Yes,to Not Sell or Share My Personal Data|_ 1/1,Yes,Yes,Do not sell or share my personal information,629
106,racked_845,1,Yes,o Not Sell or Share My Personal nfo| 1/1,Yes,Yes,Do not sell or share my personal information,845
107,com_93,1,Yes,ellor share my personalinformation| 1/1,Yes,Yes,Do not sell or share my personal information,93
108,seriouseats_5,1,Yes,Do Not Sell My Personal Information| 1/1,Yes,Yes,Do not sell my personal information,5
109,snagajob_924,1,Yes,ell or Share My Personal Information| 1/1,Yes,Yes,Do not sell or share my personal information,924
110,lufthansa_550,1,Yes,CCPA / Do Not Sell My Info| Wi,Yes,Yes,Do not sell my personal information,550
111,economist_1029,1,Yes,Do Not Sell My Personal Information| 1/1,Yes,Yes,Do not sell my personal information,1029
112,scholastic_235,1,Yes,Do Not Sell My Info| Wi,Yes,Yes,Do not sell my personal information,235
113,espn_499,2-Apr,Check,ell or Share My Personal information| 1/2,Yes,Yes,Do not sell or share my personal information,499
114,webqc_420,1,Yes,Do Not Sell My Personal Information| 1/1,Yes,Yes,Do not sell my personal information,420
115,digitaltrends_670,1,Yes,Do Not Sell or Share My Information| 1/1,Yes,Yes,Do not sell or share my personal information,670
116,thecarconnection_801,1,Yes,Do Not Sell My Personal Information| 1/1,Yes,Yes,Do not sell my personal information,801
117,com_325,1,Yes,Do Not Sell My Personal Information| 1/1,Yes,Yes,Do not sell my personal information,325
118,hm_687,1,Yes,Â© Not Sell Or Share My Personal Data| 1/1,Yes,Yes,Do not sell or share my personal information,687
119,bloomingdales_372,1,Yes,ell or Share My Personal Information| 1/1,Yes,Yes,Do not sell or share my personal information,372
120,berries_31,1,Yes,Do Not Sell My Personal Information| 1/1,Yes,Yes,Do not sell my personal information,31
121,sbnation_507,1,Yes,o Not Sell or Share My Personal nfo| 1/1,Yes,Yes,Do not sell or share my personal information,507
122,petfinder_205,1,Yes,sHARE MY PERSONAL INFORMATION| 1/1,Yes,Yes,Do not sell or share my personal information,205
123,com_148,1,Yes,CA: Do Not Sell My Info| Wi,Yes,Yes,California residents: do not sell my info,148
124,thrillist_8,1,Yes,ell or Share My Personal Information| 1/1,Yes,Yes,Do not sell or share my personal information,8
125,lg_594,1,Yes,ell or Share My Personal Information| 1/1,Yes,Yes,Do not sell or share my personal information,594
126,panasonic_596,1,Yes,Do Not Sell My Datal Wi,Yes,Yes,Do not sell my personal information,596
127,cnet_664,1,Yes,ell or Share My Personal Information| 1/1,Yes,Yes,Do not sell or share my personal information,664
128,allrecipes_1089,1,Yes,Do Not Sell My Personal Information| 1/1,Yes,Yes,Do not sell my personal information,1089
129,com_301,1,Yes,Do not sell my personal information| 1/1,Yes,Yes,Do not sell my personal information,301
130,samsung_597,1,Yes,ell or Share My Personal information| 1/1,Yes,Yes,Do not sell or share my personal information,597
131,glassesusa_720,1,Yes,ell or Share My Personal Information| 1/1,Yes,Yes,Do not sell or share my personal information,720
132,jdpower_800,1,Yes,Do Not Sell or Share My Information| 1/1,Yes,Yes,Do not sell or share my personal information,800
133,geappliances_599,1,Yes,ell Or Share My Personal Information| 1/1,Yes,Yes,Do not sell or share my personal information,599
134,southernliving_591,1,Yes,Do Not Sell My Personal Information| 1/1,Yes,Yes,Do not sell my personal information,591
135,cnbc_1022,1,Yes,Do Not Sell My Personal Information| 1/1,Yes,Yes,Do not sell my personal information,1022
136,nflshop_490,1,Yes,ell or Share My Personal Information| 1/1,Yes,Yes,Do not sell or share my personal information,490
137,toptenreviews_677,1,Yes,Do not sell my info Wi,Yes,Yes,Do not sell my personal information,677
138,eset_635,1,Yes,iell or share my personal information| 1/1,Yes,Yes,Do not sell or share my personal information,635
139,salliemae_1086,1,Yes,iell or share my personal information| 1/1,Yes,Yes,Do not sell or share my personal information,1086
140,jimmyjohns_43,1,Yes,Do Not Sell My Info| Wi,Yes,Yes,Do not sell my personal information,43
141,katespade_715,1,Yes,SELL OR SHARE MY PERSONAL INFO| 1/1,Yes,Yes,Do not sell or share my personal information,715
142,pandora_703,1,Yes,ell or Share My Personal Information| 1/1,Yes,Yes,Do not sell or share my personal information,703
143,lifeandstylemag_872,1,Yes,Do Not Sell] Wi,Yes,Yes,Do not sell my personal information,872
144,eater_7,1,Yes,o Not Sell or Share My Personal nfo| 1/1,Yes,Yes,Do not sell or share my personal information,7
145,cargurus_792,1,Yes,Do Not Sell My Personal Information| 1/1,Yes,Yes,Do not sell my personal information,792
146,yachtworld_836,1,Yes,Do Not Sell My Personal Information| 1/1,Yes,Yes,Do not sell my personal information,836
147,biomedcentral_402,1,Yes,Manage cookies/Do not sell my data|_ 1/1,Yes,Yes,Do not sell my personal information,402
148,net_311,1,Yes,Do Not Sell My Personal Information| 1/1,Yes,Yes,Do not sell my personal information,311
149,careerbuilder_925,1,Yes,Do Not Sell My Personal Information| 1/1,Yes,Yes,Do not sell my personal information,925
150,everydayhealth_87,1,Yes,Do Not Sell My Personal Information| 1/1,Yes,Yes,Do not sell my personal information,87
151,hotwire_556,1,Yes,Do Not Sell My Personal Information| 1/1,Yes,Yes,Do not sell my personal information,556
152,com_1026,1,Yes,Do Not Sell My Personal Information| 1/1,Yes,Yes,Do not sell my personal information,1026
153,weightwatchers_54,1,Yes,Do Not Sell My Personal Info| Wi,Yes,Yes,Do not sell my personal information,54
154,officedepot_135,1,Yes,Do Not Sell My Personal Information| 1/1,Yes,Yes,Do not sell my personal information,135
155,ulta_838,1,Yes,Do Not Sell My Personal Information| 1/1,Yes,Yes,Do not sell my personal information,838
156,jcpenney_365,1,Yes,Do Not Sell My Personal Information| 1/1,Yes,Yes,Do not sell my personal information,365
157,1stdibs_98,1,Yes,Do Not Sell My Info| Wi,Yes,Yes,Do not sell my personal information,98
158,consumerreports_675,1,Yes,ell or Share My Personal Information| 1/1,Yes,Yes,Do not sell or share my personal information,675
159,nytimes_159,1,Yes,tSell/Share My Personal Information| 1/1,Yes,Yes,Do not sell or share my personal information,159
160,sunsigns_395,1,Yes,Do Not Sell My Info| Wi,Yes,Yes,Do not sell my personal information,395
161,livenation_993,1,Yes,ell or Share My Personal Information| 1/1,Yes,Yes,Do not sell or share my personal information,993
162,homedepot_353,1,Yes,ell or Share My Personal Information| 1/1,Yes,Yes,Do not sell or share my personal information,353
163,kickstarter_186,1,Yes,Do Not Sell My Personal Information| 1/1,Yes,Yes,Do not sell my personal information,186
164,staples_136,1,Yes,ell or Share My Personal Information| 1/1,Yes,Yes,Do not sell or share my personal information,136
165,kayak_552,1,Yes,Do Not Sell or Share My Info| Wi,Yes,Yes,Do not sell or share my personal information,552
166,vox_680,1,Yes,o Not Sell or Share My Personal nfo| 1/1,Yes,Yes,Do not sell or share my personal information,680
167,hilton_571,1,Yes,Do Not Sell My Personal Information| 1/1,Yes,Yes,Do not sell my personal information,571
168,netflix_959,1,Yes,ell or Share My Personal Information| 1/1,Yes,Yes,Do not sell or share my personal information,959
169,doordash_22,1,Yes,ell or Share My Personal Information| 1/1,Yes,Yes,Do not sell or share my personal information,22
170,com_255,1,Yes,Do not sell my personal information| 1/1,Yes,Yes,Do not sell my personal information,255
171,forbes_1054,1,Yes,ell or Share My Personal Information| 1/1,Yes,Yes,Do not sell or share my personal information,1054
172,governmentjobs_933,1,Yes,Do not sell my personal information| 1/1,Yes,Yes,Do not sell my personal information,933
173,d2l_454,1,Yes,Do Not Sell My Pl Wi,Yes,Yes,Do not sell my personal information,454
174,timeout_580,1,Yes,Do not sell my information| Wi,Yes,Yes,Do not sell my personal information,580
175,org_1077,1,Yes,Do Not Sell My Personal Information| 1/1,Yes,Yes,Do not sell my personal information,1077
176,citi_1046,1,Yes,ell or Share My Personal Information| 1/1,Yes,Yes,Do not sell or share my personal information,1046
177,zulily_702,1,Yes,ell or Share My Personal Information| 1/1,Yes,Yes,Do not sell or share my personal information,702
178,subaru_823,1,Yes,ell or Share My Personal Information| 1/1,Yes,Yes,Do not sell or share my personal information,823
179,tomshardware_665,1,Yes,Do not sell my info Wi,Yes,Yes,Do not sell my personal information,665
180,codecademy_944,1,Yes,Do Not Sell My Personal Information| 1/1,Yes,Yes,Do not sell my personal information,944
181,statefarm_1063,2-Feb,Check,onal Information (CA residents only)|_ 2/2,Yes,Yes,Do not sell or share my personal information(CA residents only),1063
182,cengage_261,1,Yes,DO NOTSELL Wi,Yes,Yes,Do not sell my personal information,261
183,ae_700,1,Yes,ell or Share My Personal Information| 1/1,Yes,Yes,Do not sell or share my personal information,700
184,audiusa_820,1,Yes,ell or Share My Personal Information| 1/1,Yes,Yes,Do not sell or share my personal information,820
185,go_163,1,Yes,ell or Share My Personal Information| 1/1,Yes,Yes,Do not sell or share my personal information,163
186,cars_795,1,Yes,Do Not Sell My Personal Information| 1/1,Yes,Yes,Do not sell my personal information,795
187,backyardchickens_214,1,Yes,ellor share my personalinformation| 1/1,Yes,Yes,Do not sell or share my personal information,214
188,avg_628,1,Yes,Do not sell my info Wi,Yes,Yes,Do not sell my personal information,628
189,oreilly_258,1,Yes,TSELL MY PERSONAL INFORMATION| 1/1,Yes,Yes,Do not sell my personal information,258
190,org_176,1,Yes,ellor share my personalinformation| 1/1,Yes,Yes,Do not sell or share my personal information,176
191,webmd_66,1,Yes,Do Not Sell My Personal Information| 1/1,Yes,Yes,Do not sell my personal information,66
192,worldmarket_111,1,Yes,ell or Share My Personal Information| 1/1,Yes,Yes,Do not sell or share my personal information,111
193,blackboard_880,1,Yes,Do Not Sell My Pl Wi,Yes,Yes,Do not sell my personal information,880
194,3wishes_733,1,Yes,Do not sell my personal information| 1/1,Yes,Yes,Do not sell my personal information,733
195,angi_274,1,Yes,Do Not Sell] Wi,Yes,Yes,Do not sell my personal information,274
196,thrillist_579,1,Yes,ell or Share My Personal Information| 1/1,Yes,Yes,Do not sell or share my personal information,579
197,rxlist_78,1,Yes,Do Not Sell My Personal Information| 1/1,Yes,Yes,Do not sell my personal information,78
198,horoscope_380,1,Yes,Do Not Sell My Info| Wi,Yes,Yes,Do not sell my personal information,380
199,bestbuy_593,1,Yes,tSell/Share My Personal Information| 1/1,Yes,Yes,Do not sell or share my personal information,593
200,choicehotels_576,1,Yes,Do Not Sell My Personal Information| 1/1,Yes,Yes,Do not sell my personal information,576
201,craftsy_132,1,Yes,Do Not Sell My Info| Wi,Yes,Yes,Do not sell my personal information,132
202,com_293,1,Yes,Do Not Sell My information| Wi,Yes,Yes,Do not sell my personal information,293
203,kbb_790,1,Yes,Do Not Sell My Personal Information| 1/1,Yes,Yes,Do not sell my personal information,790
204,dailymail_178,1,Yes,iell or share my personal information| 1/1,Yes,Yes,Do not sell or share my personal information,178
205,adobe_647,,Check,1 share my personal information| 1/1,Yes,Yes,Do not sell or share my personal information,647
206,imore_671,1,Yes,Do not sell my info Wi,Yes,Yes,Do not sell my personal information,671
207,myrecipes_9,1,Yes,californi nM,Yes,Yes,California residents: do not sell my info,9
208,com_737,1,Yes,Do not sell my personal information| 1/1,Yes,Yes,Do not sell my personal information,737
209,homeadvisor_275,1,Yes,Do Not Sell] Wi,Yes,Yes,Do not sell my personal information,275
210,yandy_722,1,Yes,ell or Share My Personal Information| 1/1,Yes,Yes,Do not sell or share my personal information,722
211,travelandleisure_582,1,Yes,Do Not Sell My Personal Information| 1/1,Yes,Yes,Do not sell my personal information,582
212,skyscanner_555,1,Yes,Do Not Sell My Personal Information| 1/1,Yes,Yes,Do not sell my personal information,555
213,bestbuy_351,1,Yes,tSell/Share My Personal Information| 1/1,Yes,Yes,Do not sell or share my personal information,351
214,tarot_387,1,Yes,Do Not Sell My Personal Information| 1/1,Yes,Yes,Do not sell my personal information,387
215,theblaze_150,1,Yes,ell or Share My Personal Information| 1/1,Yes,Yes,Do not sell or share my personal information,150
216,cabelas_368,1,Yes,ell Or Share My Personal Information| 1/1,Yes,Yes,Do not sell or share my personal information,368
217,progressive_1066,1,Yes,onal Information (CA Residents Only)| 1/1,Yes,Yes,Do not sell or share my personal information(CA residents only),1066
218,maccosmetics_844,1,Yes,NALINFORMATION / TARGETED ADS| 1/1,Yes,Yes,Do not sell or share my personal information,844
219,avira_636,1,Yes,to Not Sell or Share My Personal Data|_ 1/1,Yes,Yes,Do not sell or share my personal information,636
220,olivegarden_41,1,Yes,ell or Share My Personal Information| 1/1,Yes,Yes,Do not sell or share my personal information,41
221,nissanusa_812,1,Yes,Do Not Sell My Personal Information| 1/1,Yes,Yes,Do not sell my personal information,812
222,shape_88,1,Yes,Do Not Sell My Personal Information| 1/1,Yes,Yes,Do not sell my personal information,88
223,ralphlauren_704,1,Yes,Do Not Sell My Personal Information| 1/1,Yes,Yes,Do not sell my personal information,704
224,tacobell_44,1,Yes,ell or Share My Personal Information| 1/1,Yes,Yes,Do not sell or share my personal information,44
225,vistaprint_137,1,Yes,Do not sell my info Wi,Yes,Yes,Do not sell my personal information,137
226,theatlantic_167,1,Yes,ell Or Share My Personal Information| 1/1,Yes,Yes,Do not sell or share my personal information,167
227,chegg_892,1,Yes,"DO NOTSELL MY INFO| ""1",Yes,Yes,Do not sell my personal information,892
228,huffpost_158,1,Yes,sHARE MY PERSONAL INFORMATION| 1/1,Yes,Yes,Do not sell or share my personal information,158
229,venus_723,1,Yes,\-DO NOTSELL MY PERSONAL INFO| 1/1,Yes,Yes,Do not sell my personal information,723
230,biglots_110,1,Yes,Customers Only: Do Not Sell My Info| 1/1,Yes,Yes,Do not sell my personal information,110
231,everydayhealth_74,1,Yes,"Do Not Sel ""1",Yes,Yes,Do not sell my personal information,74
232,underarmour_758,1,Yes,Do Not Sell My Personal Information| 1/1,Yes,Yes,Do not sell my personal information,758
233,forbes_1015,1,Yes,ell or Share My Personal Information| 1/1,Yes,Yes,Do not sell or share my personal information,1015
234,carmax_796,1,Yes,Do Not Sell or Share My Information| 1/1,Yes,Yes,Do not sell or share my personal information,796
235,rakuten_299,1,Yes,Information / Personal Data Opt-out] 1/1,Yes,Yes,Do not sell or share my personal information,299
236,seamless_19,1,Yes,Do Not Sell My information| Wi,Yes,Yes,Do not sell my personal information,19
237,com_481,1,Yes,ellor share my personalinformation| 1/1,Yes,Yes,Do not sell or share my personal information,481
238,citi_1041,1,Yes,ell or Share My Personal Information| 1/1,Yes,Yes,Do not sell or share my personal information,1041
239,edmunds_791,1,Yes,ell or Share My Personal Information| 1/1,Yes,Yes,Do not sell or share my personal information,791
240,dollardays_334,1,Yes,Do Not Sell My information| Wi,Yes,Yes,Do not sell my personal information,334
241,keurig_598,1,Yes,ell or Share My Personal Information| 1/1,Yes,Yes,Do not sell or share my personal information,598
242,myfitnesspal_52,1,Yes,Do Not Sell My Personal Information| 1/1,Yes,Yes,Do not sell my personal information,52
243,edx_942,1,Yes,Do Not Sell My Personal Information| 1/1,Yes,Yes,Do not sell my personal information,942
244,riteaid_80,1,Yes,ell or Share My Personal Information| 1/1,Yes,Yes,Do not sell or share my personal information,80
245,rakuten_316,1,Yes,Information / Personal Data Opt-out] 1/1,Yes,Yes,Do not sell or share my personal information,316
246,oakley_771,1,Yes,Do not sell my personal information| 1/1,Yes,Yes,Do not sell my personal information,771
247,marthastewart_123,1,Yes,"Califo

""1",Yes,Yes,California residents: do not sell my info,123
248,autobytel_804,1,Yes,Do Not Sell My information| Wi,Yes,Yes,Do not sell my personal information,804
249,mysimon_319,1,Yes,Do Not Sell My Personal Information| 1/1,Yes,Yes,Do not sell my personal information,319
250,bbc_962,1,Yes,AdChoices / Do Not Sell My Info| Wi,Yes,Yes,Do not sell my personal information,962
251,mbusa_813,1,Yes,Do Not Sell My Personal Information| 1/1,Yes,Yes,Do not sell my personal information,813
252,com_152,1,Yes,Do Not Sell My information| Wi,Yes,Yes,Do not sell my personal information,152
253,com_99,1,Yes,Do Not Sell My Personal Information| 1/1,Yes,Yes,Do not sell my personal information,99
254,publishersweekly_238,1,Yes,Do Not Sell] Wi,Yes,Yes,Do not sell my personal information,238
255,saatchiart_104,1,Yes,Do Not Sell My Personal Information| 1/1,Yes,Yes,Do not sell my personal information,104
256,hillspet_198,1,Yes,Do Not Sell My Personal Information| 1/1,Yes,Yes,Do not sell my personal information,198
257,fashionbeans_859,1,Yes,ellor share my personalinformation| 1/1,Yes,Yes,Do not sell or share my personal information,859
258,onetravel_566,1,Yes,Do Not Sell My Personal Information| 1/1,Yes,Yes,Do not sell my personal information,566
259,treehugger_428,1,Yes,Do Not Sell My Personal Information| 1/1,Yes,Yes,Do not sell my personal information,428
260,biglots_375,1,Yes,Customers Only: Do Not Sell My Info| 1/1,Yes,Yes,Do not sell my personal information,375
261,dogster_215,1,Yes,DO NOTSELL MY INFORMATION| 1,Yes,Yes,Do not sell my personal information,215
262,space_381,1,Yes,Do not sell my info Wi,Yes,Yes,Do not sell my personal information,381
263,net_295,1,Yes,Do Not Sell My Personal Information| 1/1,Yes,Yes,Do not sell my personal information,295
264,nytimes_177,1,Yes,tSell/Share My Personal Information| 1/1,Yes,Yes,Do not sell or share my personal information,177
265,tiffany_719,1,Yes,Do Not Sell My Personal Information| 1/1,Yes,Yes,Do not sell my personal information,719
266,mapmyrun_498,1,Yes,Do Not Sell My Personal Information| 1/1,Yes,Yes,Do not sell my personal information,498
267,glassdoor_919,1,Yes,Do Not Sell Or Share My Information| 1/1,Yes,Yes,Do not sell or share my personal information,919
268,yellowpages_269,1,Yes,Do Not Sell My Personal Information| 1/1,Yes,Yes,Do not sell my personal information,269
269,innerbody_403,1,Yes,Do Not Sell My Info| Wi,Yes,Yes,Do not sell my personal information,403
270,bhg_125,1,Yes,Do Not Sell My Personal Information| 1/1,Yes,Yes,Do not sell my personal information,125
271,grubhub_17,1,Yes,Do Not Sell My information| Wi,Yes,Yes,Do not sell my personal information,17
272,com_179,1,Yes,sHARE MY PERSONAL INFORMATION| 1/1,Yes,Yes,Do not sell or share my personal information,179
273,cheapoair_557,1,Yes,Do Not Sell My Personal Information| 1/1,Yes,Yes,Do not sell my personal information,557
274,josbank_738,1,Yes,sHARE MY PERSONAL INFORMATION| 1/1,Yes,Yes,Do not sell or share my personal information,738
275,volvocars_826,1,Yes,ell or Share My Personal Information| 1/1,Yes,Yes,Do not sell or share my personal information,826
276,gardeningknowhow_115,1,Yes,ellor share my personalinformation| 1/1,Yes,Yes,Do not sell or share my personal information,115
277,us_302,1,Yes,sHARE MY PERSONAL INFORMATION| 1/1,Yes,Yes,Do not sell or share my personal information,302
278,greatclips_850,1,Yes,ell or Share My Personal Information| 1/1,Yes,Yes,Do not sell or share my personal information,850
